farm,asv_id,membership
UK1,ASV_00001,2
UK1,ASV_00002,4
UK1,ASV_00005,4
UK1,ASV_00008,3
UK1,ASV_00009,3
UK1,ASV_00010,4
UK1,ASV_00011,3
UK1,ASV_00012,3
UK1,ASV_00013,2
UK1,ASV_00014,4
UK1,ASV_00015,4
UK1,ASV_00016,4
UK1,ASV_00017,2
UK1,ASV_00018,4
UK1,ASV_00019,3
UK1,ASV_00021,4
UK1,ASV_00023,3
UK1,ASV_00024,7
UK1,ASV_00025,2
UK1,ASV_00026,4
UK1,ASV_00028,3
UK1,ASV_00029,3
UK1,ASV_00030,7
UK1,ASV_00031,4
UK1,ASV_00032,7
UK1,ASV_00033,3
UK1,ASV_00034,7
UK1,ASV_00035,3
UK1,ASV_00036,4
UK1,ASV_00037,2
UK1,ASV_00038,2
UK1,ASV_00039,4
UK1,ASV_00041,2
UK1,ASV_00042,7
UK1,ASV_00043,2
UK1,ASV_00044,7
UK1,ASV_00045,7
UK1,ASV_00046,2
UK1,ASV_00047,2
UK1,ASV_00048,4
UK1,ASV_00049,7
UK1,ASV_00050,7
UK1,ASV_00051,7
UK1,ASV_00052,4
UK1,ASV_00053,7
UK1,ASV_00054,7
UK1,ASV_00055,7
UK1,ASV_00056,15
UK1,ASV_00057,7
UK1,ASV_00058,4
UK1,ASV_00059,15
UK1,ASV_00060,15
UK1,ASV_00061,4
UK1,ASV_00062,3
UK1,ASV_00063,15
UK1,ASV_00064,2
UK1,ASV_00065,2
UK1,ASV_00066,15
UK1,ASV_00068,15
UK1,ASV_00069,4
UK1,ASV_00070,7
UK1,ASV_00071,15
UK1,ASV_00072,15
UK1,ASV_00073,2
UK1,ASV_00074,2
UK1,ASV_00075,2
UK1,ASV_00076,15
UK1,ASV_00078,16
UK1,ASV_00079,16
UK1,ASV_00080,15
UK1,ASV_00081,15
UK1,ASV_00082,2
UK1,ASV_00083,15
UK1,ASV_00084,16
UK1,ASV_00085,15
UK1,ASV_00086,7
UK1,ASV_00087,15
UK1,ASV_00088,7
UK1,ASV_00089,7
UK1,ASV_00090,15
UK1,ASV_00091,16
UK1,ASV_00092,15
UK1,ASV_00093,16
UK1,ASV_00094,15
UK1,ASV_00095,3
UK1,ASV_00096,7
UK1,ASV_00097,15
UK1,ASV_00098,2
UK1,ASV_00099,2
UK1,ASV_00100,15
UK1,ASV_00101,16
UK1,ASV_00102,16
UK1,ASV_00103,16
UK1,ASV_00104,15
UK1,ASV_00105,15
UK1,ASV_00106,16
UK1,ASV_00107,16
UK1,ASV_00108,16
UK1,ASV_00109,16
UK1,ASV_00110,16
UK1,ASV_00111,2
UK1,ASV_00112,16
UK1,ASV_00113,15
UK1,ASV_00115,17
UK1,ASV_00116,15
UK1,ASV_00117,16
UK1,ASV_00118,17
UK1,ASV_00119,15
UK1,ASV_00120,16
UK1,ASV_00121,17
UK1,ASV_00122,2
UK1,ASV_00123,17
UK1,ASV_00125,16
UK1,ASV_00126,17
UK1,ASV_00127,16
UK1,ASV_00128,15
UK1,ASV_00129,16
UK1,ASV_00130,8
UK1,ASV_00131,15
UK1,ASV_00132,8
UK1,ASV_00133,8
UK1,ASV_00134,17
UK1,ASV_00135,17
UK1,ASV_00136,10
UK1,ASV_00137,16
UK1,ASV_00138,10
UK1,ASV_00139,10
UK1,ASV_00140,10
UK1,ASV_00141,8
UK1,ASV_00142,8
UK1,ASV_00143,17
UK1,ASV_00144,13
UK1,ASV_00145,13
UK1,ASV_00146,10
UK1,ASV_00147,8
UK1,ASV_00148,8
UK1,ASV_00149,10
UK1,ASV_00151,10
UK1,ASV_00152,8
UK1,ASV_00153,17
UK1,ASV_00154,13
UK1,ASV_00155,13
UK1,ASV_00156,8
UK1,ASV_00157,10
UK1,ASV_00158,13
UK1,ASV_00159,8
UK1,ASV_00160,8
UK1,ASV_00161,10
UK1,ASV_00162,13
UK1,ASV_00163,8
UK1,ASV_00164,10
UK1,ASV_00165,13
UK1,ASV_00166,8
UK1,ASV_00167,10
UK1,ASV_00168,13
UK1,ASV_00169,8
UK1,ASV_00170,10
UK1,ASV_00171,10
UK1,ASV_00172,10
UK1,ASV_00173,8
UK1,ASV_00174,17
UK1,ASV_00176,8
UK1,ASV_00177,10
UK1,ASV_00180,10
UK1,ASV_00181,10
UK1,ASV_00182,8
UK1,ASV_00183,10
UK1,ASV_00184,8
UK1,ASV_00185,17
UK1,ASV_00186,10
UK1,ASV_00187,8
UK1,ASV_00188,8
UK1,ASV_00189,10
UK1,ASV_00190,17
UK1,ASV_00191,8
UK1,ASV_00193,8
UK1,ASV_00196,10
UK1,ASV_00197,10
UK1,ASV_00198,10
UK1,ASV_00199,13
UK1,ASV_00200,8
UK1,ASV_00202,8
UK1,ASV_00203,13
UK1,ASV_00205,13
UK1,ASV_00206,10
UK1,ASV_00207,13
UK1,ASV_00208,13
UK1,ASV_00210,5
UK1,ASV_00212,8
UK1,ASV_00213,13
UK1,ASV_00214,13
UK1,ASV_00215,5
UK1,ASV_00216,13
UK1,ASV_00217,10
UK1,ASV_00218,10
UK1,ASV_00219,10
UK1,ASV_00221,19
UK1,ASV_00222,13
UK1,ASV_00223,3
UK1,ASV_00224,5
UK1,ASV_00225,13
UK1,ASV_00227,19
UK1,ASV_00229,19
UK1,ASV_00230,13
UK1,ASV_00231,5
UK1,ASV_00232,10
UK1,ASV_00233,19
UK1,ASV_00235,10
UK1,ASV_00236,5
UK1,ASV_00238,19
UK1,ASV_00239,13
UK1,ASV_00240,10
UK1,ASV_00241,5
UK1,ASV_00242,5
UK1,ASV_00243,19
UK1,ASV_00244,19
UK1,ASV_00245,5
UK1,ASV_00246,19
UK1,ASV_00247,5
UK1,ASV_00249,19
UK1,ASV_00250,19
UK1,ASV_00251,5
UK1,ASV_00253,19
UK1,ASV_00254,19
UK1,ASV_00256,5
UK1,ASV_00257,19
UK1,ASV_00259,19
UK1,ASV_00260,5
UK1,ASV_00261,5
UK1,ASV_00262,5
UK1,ASV_00263,19
UK1,ASV_00264,19
UK1,ASV_00265,3
UK1,ASV_00266,13
UK1,ASV_00267,5
UK1,ASV_00269,19
UK1,ASV_00270,5
UK1,ASV_00272,19
UK1,ASV_00273,19
UK1,ASV_00275,5
UK1,ASV_00276,19
UK1,ASV_00277,5
UK1,ASV_00278,19
UK1,ASV_00279,13
UK1,ASV_00280,19
UK1,ASV_00285,13
UK1,ASV_00286,19
UK1,ASV_00287,19
UK1,ASV_00288,19
UK1,ASV_00289,5
UK1,ASV_00290,1
UK1,ASV_00292,19
UK1,ASV_00293,5
UK1,ASV_00294,19
UK1,ASV_00295,19
UK1,ASV_00296,1
UK1,ASV_00297,5
UK1,ASV_00298,19
UK1,ASV_00299,1
UK1,ASV_00300,1
UK1,ASV_00303,19
UK1,ASV_00304,1
UK1,ASV_00308,19
UK1,ASV_00309,5
UK1,ASV_00310,5
UK1,ASV_00311,5
UK1,ASV_00312,1
UK1,ASV_00313,19
UK1,ASV_00315,5
UK1,ASV_00316,19
UK1,ASV_00318,5
UK1,ASV_00320,19
UK1,ASV_00321,14
UK1,ASV_00323,14
UK1,ASV_00324,1
UK1,ASV_00325,1
UK1,ASV_00326,14
UK1,ASV_00328,1
UK1,ASV_00330,14
UK1,ASV_00331,1
UK1,ASV_00333,1
UK1,ASV_00335,1
UK1,ASV_00336,14
UK1,ASV_00337,1
UK1,ASV_00338,5
UK1,ASV_00340,1
UK1,ASV_00341,5
UK1,ASV_00342,1
UK1,ASV_00345,3
UK1,ASV_00350,1
UK1,ASV_00352,14
UK1,ASV_00354,14
UK1,ASV_00355,1
UK1,ASV_00356,1
UK1,ASV_00359,14
UK1,ASV_00365,1
UK1,ASV_00368,14
UK1,ASV_00369,1
UK1,ASV_00370,1
UK1,ASV_00371,1
UK1,ASV_00373,1
UK1,ASV_00374,14
UK1,ASV_00376,12
UK1,ASV_00377,1
UK1,ASV_00378,1
UK1,ASV_00380,14
UK1,ASV_00381,1
UK1,ASV_00382,1
UK1,ASV_00384,1
UK1,ASV_00385,1
UK1,ASV_00387,1
UK1,ASV_00390,14
UK1,ASV_00391,14
UK1,ASV_00392,12
UK1,ASV_00393,1
UK1,ASV_00394,1
UK1,ASV_00397,1
UK1,ASV_00398,12
UK1,ASV_00399,12
UK1,ASV_00402,1
UK1,ASV_00406,9
UK1,ASV_00410,9
UK1,ASV_00411,9
UK1,ASV_00416,1
UK1,ASV_00421,9
UK1,ASV_00422,14
UK1,ASV_00425,1
UK1,ASV_00426,12
UK1,ASV_00428,12
UK1,ASV_00429,9
UK1,ASV_00430,9
UK1,ASV_00436,12
UK1,ASV_00437,9
UK1,ASV_00442,11
UK1,ASV_00443,11
UK1,ASV_00444,12
UK1,ASV_00445,9
UK1,ASV_00447,9
UK1,ASV_00452,11
UK1,ASV_00454,9
UK1,ASV_00455,9
UK1,ASV_00457,9
UK1,ASV_00458,9
UK1,ASV_00461,11
UK1,ASV_00462,11
UK1,ASV_00463,9
UK1,ASV_00464,11
UK1,ASV_00468,11
UK1,ASV_00471,12
UK1,ASV_00474,12
UK1,ASV_00475,9
UK1,ASV_00476,12
UK1,ASV_00477,12
UK1,ASV_00483,12
UK1,ASV_00486,11
UK1,ASV_00487,12
UK1,ASV_00490,12
UK1,ASV_00493,11
UK1,ASV_00494,12
UK1,ASV_00495,11
UK1,ASV_00499,11
UK1,ASV_00501,9
UK1,ASV_00506,11
UK1,ASV_00507,9
UK1,ASV_00508,20
UK1,ASV_00510,12
UK1,ASV_00511,9
UK1,ASV_00512,12
UK1,ASV_00513,20
UK1,ASV_00517,11
UK1,ASV_00519,11
UK1,ASV_00522,12
UK1,ASV_00524,9
UK1,ASV_00526,11
UK1,ASV_00527,20
UK1,ASV_00528,12
UK1,ASV_00529,11
UK1,ASV_00530,9
UK1,ASV_00537,20
UK1,ASV_00538,12
UK1,ASV_00541,11
UK1,ASV_00542,20
UK1,ASV_00550,9
UK1,ASV_00551,20
UK1,ASV_00554,11
UK1,ASV_00556,20
UK1,ASV_00562,12
UK1,ASV_00564,20
UK1,ASV_00566,20
UK1,ASV_00568,11
UK1,ASV_00569,20
UK1,ASV_00570,11
UK1,ASV_00574,20
UK1,ASV_00576,20
UK1,ASV_00577,12
UK1,ASV_00581,11
UK1,ASV_00584,20
UK1,ASV_00587,11
UK1,ASV_00589,20
UK1,ASV_00591,11
UK1,ASV_00595,11
UK1,ASV_00604,20
UK1,ASV_00607,12
UK1,ASV_00611,18
UK1,ASV_00612,6
UK1,ASV_00615,20
UK1,ASV_00618,18
UK1,ASV_00620,12
UK1,ASV_00622,20
UK1,ASV_00627,12
UK1,ASV_00628,18
UK1,ASV_00635,18
UK1,ASV_00641,18
UK1,ASV_00643,11
UK1,ASV_00651,6
UK1,ASV_00654,11
UK1,ASV_00656,18
UK1,ASV_00657,6
UK1,ASV_00671,20
UK1,ASV_00673,18
UK1,ASV_00679,20
UK1,ASV_00690,20
UK1,ASV_00697,20
UK1,ASV_00700,6
UK1,ASV_00701,12
UK1,ASV_00708,18
UK1,ASV_00721,6
UK1,ASV_00727,6
UK1,ASV_00733,6
UK1,ASV_00736,6
UK1,ASV_00744,18
UK1,ASV_00745,20
UK1,ASV_00751,6
UK1,ASV_00755,6
UK1,ASV_00758,6
UK1,ASV_00769,6
UK1,ASV_00770,18
UK1,ASV_00772,18
UK1,ASV_00778,18
UK1,ASV_00779,18
UK1,ASV_00789,18
UK1,ASV_00806,18
UK1,ASV_00812,20
UK1,ASV_00813,18
UK1,ASV_00814,18
UK1,ASV_00815,18
UK1,ASV_00817,20
UK1,ASV_00819,6
UK1,ASV_00821,18
UK1,ASV_00828,6
UK1,ASV_00832,20
UK1,ASV_00843,20
UK1,ASV_00851,20
UK1,ASV_00852,6
UK1,ASV_00864,6
UK1,ASV_00880,18
UK1,ASV_00881,6
UK1,ASV_00890,6
UK1,ASV_00902,20
UK1,ASV_00912,20
UK1,ASV_00929,18
UK1,ASV_00958,18
UK1,ASV_00959,18
UK1,ASV_00987,18
UK1,ASV_00990,18
UK1,ASV_01031,18
UK1,ASV_01062,6
UK1,ASV_01065,18
UK1,ASV_01066,18
UK1,ASV_01071,20
UK1,ASV_01087,20
UK1,ASV_01089,18
UK1,ASV_01090,18
UK1,ASV_01101,18
UK1,ASV_01150,18
UK1,ASV_01204,18
UK1,ASV_01250,18
UK1,ASV_01288,6
UK1,ASV_01328,18
UK1,ASV_01368,20
UK1,ASV_01533,20
UK1,ASV_00040,3
UK1,ASV_01542,18
UK2,ASV_00001,9
UK2,ASV_00002,13
UK2,ASV_00005,4
UK2,ASV_00009,8
UK2,ASV_00010,8
UK2,ASV_00011,4
UK2,ASV_00013,8
UK2,ASV_00014,4
UK2,ASV_00015,4
UK2,ASV_00016,13
UK2,ASV_00017,9
UK2,ASV_00018,4
UK2,ASV_00020,8
UK2,ASV_00021,13
UK2,ASV_00024,8
UK2,ASV_00030,4
UK2,ASV_00031,8
UK2,ASV_00032,4
UK2,ASV_00033,8
UK2,ASV_00034,8
UK2,ASV_00035,9
UK2,ASV_00036,4
UK2,ASV_00037,9
UK2,ASV_00038,9
UK2,ASV_00039,13
UK2,ASV_00040,8
UK2,ASV_00041,9
UK2,ASV_00042,8
UK2,ASV_00043,9
UK2,ASV_00044,8
UK2,ASV_00045,9
UK2,ASV_00048,13
UK2,ASV_00049,4
UK2,ASV_00050,13
UK2,ASV_00051,4
UK2,ASV_00052,13
UK2,ASV_00054,8
UK2,ASV_00055,8
UK2,ASV_00056,4
UK2,ASV_00057,13
UK2,ASV_00058,4
UK2,ASV_00059,13
UK2,ASV_00060,13
UK2,ASV_00061,13
UK2,ASV_00062,8
UK2,ASV_00063,4
UK2,ASV_00064,9
UK2,ASV_00066,13
UK2,ASV_00068,9
UK2,ASV_00069,13
UK2,ASV_00070,9
UK2,ASV_00071,4
UK2,ASV_00072,13
UK2,ASV_00073,9
UK2,ASV_00074,9
UK2,ASV_00075,9
UK2,ASV_00076,13
UK2,ASV_00078,8
UK2,ASV_00079,9
UK2,ASV_00080,10
UK2,ASV_00081,9
UK2,ASV_00082,9
UK2,ASV_00083,13
UK2,ASV_00084,9
UK2,ASV_00085,13
UK2,ASV_00086,10
UK2,ASV_00087,8
UK2,ASV_00088,10
UK2,ASV_00089,10
UK2,ASV_00090,10
UK2,ASV_00091,9
UK2,ASV_00092,10
UK2,ASV_00093,5
UK2,ASV_00094,5
UK2,ASV_00095,9
UK2,ASV_00096,8
UK2,ASV_00097,10
UK2,ASV_00099,9
UK2,ASV_00100,10
UK2,ASV_00101,8
UK2,ASV_00102,9
UK2,ASV_00103,9
UK2,ASV_00104,10
UK2,ASV_00105,5
UK2,ASV_00106,9
UK2,ASV_00107,9
UK2,ASV_00108,9
UK2,ASV_00109,9
UK2,ASV_00110,5
UK2,ASV_00112,9
UK2,ASV_00113,10
UK2,ASV_00116,10
UK2,ASV_00117,9
UK2,ASV_00118,10
UK2,ASV_00119,9
UK2,ASV_00120,9
UK2,ASV_00121,8
UK2,ASV_00123,10
UK2,ASV_00125,9
UK2,ASV_00126,10
UK2,ASV_00127,9
UK2,ASV_00128,10
UK2,ASV_00129,9
UK2,ASV_00130,10
UK2,ASV_00131,5
UK2,ASV_00132,10
UK2,ASV_00133,9
UK2,ASV_00134,10
UK2,ASV_00135,10
UK2,ASV_00136,10
UK2,ASV_00137,9
UK2,ASV_00138,10
UK2,ASV_00139,5
UK2,ASV_00140,10
UK2,ASV_00141,9
UK2,ASV_00142,8
UK2,ASV_00143,10
UK2,ASV_00144,9
UK2,ASV_00146,5
UK2,ASV_00147,2
UK2,ASV_00148,8
UK2,ASV_00149,10
UK2,ASV_00151,10
UK2,ASV_00152,2
UK2,ASV_00153,5
UK2,ASV_00155,2
UK2,ASV_00156,2
UK2,ASV_00157,10
UK2,ASV_00158,2
UK2,ASV_00159,2
UK2,ASV_00160,5
UK2,ASV_00161,5
UK2,ASV_00162,2
UK2,ASV_00163,5
UK2,ASV_00164,10
UK2,ASV_00165,2
UK2,ASV_00166,5
UK2,ASV_00167,3
UK2,ASV_00168,8
UK2,ASV_00169,2
UK2,ASV_00170,2
UK2,ASV_00171,5
UK2,ASV_00172,5
UK2,ASV_00173,2
UK2,ASV_00174,10
UK2,ASV_00176,2
UK2,ASV_00177,5
UK2,ASV_00179,2
UK2,ASV_00180,3
UK2,ASV_00181,3
UK2,ASV_00182,5
UK2,ASV_00183,2
UK2,ASV_00184,2
UK2,ASV_00185,3
UK2,ASV_00186,2
UK2,ASV_00187,8
UK2,ASV_00188,2
UK2,ASV_00189,5
UK2,ASV_00190,3
UK2,ASV_00191,8
UK2,ASV_00193,5
UK2,ASV_00194,2
UK2,ASV_00196,3
UK2,ASV_00197,3
UK2,ASV_00198,2
UK2,ASV_00200,3
UK2,ASV_00201,3
UK2,ASV_00202,2
UK2,ASV_00203,2
UK2,ASV_00204,3
UK2,ASV_00205,2
UK2,ASV_00206,5
UK2,ASV_00209,3
UK2,ASV_00210,3
UK2,ASV_00211,5
UK2,ASV_00212,2
UK2,ASV_00213,2
UK2,ASV_00214,2
UK2,ASV_00215,5
UK2,ASV_00217,5
UK2,ASV_00218,3
UK2,ASV_00219,3
UK2,ASV_00221,2
UK2,ASV_00223,5
UK2,ASV_00224,3
UK2,ASV_00226,3
UK2,ASV_00227,2
UK2,ASV_00228,5
UK2,ASV_00229,8
UK2,ASV_00230,2
UK2,ASV_00231,3
UK2,ASV_00232,3
UK2,ASV_00233,16
UK2,ASV_00235,2
UK2,ASV_00236,3
UK2,ASV_00238,2
UK2,ASV_00239,2
UK2,ASV_00240,3
UK2,ASV_00241,5
UK2,ASV_00242,3
UK2,ASV_00243,5
UK2,ASV_00244,2
UK2,ASV_00245,3
UK2,ASV_00248,3
UK2,ASV_00249,5
UK2,ASV_00250,5
UK2,ASV_00251,5
UK2,ASV_00252,5
UK2,ASV_00253,2
UK2,ASV_00254,2
UK2,ASV_00255,3
UK2,ASV_00256,16
UK2,ASV_00257,2
UK2,ASV_00258,3
UK2,ASV_00259,14
UK2,ASV_00260,3
UK2,ASV_00261,5
UK2,ASV_00262,3
UK2,ASV_00263,2
UK2,ASV_00264,16
UK2,ASV_00265,8
UK2,ASV_00266,14
UK2,ASV_00267,5
UK2,ASV_00268,16
UK2,ASV_00269,5
UK2,ASV_00270,3
UK2,ASV_00272,14
UK2,ASV_00273,14
UK2,ASV_00274,3
UK2,ASV_00275,3
UK2,ASV_00276,5
UK2,ASV_00277,12
UK2,ASV_00278,14
UK2,ASV_00280,5
UK2,ASV_00281,3
UK2,ASV_00282,5
UK2,ASV_00283,5
UK2,ASV_00285,14
UK2,ASV_00286,14
UK2,ASV_00287,14
UK2,ASV_00288,14
UK2,ASV_00289,12
UK2,ASV_00290,12
UK2,ASV_00292,8
UK2,ASV_00293,12
UK2,ASV_00294,14
UK2,ASV_00295,14
UK2,ASV_00296,5
UK2,ASV_00297,15
UK2,ASV_00298,5
UK2,ASV_00299,12
UK2,ASV_00300,16
UK2,ASV_00301,12
UK2,ASV_00302,11
UK2,ASV_00303,16
UK2,ASV_00304,11
UK2,ASV_00305,12
UK2,ASV_00307,14
UK2,ASV_00309,12
UK2,ASV_00310,12
UK2,ASV_00311,12
UK2,ASV_00313,14
UK2,ASV_00314,15
UK2,ASV_00315,11
UK2,ASV_00316,16
UK2,ASV_00318,15
UK2,ASV_00319,15
UK2,ASV_00320,14
UK2,ASV_00321,14
UK2,ASV_00322,8
UK2,ASV_00323,14
UK2,ASV_00324,12
UK2,ASV_00325,16
UK2,ASV_00326,14
UK2,ASV_00328,16
UK2,ASV_00329,15
UK2,ASV_00331,12
UK2,ASV_00332,15
UK2,ASV_00333,14
UK2,ASV_00334,12
UK2,ASV_00335,12
UK2,ASV_00337,14
UK2,ASV_00338,12
UK2,ASV_00339,16
UK2,ASV_00340,16
UK2,ASV_00341,12
UK2,ASV_00342,11
UK2,ASV_00346,11
UK2,ASV_00349,12
UK2,ASV_00350,12
UK2,ASV_00351,12
UK2,ASV_00352,14
UK2,ASV_00355,14
UK2,ASV_00356,12
UK2,ASV_00358,12
UK2,ASV_00360,12
UK2,ASV_00361,15
UK2,ASV_00362,15
UK2,ASV_00363,12
UK2,ASV_00364,15
UK2,ASV_00365,16
UK2,ASV_00367,11
UK2,ASV_00368,14
UK2,ASV_00369,16
UK2,ASV_00370,15
UK2,ASV_00371,11
UK2,ASV_00372,11
UK2,ASV_00373,15
UK2,ASV_00374,16
UK2,ASV_00375,15
UK2,ASV_00376,12
UK2,ASV_00377,12
UK2,ASV_00378,11
UK2,ASV_00379,15
UK2,ASV_00380,14
UK2,ASV_00381,11
UK2,ASV_00382,11
UK2,ASV_00384,11
UK2,ASV_00385,11
UK2,ASV_00386,15
UK2,ASV_00387,12
UK2,ASV_00388,15
UK2,ASV_00389,15
UK2,ASV_00390,14
UK2,ASV_00391,14
UK2,ASV_00392,12
UK2,ASV_00393,14
UK2,ASV_00394,14
UK2,ASV_00395,12
UK2,ASV_00398,11
UK2,ASV_00399,16
UK2,ASV_00400,16
UK2,ASV_00402,16
UK2,ASV_00404,15
UK2,ASV_00406,16
UK2,ASV_00407,15
UK2,ASV_00409,15
UK2,ASV_00410,14
UK2,ASV_00411,14
UK2,ASV_00413,11
UK2,ASV_00415,15
UK2,ASV_00416,16
UK2,ASV_00417,15
UK2,ASV_00419,16
UK2,ASV_00420,15
UK2,ASV_00421,14
UK2,ASV_00424,11
UK2,ASV_00425,16
UK2,ASV_00426,12
UK2,ASV_00428,16
UK2,ASV_00429,14
UK2,ASV_00431,15
UK2,ASV_00434,11
UK2,ASV_00435,15
UK2,ASV_00436,15
UK2,ASV_00437,14
UK2,ASV_00438,15
UK2,ASV_00439,8
UK2,ASV_00441,16
UK2,ASV_00442,15
UK2,ASV_00444,15
UK2,ASV_00447,14
UK2,ASV_00448,14
UK2,ASV_00450,15
UK2,ASV_00452,11
UK2,ASV_00453,15
UK2,ASV_00454,14
UK2,ASV_00456,11
UK2,ASV_00457,14
UK2,ASV_00458,14
UK2,ASV_00459,11
UK2,ASV_00461,11
UK2,ASV_00462,15
UK2,ASV_00464,1
UK2,ASV_00466,11
UK2,ASV_00467,16
UK2,ASV_00468,16
UK2,ASV_00471,12
UK2,ASV_00474,11
UK2,ASV_00475,16
UK2,ASV_00477,11
UK2,ASV_00478,15
UK2,ASV_00479,11
UK2,ASV_00481,15
UK2,ASV_00483,11
UK2,ASV_00484,6
UK2,ASV_00486,16
UK2,ASV_00487,15
UK2,ASV_00490,15
UK2,ASV_00492,6
UK2,ASV_00493,16
UK2,ASV_00494,6
UK2,ASV_00495,11
UK2,ASV_00496,1
UK2,ASV_00497,6
UK2,ASV_00501,1
UK2,ASV_00502,11
UK2,ASV_00504,11
UK2,ASV_00507,1
UK2,ASV_00510,11
UK2,ASV_00511,1
UK2,ASV_00512,11
UK2,ASV_00517,11
UK2,ASV_00520,7
UK2,ASV_00522,15
UK2,ASV_00524,1
UK2,ASV_00527,11
UK2,ASV_00529,1
UK2,ASV_00531,6
UK2,ASV_00532,11
UK2,ASV_00535,6
UK2,ASV_00536,7
UK2,ASV_00538,7
UK2,ASV_00540,7
UK2,ASV_00541,6
UK2,ASV_00543,6
UK2,ASV_00545,6
UK2,ASV_00546,6
UK2,ASV_00548,11
UK2,ASV_00550,1
UK2,ASV_00552,7
UK2,ASV_00554,11
UK2,ASV_00555,6
UK2,ASV_00557,6
UK2,ASV_00558,6
UK2,ASV_00559,6
UK2,ASV_00563,6
UK2,ASV_00565,6
UK2,ASV_00566,16
UK2,ASV_00568,11
UK2,ASV_00570,7
UK2,ASV_00572,6
UK2,ASV_00574,7
UK2,ASV_00575,6
UK2,ASV_00576,1
UK2,ASV_00577,6
UK2,ASV_00581,1
UK2,ASV_00582,6
UK2,ASV_00584,1
UK2,ASV_00585,6
UK2,ASV_00586,1
UK2,ASV_00587,6
UK2,ASV_00589,1
UK2,ASV_00591,7
UK2,ASV_00593,7
UK2,ASV_00595,11
UK2,ASV_00597,6
UK2,ASV_00600,7
UK2,ASV_00602,11
UK2,ASV_00603,6
UK2,ASV_00604,1
UK2,ASV_00607,6
UK2,ASV_00618,7
UK2,ASV_00620,6
UK2,ASV_00622,1
UK2,ASV_00626,7
UK2,ASV_00627,6
UK2,ASV_00628,1
UK2,ASV_00629,6
UK2,ASV_00630,7
UK2,ASV_00633,17
UK2,ASV_00635,1
UK2,ASV_00637,1
UK2,ASV_00638,7
UK2,ASV_00639,6
UK2,ASV_00640,7
UK2,ASV_00641,1
UK2,ASV_00643,7
UK2,ASV_00645,6
UK2,ASV_00647,7
UK2,ASV_00651,6
UK2,ASV_00653,17
UK2,ASV_00654,11
UK2,ASV_00656,1
UK2,ASV_00657,1
UK2,ASV_00660,6
UK2,ASV_00663,6
UK2,ASV_00665,7
UK2,ASV_00669,1
UK2,ASV_00670,17
UK2,ASV_00671,1
UK2,ASV_00673,1
UK2,ASV_00676,17
UK2,ASV_00682,6
UK2,ASV_00686,7
UK2,ASV_00688,6
UK2,ASV_00689,17
UK2,ASV_00693,6
UK2,ASV_00694,17
UK2,ASV_00695,6
UK2,ASV_00699,17
UK2,ASV_00705,17
UK2,ASV_00709,7
UK2,ASV_00721,1
UK2,ASV_00723,7
UK2,ASV_00726,6
UK2,ASV_00727,6
UK2,ASV_00728,1
UK2,ASV_00730,7
UK2,ASV_00733,1
UK2,ASV_00736,7
UK2,ASV_00737,17
UK2,ASV_00742,1
UK2,ASV_00743,17
UK2,ASV_00744,1
UK2,ASV_00747,17
UK2,ASV_00751,7
UK2,ASV_00752,17
UK2,ASV_00755,17
UK2,ASV_00757,1
UK2,ASV_00761,17
UK2,ASV_00762,17
UK2,ASV_00763,17
UK2,ASV_00769,17
UK2,ASV_00770,7
UK2,ASV_00772,17
UK2,ASV_00781,1
UK2,ASV_00790,1
UK2,ASV_00793,7
UK2,ASV_00795,7
UK2,ASV_00797,17
UK2,ASV_00799,17
UK2,ASV_00801,17
UK2,ASV_00804,17
UK2,ASV_00806,1
UK2,ASV_00807,1
UK2,ASV_00808,7
UK2,ASV_00809,1
UK2,ASV_00810,17
UK2,ASV_00812,1
UK2,ASV_00814,1
UK2,ASV_00821,1
UK2,ASV_00825,7
UK2,ASV_00829,7
UK2,ASV_00832,1
UK2,ASV_00833,1
UK2,ASV_00834,17
UK2,ASV_00837,17
UK2,ASV_00848,7
UK2,ASV_00852,17
UK2,ASV_00854,7
UK2,ASV_00855,17
UK2,ASV_00856,17
UK2,ASV_00865,1
UK2,ASV_00874,17
UK2,ASV_00879,17
UK2,ASV_00880,1
UK2,ASV_00881,17
UK2,ASV_00885,17
UK2,ASV_00887,17
UK2,ASV_00888,17
UK2,ASV_00890,17
UK2,ASV_00891,17
UK2,ASV_00897,17
UK2,ASV_00904,17
UK2,ASV_00907,17
UK2,ASV_00912,1
UK2,ASV_00920,17
UK2,ASV_00928,17
UK2,ASV_00931,7
UK2,ASV_00936,17
UK2,ASV_00949,17
UK2,ASV_00952,17
UK2,ASV_00957,17
UK2,ASV_00959,1
UK2,ASV_00960,17
UK2,ASV_00968,17
UK2,ASV_00976,7
UK2,ASV_00978,17
UK2,ASV_00979,1
UK2,ASV_00982,1
UK2,ASV_00987,1
UK2,ASV_00996,17
UK2,ASV_01007,1
UK2,ASV_01022,17
UK2,ASV_01027,17
UK2,ASV_01040,7
UK2,ASV_01044,17
UK2,ASV_01057,17
UK2,ASV_01060,7
UK2,ASV_01062,7
UK2,ASV_01065,1
UK2,ASV_01078,7
UK2,ASV_01085,17
UK2,ASV_01090,7
UK2,ASV_01094,17
UK2,ASV_01101,1
UK2,ASV_01159,7
UK2,ASV_01169,7
UK2,ASV_01178,17
UK2,ASV_01181,17
UK2,ASV_01188,17
UK2,ASV_01195,7
UK2,ASV_01204,1
UK2,ASV_01208,17
UK2,ASV_01268,7
UK2,ASV_01288,7
UK2,ASV_01328,7
UK2,ASV_01353,17
UK2,ASV_01446,17
UK2,ASV_01458,17
UK2,ASV_01496,17
UK2,ASV_01503,17
UK2,ASV_01559,17
UK2,ASV_01571,7
UK2,ASV_01594,17
UK2,ASV_01611,17
UK2,ASV_01621,7
UK2,ASV_01881,17
UK2,ASV_01952,17
UK2,ASV_01556,7
UK2,ASV_01236,7
UK2,ASV_01799,7
UK2,ASV_02182,7
UK2,ASV_02040,7
IT1,ASV_00001,4
IT1,ASV_00002,2
IT1,ASV_00005,2
IT1,ASV_00007,4
IT1,ASV_00008,2
IT1,ASV_00009,4
IT1,ASV_00010,2
IT1,ASV_00011,2
IT1,ASV_00012,4
IT1,ASV_00013,1
IT1,ASV_00014,2
IT1,ASV_00015,2
IT1,ASV_00017,1
IT1,ASV_00018,2
IT1,ASV_00019,2
IT1,ASV_00022,2
IT1,ASV_00023,2
IT1,ASV_00024,2
IT1,ASV_00025,1
IT1,ASV_00026,2
IT1,ASV_00028,4
IT1,ASV_00029,2
IT1,ASV_00030,2
IT1,ASV_00031,2
IT1,ASV_00032,2
IT1,ASV_00033,2
IT1,ASV_00034,4
IT1,ASV_00035,4
IT1,ASV_00036,2
IT1,ASV_00037,1
IT1,ASV_00038,1
IT1,ASV_00040,2
IT1,ASV_00041,4
IT1,ASV_00042,4
IT1,ASV_00043,1
IT1,ASV_00044,4
IT1,ASV_00045,10
IT1,ASV_00046,4
IT1,ASV_00047,1
IT1,ASV_00048,2
IT1,ASV_00049,2
IT1,ASV_00051,10
IT1,ASV_00053,10
IT1,ASV_00054,10
IT1,ASV_00055,10
IT1,ASV_00056,10
IT1,ASV_00057,10
IT1,ASV_00058,10
IT1,ASV_00059,10
IT1,ASV_00062,1
IT1,ASV_00063,10
IT1,ASV_00064,4
IT1,ASV_00065,1
IT1,ASV_00067,10
IT1,ASV_00068,10
IT1,ASV_00070,10
IT1,ASV_00071,10
IT1,ASV_00073,1
IT1,ASV_00075,1
IT1,ASV_00076,10
IT1,ASV_00077,1
IT1,ASV_00078,10
IT1,ASV_00079,1
IT1,ASV_00081,10
IT1,ASV_00083,10
IT1,ASV_00084,10
IT1,ASV_00086,10
IT1,ASV_00087,10
IT1,ASV_00088,10
IT1,ASV_00089,10
IT1,ASV_00090,10
IT1,ASV_00091,1
IT1,ASV_00092,10
IT1,ASV_00093,10
IT1,ASV_00096,10
IT1,ASV_00097,10
IT1,ASV_00098,1
IT1,ASV_00099,12
IT1,ASV_00101,12
IT1,ASV_00102,12
IT1,ASV_00103,1
IT1,ASV_00105,10
IT1,ASV_00106,8
IT1,ASV_00107,10
IT1,ASV_00110,8
IT1,ASV_00111,1
IT1,ASV_00112,8
IT1,ASV_00113,8
IT1,ASV_00114,1
IT1,ASV_00116,8
IT1,ASV_00117,1
IT1,ASV_00118,8
IT1,ASV_00120,8
IT1,ASV_00122,1
IT1,ASV_00125,4
IT1,ASV_00127,12
IT1,ASV_00128,8
IT1,ASV_00129,12
IT1,ASV_00130,8
IT1,ASV_00131,8
IT1,ASV_00133,8
IT1,ASV_00136,8
IT1,ASV_00137,8
IT1,ASV_00139,8
IT1,ASV_00140,8
IT1,ASV_00141,8
IT1,ASV_00142,4
IT1,ASV_00144,8
IT1,ASV_00145,12
IT1,ASV_00147,8
IT1,ASV_00148,12
IT1,ASV_00150,8
IT1,ASV_00152,8
IT1,ASV_00154,12
IT1,ASV_00155,8
IT1,ASV_00156,12
IT1,ASV_00157,8
IT1,ASV_00159,8
IT1,ASV_00160,8
IT1,ASV_00162,12
IT1,ASV_00163,8
IT1,ASV_00165,12
IT1,ASV_00166,8
IT1,ASV_00168,4
IT1,ASV_00169,8
IT1,ASV_00171,8
IT1,ASV_00176,8
IT1,ASV_00177,8
IT1,ASV_00178,5
IT1,ASV_00179,7
IT1,ASV_00182,12
IT1,ASV_00183,7
IT1,ASV_00184,7
IT1,ASV_00185,7
IT1,ASV_00186,7
IT1,ASV_00187,7
IT1,ASV_00188,7
IT1,ASV_00191,5
IT1,ASV_00192,5
IT1,ASV_00195,5
IT1,ASV_00196,7
IT1,ASV_00197,7
IT1,ASV_00198,7
IT1,ASV_00199,12
IT1,ASV_00200,7
IT1,ASV_00202,4
IT1,ASV_00203,5
IT1,ASV_00205,12
IT1,ASV_00206,7
IT1,ASV_00213,4
IT1,ASV_00216,5
IT1,ASV_00218,7
IT1,ASV_00221,12
IT1,ASV_00222,5
IT1,ASV_00225,5
IT1,ASV_00226,7
IT1,ASV_00227,7
IT1,ASV_00230,5
IT1,ASV_00232,7
IT1,ASV_00233,7
IT1,ASV_00238,7
IT1,ASV_00243,7
IT1,ASV_00244,7
IT1,ASV_00249,7
IT1,ASV_00250,7
IT1,ASV_00254,7
IT1,ASV_00257,7
IT1,ASV_00259,7
IT1,ASV_00263,5
IT1,ASV_00264,12
IT1,ASV_00266,5
IT1,ASV_00269,7
IT1,ASV_00271,7
IT1,ASV_00272,12
IT1,ASV_00273,5
IT1,ASV_00276,7
IT1,ASV_00278,7
IT1,ASV_00279,5
IT1,ASV_00280,4
IT1,ASV_00285,5
IT1,ASV_00287,3
IT1,ASV_00288,7
IT1,ASV_00290,7
IT1,ASV_00293,3
IT1,ASV_00294,3
IT1,ASV_00295,5
IT1,ASV_00296,3
IT1,ASV_00297,3
IT1,ASV_00299,3
IT1,ASV_00307,5
IT1,ASV_00308,5
IT1,ASV_00311,3
IT1,ASV_00312,3
IT1,ASV_00313,3
IT1,ASV_00315,3
IT1,ASV_00317,5
IT1,ASV_00318,3
IT1,ASV_00323,5
IT1,ASV_00324,3
IT1,ASV_00325,3
IT1,ASV_00326,5
IT1,ASV_00327,5
IT1,ASV_00328,3
IT1,ASV_00330,5
IT1,ASV_00331,3
IT1,ASV_00333,3
IT1,ASV_00335,3
IT1,ASV_00336,5
IT1,ASV_00337,3
IT1,ASV_00342,3
IT1,ASV_00343,11
IT1,ASV_00345,3
IT1,ASV_00352,5
IT1,ASV_00353,3
IT1,ASV_00354,9
IT1,ASV_00355,3
IT1,ASV_00356,3
IT1,ASV_00359,9
IT1,ASV_00365,3
IT1,ASV_00368,5
IT1,ASV_00373,3
IT1,ASV_00378,9
IT1,ASV_00380,5
IT1,ASV_00381,3
IT1,ASV_00382,3
IT1,ASV_00383,11
IT1,ASV_00384,3
IT1,ASV_00390,3
IT1,ASV_00391,11
IT1,ASV_00393,9
IT1,ASV_00396,11
IT1,ASV_00402,9
IT1,ASV_00404,3
IT1,ASV_00410,3
IT1,ASV_00411,5
IT1,ASV_00421,9
IT1,ASV_00437,6
IT1,ASV_00440,6
IT1,ASV_00447,6
IT1,ASV_00449,11
IT1,ASV_00451,9
IT1,ASV_00452,6
IT1,ASV_00454,9
IT1,ASV_00460,11
IT1,ASV_00464,6
IT1,ASV_00468,9
IT1,ASV_00476,6
IT1,ASV_00482,9
IT1,ASV_00490,6
IT1,ASV_00493,6
IT1,ASV_00501,6
IT1,ASV_00504,6
IT1,ASV_00508,9
IT1,ASV_00514,6
IT1,ASV_00527,6
IT1,ASV_00529,6
IT1,ASV_00530,9
IT1,ASV_00537,11
IT1,ASV_00542,9
IT1,ASV_00550,6
IT1,ASV_00555,6
IT1,ASV_00556,9
IT1,ASV_00564,11
IT1,ASV_00570,6
IT1,ASV_00571,11
IT1,ASV_00574,6
IT1,ASV_00576,6
IT1,ASV_00594,11
IT1,ASV_00595,6
IT1,ASV_00596,11
IT1,ASV_00613,9
IT1,ASV_00619,11
IT1,ASV_00622,6
IT1,ASV_00635,6
IT1,ASV_00654,6
IT1,ASV_00656,6
IT1,ASV_00671,6
IT1,ASV_00674,11
IT1,ASV_00690,11
IT1,ASV_00697,9
IT1,ASV_00714,6
IT1,ASV_00732,9
IT1,ASV_00757,6
IT1,ASV_00787,11
IT1,ASV_00817,6
IT1,ASV_00822,11
IT1,ASV_00835,6
IT1,ASV_00842,9
IT1,ASV_00849,6
IT1,ASV_00880,6
IT1,ASV_00931,6
IT1,ASV_00959,6
IT1,ASV_00987,9
IT1,ASV_01003,11
IT1,ASV_01048,9
IT1,ASV_01065,6
IT1,ASV_01087,9
IT1,ASV_01164,6
IT1,ASV_01204,6
IT1,ASV_01417,9
IT1,ASV_01522,6
IT1,ASV_00728,11
IT2,ASV_00002,19
IT2,ASV_00005,20
IT2,ASV_00009,7
IT2,ASV_00010,7
IT2,ASV_00011,7
IT2,ASV_00012,20
IT2,ASV_00013,7
IT2,ASV_00014,7
IT2,ASV_00015,19
IT2,ASV_00016,19
IT2,ASV_00017,1
IT2,ASV_00018,19
IT2,ASV_00019,7
IT2,ASV_00021,19
IT2,ASV_00024,7
IT2,ASV_00025,1
IT2,ASV_00026,2
IT2,ASV_00030,19
IT2,ASV_00031,20
IT2,ASV_00032,2
IT2,ASV_00033,20
IT2,ASV_00034,20
IT2,ASV_00035,7
IT2,ASV_00036,19
IT2,ASV_00037,7
IT2,ASV_00038,1
IT2,ASV_00039,20
IT2,ASV_00040,7
IT2,ASV_00041,1
IT2,ASV_00042,7
IT2,ASV_00043,1
IT2,ASV_00044,7
IT2,ASV_00045,2
IT2,ASV_00047,1
IT2,ASV_00048,19
IT2,ASV_00049,7
IT2,ASV_00050,19
IT2,ASV_00051,7
IT2,ASV_00052,20
IT2,ASV_00053,2
IT2,ASV_00054,7
IT2,ASV_00055,2
IT2,ASV_00056,19
IT2,ASV_00057,20
IT2,ASV_00058,2
IT2,ASV_00059,19
IT2,ASV_00060,19
IT2,ASV_00061,19
IT2,ASV_00062,20
IT2,ASV_00063,2
IT2,ASV_00064,1
IT2,ASV_00065,1
IT2,ASV_00066,19
IT2,ASV_00067,7
IT2,ASV_00068,19
IT2,ASV_00069,19
IT2,ASV_00070,2
IT2,ASV_00071,19
IT2,ASV_00072,19
IT2,ASV_00073,1
IT2,ASV_00074,9
IT2,ASV_00075,1
IT2,ASV_00076,19
IT2,ASV_00077,1
IT2,ASV_00079,1
IT2,ASV_00080,19
IT2,ASV_00081,19
IT2,ASV_00083,19
IT2,ASV_00084,1
IT2,ASV_00085,19
IT2,ASV_00086,2
IT2,ASV_00087,20
IT2,ASV_00088,2
IT2,ASV_00089,2
IT2,ASV_00090,19
IT2,ASV_00091,1
IT2,ASV_00092,19
IT2,ASV_00093,20
IT2,ASV_00094,20
IT2,ASV_00096,20
IT2,ASV_00097,2
IT2,ASV_00098,1
IT2,ASV_00099,1
IT2,ASV_00100,9
IT2,ASV_00101,9
IT2,ASV_00102,1
IT2,ASV_00103,1
IT2,ASV_00104,19
IT2,ASV_00105,2
IT2,ASV_00106,9
IT2,ASV_00107,7
IT2,ASV_00108,2
IT2,ASV_00109,2
IT2,ASV_00110,2
IT2,ASV_00111,1
IT2,ASV_00112,9
IT2,ASV_00113,19
IT2,ASV_00115,20
IT2,ASV_00116,4
IT2,ASV_00117,1
IT2,ASV_00118,20
IT2,ASV_00119,20
IT2,ASV_00120,9
IT2,ASV_00122,1
IT2,ASV_00123,20
IT2,ASV_00125,20
IT2,ASV_00127,1
IT2,ASV_00128,4
IT2,ASV_00129,9
IT2,ASV_00130,20
IT2,ASV_00131,20
IT2,ASV_00132,19
IT2,ASV_00133,9
IT2,ASV_00136,4
IT2,ASV_00137,9
IT2,ASV_00138,4
IT2,ASV_00139,9
IT2,ASV_00140,4
IT2,ASV_00141,4
IT2,ASV_00142,20
IT2,ASV_00144,9
IT2,ASV_00145,1
IT2,ASV_00146,20
IT2,ASV_00147,9
IT2,ASV_00148,9
IT2,ASV_00150,10
IT2,ASV_00151,4
IT2,ASV_00152,9
IT2,ASV_00153,10
IT2,ASV_00154,1
IT2,ASV_00155,9
IT2,ASV_00156,9
IT2,ASV_00157,20
IT2,ASV_00158,9
IT2,ASV_00159,9
IT2,ASV_00160,4
IT2,ASV_00161,10
IT2,ASV_00162,9
IT2,ASV_00163,20
IT2,ASV_00164,4
IT2,ASV_00165,9
IT2,ASV_00166,4
IT2,ASV_00167,10
IT2,ASV_00168,13
IT2,ASV_00169,4
IT2,ASV_00170,4
IT2,ASV_00171,4
IT2,ASV_00172,10
IT2,ASV_00173,9
IT2,ASV_00176,9
IT2,ASV_00177,4
IT2,ASV_00178,13
IT2,ASV_00179,10
IT2,ASV_00181,10
IT2,ASV_00182,9
IT2,ASV_00183,4
IT2,ASV_00184,9
IT2,ASV_00185,10
IT2,ASV_00186,4
IT2,ASV_00187,4
IT2,ASV_00188,9
IT2,ASV_00189,4
IT2,ASV_00191,7
IT2,ASV_00192,13
IT2,ASV_00193,4
IT2,ASV_00194,9
IT2,ASV_00195,13
IT2,ASV_00196,10
IT2,ASV_00197,4
IT2,ASV_00198,4
IT2,ASV_00199,13
IT2,ASV_00200,10
IT2,ASV_00202,7
IT2,ASV_00203,13
IT2,ASV_00205,13
IT2,ASV_00206,10
IT2,ASV_00208,17
IT2,ASV_00210,10
IT2,ASV_00211,10
IT2,ASV_00212,17
IT2,ASV_00213,13
IT2,ASV_00214,13
IT2,ASV_00216,13
IT2,ASV_00218,4
IT2,ASV_00219,4
IT2,ASV_00221,13
IT2,ASV_00226,4
IT2,ASV_00227,13
IT2,ASV_00228,17
IT2,ASV_00229,17
IT2,ASV_00230,13
IT2,ASV_00231,10
IT2,ASV_00232,10
IT2,ASV_00233,14
IT2,ASV_00235,17
IT2,ASV_00237,13
IT2,ASV_00238,17
IT2,ASV_00239,14
IT2,ASV_00240,4
IT2,ASV_00242,10
IT2,ASV_00243,17
IT2,ASV_00244,4
IT2,ASV_00246,17
IT2,ASV_00247,14
IT2,ASV_00249,12
IT2,ASV_00250,12
IT2,ASV_00251,10
IT2,ASV_00252,10
IT2,ASV_00253,17
IT2,ASV_00254,12
IT2,ASV_00257,17
IT2,ASV_00259,13
IT2,ASV_00262,10
IT2,ASV_00263,13
IT2,ASV_00264,17
IT2,ASV_00265,14
IT2,ASV_00266,13
IT2,ASV_00267,12
IT2,ASV_00269,12
IT2,ASV_00270,10
IT2,ASV_00271,17
IT2,ASV_00272,13
IT2,ASV_00273,17
IT2,ASV_00274,10
IT2,ASV_00275,10
IT2,ASV_00276,12
IT2,ASV_00277,10
IT2,ASV_00278,12
IT2,ASV_00279,13
IT2,ASV_00280,14
IT2,ASV_00282,17
IT2,ASV_00283,17
IT2,ASV_00284,10
IT2,ASV_00285,13
IT2,ASV_00286,17
IT2,ASV_00287,17
IT2,ASV_00288,12
IT2,ASV_00290,12
IT2,ASV_00291,10
IT2,ASV_00292,12
IT2,ASV_00293,14
IT2,ASV_00294,12
IT2,ASV_00295,17
IT2,ASV_00296,12
IT2,ASV_00297,10
IT2,ASV_00298,14
IT2,ASV_00299,14
IT2,ASV_00300,17
IT2,ASV_00303,17
IT2,ASV_00304,12
IT2,ASV_00305,10
IT2,ASV_00307,13
IT2,ASV_00308,13
IT2,ASV_00309,12
IT2,ASV_00311,10
IT2,ASV_00312,12
IT2,ASV_00313,13
IT2,ASV_00315,12
IT2,ASV_00317,13
IT2,ASV_00318,8
IT2,ASV_00320,17
IT2,ASV_00321,13
IT2,ASV_00323,17
IT2,ASV_00324,14
IT2,ASV_00325,14
IT2,ASV_00326,13
IT2,ASV_00327,17
IT2,ASV_00328,12
IT2,ASV_00330,13
IT2,ASV_00331,8
IT2,ASV_00332,10
IT2,ASV_00333,12
IT2,ASV_00334,8
IT2,ASV_00335,8
IT2,ASV_00336,17
IT2,ASV_00337,12
IT2,ASV_00339,17
IT2,ASV_00340,5
IT2,ASV_00342,12
IT2,ASV_00343,5
IT2,ASV_00345,11
IT2,ASV_00346,8
IT2,ASV_00347,5
IT2,ASV_00350,8
IT2,ASV_00352,11
IT2,ASV_00353,5
IT2,ASV_00354,11
IT2,ASV_00355,12
IT2,ASV_00356,8
IT2,ASV_00357,14
IT2,ASV_00359,14
IT2,ASV_00361,8
IT2,ASV_00365,8
IT2,ASV_00367,8
IT2,ASV_00368,5
IT2,ASV_00369,11
IT2,ASV_00372,8
IT2,ASV_00373,8
IT2,ASV_00376,8
IT2,ASV_00377,8
IT2,ASV_00378,11
IT2,ASV_00380,5
IT2,ASV_00381,11
IT2,ASV_00382,8
IT2,ASV_00384,11
IT2,ASV_00387,8
IT2,ASV_00389,8
IT2,ASV_00390,11
IT2,ASV_00391,5
IT2,ASV_00393,11
IT2,ASV_00395,8
IT2,ASV_00397,14
IT2,ASV_00398,8
IT2,ASV_00399,8
IT2,ASV_00400,14
IT2,ASV_00402,11
IT2,ASV_00403,5
IT2,ASV_00404,8
IT2,ASV_00406,5
IT2,ASV_00407,14
IT2,ASV_00409,8
IT2,ASV_00410,11
IT2,ASV_00411,11
IT2,ASV_00412,8
IT2,ASV_00415,8
IT2,ASV_00416,14
IT2,ASV_00418,8
IT2,ASV_00421,5
IT2,ASV_00422,5
IT2,ASV_00423,14
IT2,ASV_00425,11
IT2,ASV_00426,8
IT2,ASV_00428,14
IT2,ASV_00429,5
IT2,ASV_00437,11
IT2,ASV_00438,8
IT2,ASV_00440,14
IT2,ASV_00441,8
IT2,ASV_00442,16
IT2,ASV_00443,11
IT2,ASV_00444,8
IT2,ASV_00445,11
IT2,ASV_00447,5
IT2,ASV_00450,8
IT2,ASV_00451,5
IT2,ASV_00452,6
IT2,ASV_00453,8
IT2,ASV_00454,5
IT2,ASV_00455,5
IT2,ASV_00458,11
IT2,ASV_00459,16
IT2,ASV_00460,5
IT2,ASV_00463,5
IT2,ASV_00464,6
IT2,ASV_00465,5
IT2,ASV_00467,14
IT2,ASV_00468,5
IT2,ASV_00471,6
IT2,ASV_00474,16
IT2,ASV_00476,5
IT2,ASV_00477,6
IT2,ASV_00479,16
IT2,ASV_00482,5
IT2,ASV_00483,6
IT2,ASV_00485,5
IT2,ASV_00486,6
IT2,ASV_00488,5
IT2,ASV_00490,6
IT2,ASV_00493,6
IT2,ASV_00494,6
IT2,ASV_00495,6
IT2,ASV_00496,11
IT2,ASV_00498,16
IT2,ASV_00501,11
IT2,ASV_00503,14
IT2,ASV_00504,6
IT2,ASV_00506,6
IT2,ASV_00507,5
IT2,ASV_00508,5
IT2,ASV_00511,5
IT2,ASV_00512,6
IT2,ASV_00513,5
IT2,ASV_00514,15
IT2,ASV_00517,16
IT2,ASV_00518,15
IT2,ASV_00520,6
IT2,ASV_00521,6
IT2,ASV_00524,11
IT2,ASV_00528,16
IT2,ASV_00529,11
IT2,ASV_00530,5
IT2,ASV_00533,5
IT2,ASV_00534,16
IT2,ASV_00536,5
IT2,ASV_00541,6
IT2,ASV_00542,5
IT2,ASV_00543,16
IT2,ASV_00544,18
IT2,ASV_00548,16
IT2,ASV_00550,6
IT2,ASV_00551,3
IT2,ASV_00554,6
IT2,ASV_00555,6
IT2,ASV_00556,5
IT2,ASV_00559,6
IT2,ASV_00561,16
IT2,ASV_00563,16
IT2,ASV_00566,6
IT2,ASV_00568,6
IT2,ASV_00569,5
IT2,ASV_00570,6
IT2,ASV_00571,5
IT2,ASV_00572,16
IT2,ASV_00574,6
IT2,ASV_00576,6
IT2,ASV_00581,6
IT2,ASV_00587,6
IT2,ASV_00592,5
IT2,ASV_00594,5
IT2,ASV_00595,6
IT2,ASV_00596,5
IT2,ASV_00611,15
IT2,ASV_00612,3
IT2,ASV_00613,15
IT2,ASV_00615,5
IT2,ASV_00618,5
IT2,ASV_00620,16
IT2,ASV_00622,18
IT2,ASV_00628,18
IT2,ASV_00630,16
IT2,ASV_00633,16
IT2,ASV_00635,6
IT2,ASV_00636,16
IT2,ASV_00638,3
IT2,ASV_00641,16
IT2,ASV_00643,15
IT2,ASV_00645,6
IT2,ASV_00651,6
IT2,ASV_00654,6
IT2,ASV_00656,18
IT2,ASV_00662,6
IT2,ASV_00665,3
IT2,ASV_00666,16
IT2,ASV_00668,18
IT2,ASV_00671,15
IT2,ASV_00673,18
IT2,ASV_00676,16
IT2,ASV_00679,15
IT2,ASV_00686,16
IT2,ASV_00687,16
IT2,ASV_00697,15
IT2,ASV_00709,3
IT2,ASV_00714,15
IT2,ASV_00718,15
IT2,ASV_00721,3
IT2,ASV_00724,16
IT2,ASV_00726,16
IT2,ASV_00727,16
IT2,ASV_00728,18
IT2,ASV_00732,15
IT2,ASV_00734,18
IT2,ASV_00755,16
IT2,ASV_00757,18
IT2,ASV_00758,3
IT2,ASV_00760,3
IT2,ASV_00769,3
IT2,ASV_00772,3
IT2,ASV_00778,15
IT2,ASV_00781,18
IT2,ASV_00782,15
IT2,ASV_00789,18
IT2,ASV_00793,3
IT2,ASV_00798,15
IT2,ASV_00801,3
IT2,ASV_00802,3
IT2,ASV_00806,18
IT2,ASV_00807,15
IT2,ASV_00808,3
IT2,ASV_00809,15
IT2,ASV_00811,15
IT2,ASV_00815,15
IT2,ASV_00817,18
IT2,ASV_00821,3
IT2,ASV_00822,15
IT2,ASV_00829,3
IT2,ASV_00842,18
IT2,ASV_00843,3
IT2,ASV_00845,15
IT2,ASV_00848,3
IT2,ASV_00865,15
IT2,ASV_00869,15
IT2,ASV_00873,3
IT2,ASV_00875,3
IT2,ASV_00880,18
IT2,ASV_00890,3
IT2,ASV_00891,3
IT2,ASV_00906,3
IT2,ASV_00909,15
IT2,ASV_00912,15
IT2,ASV_00924,3
IT2,ASV_00929,15
IT2,ASV_00931,18
IT2,ASV_00935,15
IT2,ASV_00952,16
IT2,ASV_00958,3
IT2,ASV_00959,3
IT2,ASV_00966,16
IT2,ASV_00984,15
IT2,ASV_00987,15
IT2,ASV_00989,15
IT2,ASV_01018,16
IT2,ASV_01023,3
IT2,ASV_01048,15
IT2,ASV_01065,18
IT2,ASV_01071,15
IT2,ASV_01087,18
IT2,ASV_01090,15
IT2,ASV_01092,15
IT2,ASV_01101,15
IT2,ASV_01119,3
IT2,ASV_01124,16
IT2,ASV_01152,3
IT2,ASV_01153,3
IT2,ASV_01179,15
IT2,ASV_01204,18
IT2,ASV_01223,3
IT2,ASV_01249,3
IT2,ASV_01250,18
IT2,ASV_01253,15
IT2,ASV_01267,3
IT2,ASV_01276,15
IT2,ASV_01288,15
IT2,ASV_01328,3
IT2,ASV_01342,3
IT2,ASV_01349,15
IT2,ASV_01368,15
IT2,ASV_01385,18
IT2,ASV_01417,15
IT2,ASV_01426,3
IT2,ASV_01458,15
IT2,ASV_01459,3
IT2,ASV_01491,3
IT2,ASV_01503,3
IT2,ASV_01512,18
IT2,ASV_01541,3
IT2,ASV_01578,15
IT2,ASV_01840,15
IT2,ASV_01941,15
IT2,ASV_02020,3
IT2,ASV_02149,3
IT2,ASV_01508,15
IT2,ASV_02332,15
IT3,ASV_00001,5
IT3,ASV_00002,6
IT3,ASV_00005,6
IT3,ASV_00007,5
IT3,ASV_00008,5
IT3,ASV_00009,5
IT3,ASV_00013,6
IT3,ASV_00015,6
IT3,ASV_00016,6
IT3,ASV_00017,3
IT3,ASV_00018,5
IT3,ASV_00019,6
IT3,ASV_00020,5
IT3,ASV_00021,6
IT3,ASV_00022,5
IT3,ASV_00023,5
IT3,ASV_00024,3
IT3,ASV_00025,3
IT3,ASV_00026,6
IT3,ASV_00029,5
IT3,ASV_00030,5
IT3,ASV_00031,5
IT3,ASV_00032,6
IT3,ASV_00033,5
IT3,ASV_00034,6
IT3,ASV_00035,5
IT3,ASV_00036,6
IT3,ASV_00037,3
IT3,ASV_00038,3
IT3,ASV_00040,5
IT3,ASV_00041,3
IT3,ASV_00042,3
IT3,ASV_00043,3
IT3,ASV_00044,5
IT3,ASV_00047,3
IT3,ASV_00048,6
IT3,ASV_00049,6
IT3,ASV_00050,6
IT3,ASV_00051,5
IT3,ASV_00052,6
IT3,ASV_00053,5
IT3,ASV_00054,5
IT3,ASV_00055,6
IT3,ASV_00056,6
IT3,ASV_00057,6
IT3,ASV_00058,5
IT3,ASV_00059,2
IT3,ASV_00062,3
IT3,ASV_00063,6
IT3,ASV_00064,5
IT3,ASV_00065,3
IT3,ASV_00068,2
IT3,ASV_00069,2
IT3,ASV_00070,3
IT3,ASV_00071,2
IT3,ASV_00073,3
IT3,ASV_00075,3
IT3,ASV_00076,2
IT3,ASV_00077,3
IT3,ASV_00078,5
IT3,ASV_00079,3
IT3,ASV_00080,2
IT3,ASV_00081,2
IT3,ASV_00083,2
IT3,ASV_00084,5
IT3,ASV_00086,2
IT3,ASV_00087,5
IT3,ASV_00089,5
IT3,ASV_00090,2
IT3,ASV_00091,3
IT3,ASV_00092,2
IT3,ASV_00096,2
IT3,ASV_00097,5
IT3,ASV_00098,3
IT3,ASV_00100,3
IT3,ASV_00102,5
IT3,ASV_00103,3
IT3,ASV_00104,2
IT3,ASV_00105,5
IT3,ASV_00107,2
IT3,ASV_00111,3
IT3,ASV_00112,4
IT3,ASV_00113,5
IT3,ASV_00116,2
IT3,ASV_00117,3
IT3,ASV_00119,5
IT3,ASV_00122,3
IT3,ASV_00127,3
IT3,ASV_00128,5
IT3,ASV_00129,4
IT3,ASV_00130,5
IT3,ASV_00131,5
IT3,ASV_00133,5
IT3,ASV_00135,2
IT3,ASV_00136,2
IT3,ASV_00137,4
IT3,ASV_00140,5
IT3,ASV_00141,2
IT3,ASV_00142,5
IT3,ASV_00144,5
IT3,ASV_00145,4
IT3,ASV_00146,2
IT3,ASV_00147,2
IT3,ASV_00148,4
IT3,ASV_00150,2
IT3,ASV_00151,2
IT3,ASV_00153,2
IT3,ASV_00155,5
IT3,ASV_00157,5
IT3,ASV_00159,5
IT3,ASV_00160,5
IT3,ASV_00162,5
IT3,ASV_00163,5
IT3,ASV_00169,1
IT3,ASV_00170,5
IT3,ASV_00171,2
IT3,ASV_00176,5
IT3,ASV_00177,2
IT3,ASV_00179,5
IT3,ASV_00183,5
IT3,ASV_00184,5
IT3,ASV_00185,2
IT3,ASV_00186,5
IT3,ASV_00187,5
IT3,ASV_00188,4
IT3,ASV_00196,5
IT3,ASV_00197,5
IT3,ASV_00198,1
IT3,ASV_00200,5
IT3,ASV_00202,4
IT3,ASV_00203,5
IT3,ASV_00211,2
IT3,ASV_00214,4
IT3,ASV_00215,1
IT3,ASV_00218,5
IT3,ASV_00221,5
IT3,ASV_00227,5
IT3,ASV_00232,1
IT3,ASV_00233,1
IT3,ASV_00238,5
IT3,ASV_00242,1
IT3,ASV_00244,5
IT3,ASV_00249,5
IT3,ASV_00250,5
IT3,ASV_00254,5
IT3,ASV_00259,5
IT3,ASV_00262,1
IT3,ASV_00264,4
IT3,ASV_00266,4
IT3,ASV_00270,1
IT3,ASV_00273,5
IT3,ASV_00278,5
IT3,ASV_00279,4
IT3,ASV_00286,4
IT3,ASV_00288,5
IT3,ASV_00290,1
IT3,ASV_00294,5
IT3,ASV_00295,4
IT3,ASV_00307,4
IT3,ASV_00308,4
IT3,ASV_00311,1
IT3,ASV_00312,1
IT3,ASV_00313,4
IT3,ASV_00315,5
IT3,ASV_00318,1
IT3,ASV_00324,1
IT3,ASV_00326,4
IT3,ASV_00327,1
IT3,ASV_00331,1
IT3,ASV_00333,5
IT3,ASV_00335,1
IT3,ASV_00336,4
IT3,ASV_00340,4
IT3,ASV_00345,5
IT3,ASV_00352,4
IT3,ASV_00354,4
IT3,ASV_00356,1
IT3,ASV_00377,5
IT3,ASV_00381,5
IT3,ASV_00384,5
IT3,ASV_00395,1
IT3,ASV_00399,5
IT3,ASV_00404,1
IT3,ASV_00425,4
IT3,ASV_00438,1
IT3,ASV_00441,5
IT3,ASV_00447,5
IT3,ASV_00452,5
IT3,ASV_00458,5
IT3,ASV_00464,1
IT3,ASV_00482,4
IT3,ASV_00501,4
IT3,ASV_00550,1
IT3,ASV_00572,1
IT3,ASV_00654,1
IT3,ASV_00732,4
IT3,ASV_00067,5
IT3,ASV_00574,1
IT3,ASV_00636,1
IT3,ASV_00966,1
IT3,ASV_00095,5
IT3,ASV_00011,5
IT3,ASV_00337,5
IT3,ASV_00527,4
IT3,ASV_00782,5
IT3,ASV_01152,5
IT3,ASV_00542,4
IT3,ASV_00504,5
IT3,ASV_00843,5
IT3,ASV_00402,5
FI1,ASV_00007,1
FI1,ASV_00008,2
FI1,ASV_00012,2
FI1,ASV_00013,1
FI1,ASV_00016,2
FI1,ASV_00018,2
FI1,ASV_00019,2
FI1,ASV_00020,3
FI1,ASV_00024,1
FI1,ASV_00028,2
FI1,ASV_00029,1
FI1,ASV_00031,2
FI1,ASV_00034,3
FI1,ASV_00035,1
FI1,ASV_00039,1
FI1,ASV_00042,1
FI1,ASV_00044,3
FI1,ASV_00045,3
FI1,ASV_00046,2
FI1,ASV_00048,2
FI1,ASV_00050,2
FI1,ASV_00051,3
FI1,ASV_00052,2
FI1,ASV_00053,3
FI1,ASV_00054,3
FI1,ASV_00055,3
FI1,ASV_00057,2
FI1,ASV_00058,1
FI1,ASV_00059,2
FI1,ASV_00060,3
FI1,ASV_00061,2
FI1,ASV_00063,1
FI1,ASV_00064,3
FI1,ASV_00066,3
FI1,ASV_00069,1
FI1,ASV_00070,3
FI1,ASV_00071,3
FI1,ASV_00076,3
FI1,ASV_00078,3
FI1,ASV_00080,3
FI1,ASV_00081,3
FI1,ASV_00083,1
FI1,ASV_00084,1
FI1,ASV_00085,3
FI1,ASV_00086,1
FI1,ASV_00087,3
FI1,ASV_00090,1
FI1,ASV_00092,3
FI1,ASV_00093,3
FI1,ASV_00094,1
FI1,ASV_00096,1
FI1,ASV_00099,1
FI1,ASV_00100,1
FI1,ASV_00101,3
FI1,ASV_00104,1
FI1,ASV_00105,2
FI1,ASV_00106,3
FI1,ASV_00107,3
FI1,ASV_00109,3
FI1,ASV_00112,3
FI1,ASV_00113,1
FI1,ASV_00116,3
FI1,ASV_00117,1
FI1,ASV_00118,3
FI1,ASV_00119,3
FI1,ASV_00121,2
FI1,ASV_00123,3
FI1,ASV_00125,3
FI1,ASV_00126,8
FI1,ASV_00128,2
FI1,ASV_00130,8
FI1,ASV_00131,1
FI1,ASV_00133,1
FI1,ASV_00134,8
FI1,ASV_00135,8
FI1,ASV_00136,8
FI1,ASV_00138,8
FI1,ASV_00140,1
FI1,ASV_00142,8
FI1,ASV_00144,8
FI1,ASV_00146,1
FI1,ASV_00148,8
FI1,ASV_00149,8
FI1,ASV_00151,8
FI1,ASV_00152,8
FI1,ASV_00155,9
FI1,ASV_00156,8
FI1,ASV_00157,8
FI1,ASV_00158,2
FI1,ASV_00160,9
FI1,ASV_00161,9
FI1,ASV_00163,8
FI1,ASV_00164,8
FI1,ASV_00166,8
FI1,ASV_00168,2
FI1,ASV_00171,8
FI1,ASV_00172,8
FI1,ASV_00174,8
FI1,ASV_00177,8
FI1,ASV_00180,8
FI1,ASV_00181,9
FI1,ASV_00182,8
FI1,ASV_00185,2
FI1,ASV_00187,8
FI1,ASV_00188,9
FI1,ASV_00190,8
FI1,ASV_00196,8
FI1,ASV_00197,9
FI1,ASV_00200,8
FI1,ASV_00201,8
FI1,ASV_00204,8
FI1,ASV_00206,9
FI1,ASV_00210,9
FI1,ASV_00211,9
FI1,ASV_00218,8
FI1,ASV_00219,9
FI1,ASV_00223,9
FI1,ASV_00224,9
FI1,ASV_00231,9
FI1,ASV_00232,2
FI1,ASV_00233,10
FI1,ASV_00235,10
FI1,ASV_00240,10
FI1,ASV_00241,10
FI1,ASV_00242,2
FI1,ASV_00243,10
FI1,ASV_00248,9
FI1,ASV_00249,2
FI1,ASV_00250,10
FI1,ASV_00255,10
FI1,ASV_00256,10
FI1,ASV_00257,10
FI1,ASV_00258,2
FI1,ASV_00260,10
FI1,ASV_00261,10
FI1,ASV_00262,10
FI1,ASV_00265,10
FI1,ASV_00267,9
FI1,ASV_00269,10
FI1,ASV_00270,9
FI1,ASV_00274,9
FI1,ASV_00275,10
FI1,ASV_00276,10
FI1,ASV_00277,10
FI1,ASV_00280,10
FI1,ASV_00281,10
FI1,ASV_00283,10
FI1,ASV_00288,9
FI1,ASV_00289,9
FI1,ASV_00290,10
FI1,ASV_00292,10
FI1,ASV_00296,9
FI1,ASV_00297,10
FI1,ASV_00298,10
FI1,ASV_00299,10
FI1,ASV_00301,10
FI1,ASV_00303,10
FI1,ASV_00309,10
FI1,ASV_00310,2
FI1,ASV_00311,2
FI1,ASV_00315,10
FI1,ASV_00318,10
FI1,ASV_00319,10
FI1,ASV_00323,10
FI1,ASV_00324,5
FI1,ASV_00329,10
FI1,ASV_00331,5
FI1,ASV_00335,10
FI1,ASV_00338,10
FI1,ASV_00339,7
FI1,ASV_00341,7
FI1,ASV_00342,7
FI1,ASV_00348,7
FI1,ASV_00349,5
FI1,ASV_00350,7
FI1,ASV_00351,7
FI1,ASV_00356,7
FI1,ASV_00360,5
FI1,ASV_00361,7
FI1,ASV_00365,5
FI1,ASV_00376,7
FI1,ASV_00377,2
FI1,ASV_00379,7
FI1,ASV_00384,5
FI1,ASV_00385,7
FI1,ASV_00387,7
FI1,ASV_00388,5
FI1,ASV_00392,7
FI1,ASV_00397,2
FI1,ASV_00406,7
FI1,ASV_00421,5
FI1,ASV_00425,7
FI1,ASV_00426,7
FI1,ASV_00435,5
FI1,ASV_00442,5
FI1,ASV_00449,7
FI1,ASV_00452,5
FI1,ASV_00461,5
FI1,ASV_00464,7
FI1,ASV_00472,5
FI1,ASV_00474,5
FI1,ASV_00475,5
FI1,ASV_00477,5
FI1,ASV_00478,7
FI1,ASV_00481,7
FI1,ASV_00483,7
FI1,ASV_00486,7
FI1,ASV_00487,7
FI1,ASV_00493,7
FI1,ASV_00494,7
FI1,ASV_00495,7
FI1,ASV_00497,7
FI1,ASV_00499,5
FI1,ASV_00504,7
FI1,ASV_00505,5
FI1,ASV_00513,2
FI1,ASV_00517,7
FI1,ASV_00523,5
FI1,ASV_00531,5
FI1,ASV_00535,4
FI1,ASV_00536,4
FI1,ASV_00538,5
FI1,ASV_00541,4
FI1,ASV_00543,4
FI1,ASV_00546,4
FI1,ASV_00548,4
FI1,ASV_00554,4
FI1,ASV_00557,4
FI1,ASV_00563,4
FI1,ASV_00570,4
FI1,ASV_00575,4
FI1,ASV_00583,4
FI1,ASV_00587,4
FI1,ASV_00600,4
FI1,ASV_00601,4
FI1,ASV_00603,2
FI1,ASV_00607,11
FI1,ASV_00610,4
FI1,ASV_00620,4
FI1,ASV_00621,4
FI1,ASV_00626,4
FI1,ASV_00627,4
FI1,ASV_00630,4
FI1,ASV_00638,4
FI1,ASV_00640,4
FI1,ASV_00641,4
FI1,ASV_00643,4
FI1,ASV_00644,4
FI1,ASV_00645,11
FI1,ASV_00649,4
FI1,ASV_00651,4
FI1,ASV_00656,4
FI1,ASV_00662,11
FI1,ASV_00666,4
FI1,ASV_00682,4
FI1,ASV_00683,11
FI1,ASV_00689,6
FI1,ASV_00704,2
FI1,ASV_00705,11
FI1,ASV_00712,6
FI1,ASV_00715,2
FI1,ASV_00723,6
FI1,ASV_00727,6
FI1,ASV_00729,11
FI1,ASV_00743,11
FI1,ASV_00746,6
FI1,ASV_00753,6
FI1,ASV_00758,6
FI1,ASV_00761,11
FI1,ASV_00763,6
FI1,ASV_00764,11
FI1,ASV_00772,6
FI1,ASV_00774,6
FI1,ASV_00775,11
FI1,ASV_00786,6
FI1,ASV_00795,11
FI1,ASV_00805,2
FI1,ASV_00807,6
FI1,ASV_00827,11
FI1,ASV_00865,6
FI1,ASV_00868,6
FI1,ASV_00888,6
FI1,ASV_00890,6
FI1,ASV_00910,6
FI1,ASV_00930,11
FI1,ASV_00962,11
FI1,ASV_00973,11
FI1,ASV_01009,6
FI1,ASV_01032,6
FI1,ASV_01049,6
FI1,ASV_01074,11
FI1,ASV_01099,6
FI1,ASV_01111,6
FI1,ASV_01178,6
FI1,ASV_01188,6
FI1,ASV_01245,11
FI1,ASV_01247,6
FI1,ASV_01249,11
FI1,ASV_01257,6
FI1,ASV_01439,6
FI1,ASV_01483,6
FI1,ASV_01503,6
FI1,ASV_01558,11
FI1,ASV_01579,11
FI1,ASV_01603,11
FI1,ASV_00009,2
FI1,ASV_00040,2
FI1,ASV_02092,6
FI1,ASV_00883,2
SE1,ASV_00002,3
SE1,ASV_00003,7
SE1,ASV_00004,7
SE1,ASV_00006,7
SE1,ASV_00007,3
SE1,ASV_00008,7
SE1,ASV_00009,3
SE1,ASV_00010,7
SE1,ASV_00011,7
SE1,ASV_00012,3
SE1,ASV_00013,3
SE1,ASV_00016,3
SE1,ASV_00019,7
SE1,ASV_00020,3
SE1,ASV_00021,7
SE1,ASV_00022,3
SE1,ASV_00023,7
SE1,ASV_00024,3
SE1,ASV_00026,3
SE1,ASV_00027,7
SE1,ASV_00028,3
SE1,ASV_00029,3
SE1,ASV_00030,3
SE1,ASV_00031,6
SE1,ASV_00032,7
SE1,ASV_00033,3
SE1,ASV_00035,3
SE1,ASV_00036,3
SE1,ASV_00037,7
SE1,ASV_00039,6
SE1,ASV_00040,3
SE1,ASV_00041,11
SE1,ASV_00042,3
SE1,ASV_00044,3
SE1,ASV_00045,3
SE1,ASV_00046,3
SE1,ASV_00048,3
SE1,ASV_00049,3
SE1,ASV_00050,7
SE1,ASV_00051,3
SE1,ASV_00052,7
SE1,ASV_00053,3
SE1,ASV_00054,10
SE1,ASV_00055,7
SE1,ASV_00056,10
SE1,ASV_00057,10
SE1,ASV_00058,7
SE1,ASV_00059,10
SE1,ASV_00060,7
SE1,ASV_00061,10
SE1,ASV_00062,7
SE1,ASV_00063,10
SE1,ASV_00064,6
SE1,ASV_00066,10
SE1,ASV_00067,7
SE1,ASV_00069,6
SE1,ASV_00070,10
SE1,ASV_00071,10
SE1,ASV_00074,6
SE1,ASV_00076,10
SE1,ASV_00078,10
SE1,ASV_00080,11
SE1,ASV_00081,6
SE1,ASV_00082,10
SE1,ASV_00083,10
SE1,ASV_00084,7
SE1,ASV_00085,10
SE1,ASV_00086,10
SE1,ASV_00087,10
SE1,ASV_00088,6
SE1,ASV_00090,7
SE1,ASV_00092,10
SE1,ASV_00093,6
SE1,ASV_00094,11
SE1,ASV_00095,6
SE1,ASV_00096,10
SE1,ASV_00097,7
SE1,ASV_00100,6
SE1,ASV_00101,6
SE1,ASV_00104,14
SE1,ASV_00105,7
SE1,ASV_00106,10
SE1,ASV_00107,10
SE1,ASV_00109,6
SE1,ASV_00110,14
SE1,ASV_00112,6
SE1,ASV_00113,6
SE1,ASV_00116,10
SE1,ASV_00118,7
SE1,ASV_00120,14
SE1,ASV_00123,14
SE1,ASV_00125,6
SE1,ASV_00126,11
SE1,ASV_00128,14
SE1,ASV_00131,14
SE1,ASV_00134,11
SE1,ASV_00135,14
SE1,ASV_00136,14
SE1,ASV_00138,14
SE1,ASV_00139,7
SE1,ASV_00140,6
SE1,ASV_00141,6
SE1,ASV_00142,8
SE1,ASV_00143,11
SE1,ASV_00144,7
SE1,ASV_00146,14
SE1,ASV_00148,8
SE1,ASV_00149,14
SE1,ASV_00151,14
SE1,ASV_00152,14
SE1,ASV_00155,6
SE1,ASV_00156,14
SE1,ASV_00157,8
SE1,ASV_00159,14
SE1,ASV_00160,8
SE1,ASV_00161,6
SE1,ASV_00163,8
SE1,ASV_00164,14
SE1,ASV_00165,6
SE1,ASV_00166,14
SE1,ASV_00167,8
SE1,ASV_00170,6
SE1,ASV_00171,14
SE1,ASV_00172,6
SE1,ASV_00174,6
SE1,ASV_00177,14
SE1,ASV_00179,14
SE1,ASV_00180,8
SE1,ASV_00181,14
SE1,ASV_00182,14
SE1,ASV_00185,6
SE1,ASV_00186,6
SE1,ASV_00187,8
SE1,ASV_00191,6
SE1,ASV_00193,6
SE1,ASV_00196,14
SE1,ASV_00197,8
SE1,ASV_00198,13
SE1,ASV_00200,8
SE1,ASV_00201,13
SE1,ASV_00204,13
SE1,ASV_00205,13
SE1,ASV_00210,13
SE1,ASV_00211,13
SE1,ASV_00217,11
SE1,ASV_00218,8
SE1,ASV_00219,13
SE1,ASV_00223,13
SE1,ASV_00224,11
SE1,ASV_00231,13
SE1,ASV_00232,5
SE1,ASV_00233,13
SE1,ASV_00235,13
SE1,ASV_00236,13
SE1,ASV_00237,11
SE1,ASV_00240,5
SE1,ASV_00241,13
SE1,ASV_00242,5
SE1,ASV_00243,11
SE1,ASV_00248,13
SE1,ASV_00249,5
SE1,ASV_00250,13
SE1,ASV_00251,13
SE1,ASV_00252,13
SE1,ASV_00254,11
SE1,ASV_00255,13
SE1,ASV_00256,11
SE1,ASV_00257,11
SE1,ASV_00258,13
SE1,ASV_00260,13
SE1,ASV_00261,13
SE1,ASV_00262,13
SE1,ASV_00265,11
SE1,ASV_00267,13
SE1,ASV_00268,11
SE1,ASV_00269,13
SE1,ASV_00274,5
SE1,ASV_00275,11
SE1,ASV_00276,11
SE1,ASV_00277,13
SE1,ASV_00280,11
SE1,ASV_00281,5
SE1,ASV_00288,5
SE1,ASV_00289,13
SE1,ASV_00290,5
SE1,ASV_00292,5
SE1,ASV_00293,13
SE1,ASV_00294,11
SE1,ASV_00296,13
SE1,ASV_00297,13
SE1,ASV_00298,13
SE1,ASV_00301,11
SE1,ASV_00303,13
SE1,ASV_00309,5
SE1,ASV_00313,13
SE1,ASV_00314,11
SE1,ASV_00315,11
SE1,ASV_00318,11
SE1,ASV_00323,13
SE1,ASV_00324,5
SE1,ASV_00328,13
SE1,ASV_00329,5
SE1,ASV_00331,13
SE1,ASV_00332,1
SE1,ASV_00334,13
SE1,ASV_00335,5
SE1,ASV_00341,12
SE1,ASV_00342,1
SE1,ASV_00348,1
SE1,ASV_00349,1
SE1,ASV_00350,1
SE1,ASV_00351,5
SE1,ASV_00356,1
SE1,ASV_00360,13
SE1,ASV_00361,1
SE1,ASV_00363,1
SE1,ASV_00364,1
SE1,ASV_00365,1
SE1,ASV_00366,1
SE1,ASV_00367,1
SE1,ASV_00369,1
SE1,ASV_00371,12
SE1,ASV_00373,12
SE1,ASV_00374,11
SE1,ASV_00376,1
SE1,ASV_00379,1
SE1,ASV_00382,1
SE1,ASV_00384,12
SE1,ASV_00385,12
SE1,ASV_00386,12
SE1,ASV_00387,1
SE1,ASV_00392,12
SE1,ASV_00395,12
SE1,ASV_00400,11
SE1,ASV_00406,1
SE1,ASV_00410,12
SE1,ASV_00415,1
SE1,ASV_00416,12
SE1,ASV_00417,1
SE1,ASV_00419,12
SE1,ASV_00424,1
SE1,ASV_00426,1
SE1,ASV_00431,12
SE1,ASV_00435,9
SE1,ASV_00438,1
SE1,ASV_00441,11
SE1,ASV_00442,12
SE1,ASV_00444,1
SE1,ASV_00446,1
SE1,ASV_00447,12
SE1,ASV_00449,11
SE1,ASV_00452,1
SE1,ASV_00456,12
SE1,ASV_00464,12
SE1,ASV_00470,11
SE1,ASV_00471,11
SE1,ASV_00472,1
SE1,ASV_00474,12
SE1,ASV_00475,12
SE1,ASV_00477,9
SE1,ASV_00478,12
SE1,ASV_00481,1
SE1,ASV_00483,12
SE1,ASV_00484,1
SE1,ASV_00486,12
SE1,ASV_00487,1
SE1,ASV_00490,1
SE1,ASV_00493,1
SE1,ASV_00494,12
SE1,ASV_00495,1
SE1,ASV_00497,12
SE1,ASV_00502,12
SE1,ASV_00504,12
SE1,ASV_00505,12
SE1,ASV_00508,12
SE1,ASV_00509,12
SE1,ASV_00515,12
SE1,ASV_00517,12
SE1,ASV_00520,9
SE1,ASV_00524,12
SE1,ASV_00534,12
SE1,ASV_00535,15
SE1,ASV_00541,12
SE1,ASV_00543,15
SE1,ASV_00546,12
SE1,ASV_00548,9
SE1,ASV_00552,9
SE1,ASV_00554,15
SE1,ASV_00557,12
SE1,ASV_00559,15
SE1,ASV_00563,15
SE1,ASV_00570,9
SE1,ASV_00574,15
SE1,ASV_00575,12
SE1,ASV_00583,12
SE1,ASV_00587,15
SE1,ASV_00590,9
SE1,ASV_00593,12
SE1,ASV_00600,12
SE1,ASV_00601,15
SE1,ASV_00603,15
SE1,ASV_00607,12
SE1,ASV_00610,15
SE1,ASV_00614,9
SE1,ASV_00621,12
SE1,ASV_00627,15
SE1,ASV_00630,9
SE1,ASV_00631,9
SE1,ASV_00638,15
SE1,ASV_00640,12
SE1,ASV_00641,15
SE1,ASV_00643,15
SE1,ASV_00644,12
SE1,ASV_00645,15
SE1,ASV_00647,12
SE1,ASV_00649,12
SE1,ASV_00652,12
SE1,ASV_00654,15
SE1,ASV_00656,12
SE1,ASV_00659,12
SE1,ASV_00662,15
SE1,ASV_00666,15
SE1,ASV_00671,12
SE1,ASV_00675,12
SE1,ASV_00683,4
SE1,ASV_00685,15
SE1,ASV_00686,4
SE1,ASV_00688,15
SE1,ASV_00689,15
SE1,ASV_00693,15
SE1,ASV_00700,9
SE1,ASV_00704,4
SE1,ASV_00709,4
SE1,ASV_00711,9
SE1,ASV_00712,4
SE1,ASV_00721,2
SE1,ASV_00722,9
SE1,ASV_00723,15
SE1,ASV_00726,15
SE1,ASV_00727,4
SE1,ASV_00735,2
SE1,ASV_00736,2
SE1,ASV_00737,4
SE1,ASV_00743,15
SE1,ASV_00746,15
SE1,ASV_00747,2
SE1,ASV_00751,2
SE1,ASV_00763,4
SE1,ASV_00764,4
SE1,ASV_00774,4
SE1,ASV_00775,4
SE1,ASV_00786,2
SE1,ASV_00788,4
SE1,ASV_00792,2
SE1,ASV_00794,2
SE1,ASV_00795,4
SE1,ASV_00801,2
SE1,ASV_00803,9
SE1,ASV_00804,9
SE1,ASV_00807,4
SE1,ASV_00810,2
SE1,ASV_00814,2
SE1,ASV_00825,9
SE1,ASV_00833,9
SE1,ASV_00834,9
SE1,ASV_00843,2
SE1,ASV_00854,9
SE1,ASV_00860,4
SE1,ASV_00865,2
SE1,ASV_00868,4
SE1,ASV_00874,4
SE1,ASV_00888,4
SE1,ASV_00891,4
SE1,ASV_00897,2
SE1,ASV_00910,4
SE1,ASV_00912,2
SE1,ASV_00913,2
SE1,ASV_00914,2
SE1,ASV_00920,2
SE1,ASV_00928,9
SE1,ASV_00930,4
SE1,ASV_00939,9
SE1,ASV_00973,2
SE1,ASV_00976,9
SE1,ASV_00978,9
SE1,ASV_00983,4
SE1,ASV_00996,9
SE1,ASV_01004,4
SE1,ASV_01009,2
SE1,ASV_01016,9
SE1,ASV_01022,2
SE1,ASV_01029,9
SE1,ASV_01031,9
SE1,ASV_01037,2
SE1,ASV_01040,4
SE1,ASV_01046,2
SE1,ASV_01048,9
SE1,ASV_01053,2
SE1,ASV_01054,2
SE1,ASV_01074,4
SE1,ASV_01077,9
SE1,ASV_01090,4
SE1,ASV_01094,2
SE1,ASV_01105,4
SE1,ASV_01107,4
SE1,ASV_01111,4
SE1,ASV_01123,2
SE1,ASV_01128,2
SE1,ASV_01131,2
SE1,ASV_01140,4
SE1,ASV_01141,4
SE1,ASV_01159,2
SE1,ASV_01169,4
SE1,ASV_01176,2
SE1,ASV_01178,4
SE1,ASV_01182,2
SE1,ASV_01196,9
SE1,ASV_01205,9
SE1,ASV_01207,2
SE1,ASV_01208,4
SE1,ASV_01220,4
SE1,ASV_01230,2
SE1,ASV_01246,2
SE1,ASV_01289,2
SE1,ASV_01294,2
SE1,ASV_01312,4
SE1,ASV_01363,2
SE1,ASV_01375,2
SE1,ASV_01378,9
SE1,ASV_01396,2
SE1,ASV_01408,9
SE1,ASV_01416,4
SE1,ASV_01421,2
SE1,ASV_01482,9
SE1,ASV_01483,4
SE1,ASV_01495,2
SE1,ASV_01514,4
SE1,ASV_01549,2
SE1,ASV_01556,9
SE1,ASV_01558,2
SE1,ASV_01581,9
SE1,ASV_01635,2
SE1,ASV_01684,9
SE1,ASV_01692,4
SE1,ASV_01706,9
SE1,ASV_01780,9
SE1,ASV_01861,4
SE1,ASV_01956,2
SE1,ASV_01986,2
SE1,ASV_02027,9
SE1,ASV_02038,2
SE1,ASV_02120,2
SE1,ASV_02163,4
SE1,ASV_02424,4
SE1,ASV_02272,4
SE1,ASV_02358,2
