node_id,module,layer_id,flow,node_name,short_name
1,1,1,1.21145e-4,ASV_00001,UK1
1,1,2,1.59732e-4,ASV_00001,UK2
1,1,3,8.97368e-6,ASV_00001,IT1
1,1,5,7.17894e-6,ASV_00001,IT3
2,1,1,5.33037e-4,ASV_00002,UK1
2,1,2,6.71231e-4,ASV_00002,UK2
2,1,3,4.0561e-4,ASV_00002,IT1
2,1,4,5.64444e-4,ASV_00002,IT2
2,1,5,2.14471e-4,ASV_00002,IT3
2,1,7,2.64724e-4,ASV_00002,SE1
3,1,7,4.57658e-5,ASV_00003,SE1
4,1,7,8.97368e-6,ASV_00004,SE1
5,1,1,4.51376e-4,ASV_00005,UK1
5,1,2,2.99721e-4,ASV_00005,UK2
5,1,3,3.35616e-4,ASV_00005,IT1
5,1,4,2.81774e-4,ASV_00005,IT2
5,1,5,4.93552e-5,ASV_00005,IT3
6,1,7,8.97368e-6,ASV_00006,SE1
7,1,3,3.41e-5,ASV_00007,IT1
7,1,5,8.97368e-6,ASV_00007,IT3
7,1,6,7.89684e-5,ASV_00007,FI1
7,1,7,2.30624e-4,ASV_00007,SE1
8,1,1,1.06787e-4,ASV_00008,UK1
8,1,3,1.99216e-4,ASV_00008,IT1
8,1,5,2.6921e-6,ASV_00008,IT3
8,1,6,1.79474e-6,ASV_00008,FI1
8,1,7,5.20473e-5,ASV_00008,SE1
9,1,1,5.38421e-6,ASV_00009,UK1
9,1,2,8.97368e-6,ASV_00009,UK2
9,1,3,1.43579e-5,ASV_00009,IT1
9,1,4,1.52553e-5,ASV_00009,IT2
9,1,5,8.97368e-6,ASV_00009,IT3
9,1,6,1.79474e-6,ASV_00009,FI1
9,1,7,2.046e-4,ASV_00009,SE1
10,1,1,1.8755e-4,ASV_00010,UK1
10,1,2,5.83289e-5,ASV_00010,UK2
10,1,3,2.28829e-4,ASV_00010,IT1
10,1,4,1.07684e-5,ASV_00010,IT2
10,1,7,6.90973e-5,ASV_00010,SE1
11,1,1,1.3281e-4,ASV_00011,UK1
11,1,2,1.41784e-4,ASV_00011,UK2
11,1,3,2.09087e-4,ASV_00011,IT1
11,1,4,1.97421e-5,ASV_00011,IT2
11,1,5,2.6921e-6,ASV_00011,IT3
11,1,7,6.64052e-5,ASV_00011,SE1
12,1,1,1.25632e-5,ASV_00012,UK1
12,1,3,2.06395e-5,ASV_00012,IT1
12,1,4,1.56142e-4,ASV_00012,IT2
12,1,6,1.43579e-5,ASV_00012,FI1
12,1,7,2.98824e-4,ASV_00012,SE1
13,1,1,3.04208e-4,ASV_00013,UK1
13,1,2,4.21763e-5,ASV_00013,UK2
13,1,3,1.364e-4,ASV_00013,IT1
13,1,4,1.88447e-5,ASV_00013,IT2
13,1,5,3.67921e-5,ASV_00013,IT3
13,1,6,2.28829e-4,ASV_00013,FI1
13,1,7,3.83176e-4,ASV_00013,SE1
14,1,1,3.64331e-4,ASV_00014,UK1
14,1,2,2.62031e-4,ASV_00014,UK2
14,1,3,2.387e-4,ASV_00014,IT1
14,1,4,7.53789e-5,ASV_00014,IT2
15,1,1,4.25352e-4,ASV_00015,UK1
15,1,2,3.23052e-4,ASV_00015,UK2
15,1,3,2.97926e-4,ASV_00015,IT1
15,1,4,3.84971e-4,ASV_00015,IT2
15,1,5,7.8071e-5,ASV_00015,IT3
16,1,1,5.43805e-4,ASV_00016,UK1
16,1,2,6.68539e-4,ASV_00016,UK2
16,1,4,6.31747e-4,ASV_00016,IT2
16,1,5,1.63321e-4,ASV_00016,IT3
16,1,6,3.76895e-5,ASV_00016,FI1
16,1,7,5.49189e-4,ASV_00016,SE1
17,1,1,5.20473e-4,ASV_00017,UK1
17,1,2,3.91252e-4,ASV_00017,UK2
17,1,3,2.44084e-4,ASV_00017,IT1
17,1,4,4.46889e-4,ASV_00017,IT2
17,1,5,1.27426e-4,ASV_00017,IT3
18,1,1,5.77008e-4,ASV_00018,UK1
18,1,2,4.06508e-4,ASV_00018,UK2
18,1,3,3.84971e-4,ASV_00018,IT1
18,1,4,3.97534e-4,ASV_00018,IT2
18,1,5,1.79474e-6,ASV_00018,IT3
18,1,6,3.32026e-5,ASV_00018,FI1
19,1,1,2.24342e-5,ASV_00019,UK1
19,1,3,1.13068e-4,ASV_00019,IT1
19,1,4,9.87105e-6,ASV_00019,IT2
19,1,5,2.87158e-5,ASV_00019,IT3
19,1,6,2.33316e-5,ASV_00019,FI1
19,1,7,4.30737e-5,ASV_00019,SE1
20,1,2,2.78184e-5,ASV_00020,UK2
20,1,5,4.48684e-6,ASV_00020,IT3
20,1,6,2.30624e-4,ASV_00020,FI1
20,1,7,3.25745e-4,ASV_00020,SE1
21,1,1,5.94955e-4,ASV_00021,UK1
21,1,2,5.16884e-4,ASV_00021,UK2
21,1,4,6.07518e-4,ASV_00021,IT2
21,1,5,1.86653e-4,ASV_00021,IT3
21,1,7,8.97368e-7,ASV_00021,SE1
22,1,3,8.16605e-5,ASV_00022,IT1
22,1,5,9.87105e-6,ASV_00022,IT3
22,1,7,2.8626e-4,ASV_00022,SE1
23,1,1,5.65342e-5,ASV_00023,UK1
23,1,3,6.1021e-5,ASV_00023,IT1
23,1,5,1.79474e-5,ASV_00023,IT3
23,1,7,1.25632e-5,ASV_00023,SE1
24,1,1,3.97534e-4,ASV_00024,UK1
24,1,2,5.65342e-5,ASV_00024,UK2
24,1,3,2.01908e-4,ASV_00024,IT1
24,1,4,1.71397e-4,ASV_00024,IT2
24,1,5,1.07684e-5,ASV_00024,IT3
24,1,6,9.5121e-5,ASV_00024,FI1
24,1,7,3.01516e-4,ASV_00024,SE1
25,1,1,3.45487e-4,ASV_00025,UK1
25,1,3,1.73192e-4,ASV_00025,IT1
25,1,4,3.65229e-4,ASV_00025,IT2
25,1,5,1.22042e-4,ASV_00025,IT3
26,1,1,3.0331e-4,ASV_00026,UK1
26,1,3,3.72408e-4,ASV_00026,IT1
26,1,4,5.89571e-4,ASV_00026,IT2
26,1,5,1.63321e-4,ASV_00026,IT3
26,1,7,5.02526e-4,ASV_00026,SE1
27,1,7,5.38421e-6,ASV_00027,SE1
28,1,1,9.87105e-6,ASV_00028,UK1
28,1,3,3.49974e-5,ASV_00028,IT1
28,1,6,2.96131e-5,ASV_00028,FI1
28,1,7,2.61134e-4,ASV_00028,SE1
29,1,1,8.97368e-6,ASV_00029,UK1
29,1,3,1.30118e-4,ASV_00029,IT1
29,1,5,1.07684e-5,ASV_00029,IT3
29,1,6,6.46105e-5,ASV_00029,FI1
29,1,7,1.68705e-4,ASV_00029,SE1
30,1,1,7.16997e-4,ASV_00030,UK1
30,1,2,2.54853e-4,ASV_00030,UK2
30,1,3,3.76895e-4,ASV_00030,IT1
30,1,4,5.13295e-4,ASV_00030,IT2
30,1,5,9.87105e-6,ASV_00030,IT3
30,1,7,4.93552e-4,ASV_00030,SE1
31,1,1,1.66013e-4,ASV_00031,UK1
31,1,2,1.52553e-5,ASV_00031,UK2
31,1,3,2.728e-4,ASV_00031,IT1
31,1,4,1.71397e-4,ASV_00031,IT2
31,1,5,2.15368e-5,ASV_00031,IT3
31,1,6,3.76895e-5,ASV_00031,FI1
31,1,7,1.50758e-4,ASV_00031,SE1
32,1,1,7.78018e-4,ASV_00032,UK1
32,1,2,2.08189e-4,ASV_00032,UK2
32,1,3,4.82784e-4,ASV_00032,IT1
32,1,4,7.40329e-4,ASV_00032,IT2
32,1,5,2.0101e-4,ASV_00032,IT3
32,1,7,2.06395e-5,ASV_00032,SE1
33,1,1,9.42236e-5,ASV_00033,UK1
33,1,2,4.57658e-5,ASV_00033,UK2
33,1,3,2.25239e-4,ASV_00033,IT1
33,1,4,1.20247e-4,ASV_00033,IT2
33,1,5,1.43579e-5,ASV_00033,IT3
33,1,7,2.78184e-4,ASV_00033,SE1
34,1,1,3.91252e-4,ASV_00034,UK1
34,1,2,2.60237e-5,ASV_00034,UK2
34,1,3,9.87105e-5,ASV_00034,IT1
34,1,4,3.57152e-4,ASV_00034,IT2
34,1,5,7.26868e-5,ASV_00034,IT3
34,1,6,3.56255e-4,ASV_00034,FI1
35,1,1,5.47394e-5,ASV_00035,UK1
35,1,2,1.39092e-4,ASV_00035,UK2
35,1,3,1.07684e-5,ASV_00035,IT1
35,1,4,5.02526e-5,ASV_00035,IT2
35,1,5,8.97368e-6,ASV_00035,IT3
35,1,6,1.81268e-4,ASV_00035,FI1
35,1,7,3.27539e-4,ASV_00035,SE1
36,1,1,5.54573e-4,ASV_00036,UK1
36,1,2,4.98039e-4,ASV_00036,UK2
36,1,3,4.72913e-4,ASV_00036,IT1
36,1,4,6.59565e-4,ASV_00036,IT2
36,1,5,1.72295e-4,ASV_00036,IT3
36,1,7,5.95852e-4,ASV_00036,SE1
37,1,1,2.87158e-4,ASV_00037,UK1
37,1,2,3.61639e-4,ASV_00037,UK2
37,1,3,1.37297e-4,ASV_00037,IT1
37,1,4,1.56142e-4,ASV_00037,IT2
37,1,5,9.15315e-5,ASV_00037,IT3
37,1,7,5.115e-5,ASV_00037,SE1
38,1,1,4.28045e-4,ASV_00038,UK1
38,1,2,3.55358e-4,ASV_00038,UK2
38,1,3,2.28829e-4,ASV_00038,IT1
38,1,4,4.18173e-4,ASV_00038,IT2
38,1,5,1.48963e-4,ASV_00038,IT3
39,1,1,3.15874e-4,ASV_00039,UK1
39,1,2,4.37018e-4,ASV_00039,UK2
39,1,4,2.60237e-4,ASV_00039,IT2
39,1,6,1.43579e-4,ASV_00039,FI1
39,1,7,2.12676e-4,ASV_00039,SE1
40,1,1,6.28158e-6,ASV_00040,UK1
40,1,2,4.75605e-5,ASV_00040,UK2
40,1,3,2.18958e-4,ASV_00040,IT1
40,1,4,2.06395e-5,ASV_00040,IT2
40,1,5,2.24342e-5,ASV_00040,IT3
40,1,6,1.79474e-6,ASV_00040,FI1
40,1,7,2.2165e-4,ASV_00040,SE1
41,1,1,2.23445e-4,ASV_00041,UK1
41,1,2,2.58442e-4,ASV_00041,UK2
41,1,3,2.51263e-5,ASV_00041,IT1
41,1,4,2.30624e-4,ASV_00041,IT2
41,1,5,8.07631e-5,ASV_00041,IT3
41,1,7,1.03197e-4,ASV_00041,SE1
42,1,1,3.64331e-4,ASV_00042,UK1
42,1,2,6.19184e-5,ASV_00042,UK2
42,1,3,3.49974e-5,ASV_00042,IT1
42,1,4,1.16658e-5,ASV_00042,IT2
42,1,5,9.06342e-5,ASV_00042,IT3
42,1,6,1.8755e-4,ASV_00042,FI1
42,1,7,3.82279e-4,ASV_00042,SE1
43,1,1,5.47394e-4,ASV_00043,UK1
43,1,2,4.27147e-4,ASV_00043,UK2
43,1,3,2.44084e-4,ASV_00043,IT1
43,1,4,5.15089e-4,ASV_00043,IT2
43,1,5,1.52553e-4,ASV_00043,IT3
44,1,1,4.35223e-4,ASV_00044,UK1
44,1,2,4.30737e-5,ASV_00044,UK2
44,1,3,2.33316e-5,ASV_00044,IT1
44,1,4,4.12789e-5,ASV_00044,IT2
44,1,5,9.87105e-6,ASV_00044,IT3
44,1,6,2.98824e-4,ASV_00044,FI1
44,1,7,3.5805e-4,ASV_00044,SE1
45,1,1,7.92376e-4,ASV_00045,UK1
45,1,2,2.51263e-4,ASV_00045,UK2
45,1,3,4.19071e-4,ASV_00045,IT1
45,1,4,7.68147e-4,ASV_00045,IT2
45,1,6,5.74316e-4,ASV_00045,FI1
45,1,7,5.69829e-4,ASV_00045,SE1
46,1,1,2.23445e-4,ASV_00046,UK1
46,1,3,5.65342e-5,ASV_00046,IT1
46,1,6,7.53789e-5,ASV_00046,FI1
46,1,7,3.52666e-4,ASV_00046,SE1
47,1,1,2.85363e-4,ASV_00047,UK1
47,1,3,1.88447e-4,ASV_00047,IT1
47,1,4,2.97926e-4,ASV_00047,IT2
47,1,5,1.04992e-4,ASV_00047,IT3
48,1,1,5.49189e-4,ASV_00048,UK1
48,1,2,6.138e-4,ASV_00048,UK2
48,1,3,4.10097e-4,ASV_00048,IT1
48,1,4,6.28158e-4,ASV_00048,IT2
48,1,5,2.09087e-4,ASV_00048,IT3
48,1,6,5.38421e-6,ASV_00048,FI1
48,1,7,4.81887e-4,ASV_00048,SE1
49,1,1,6.90076e-4,ASV_00049,UK1
49,1,2,2.66518e-4,ASV_00049,UK2
49,1,3,4.21763e-4,ASV_00049,IT1
49,1,4,1.28324e-4,ASV_00049,IT2
49,1,5,6.46105e-5,ASV_00049,IT3
49,1,7,4.44197e-4,ASV_00049,SE1
50,1,1,7.00844e-4,ASV_00050,UK1
50,1,2,5.85084e-4,ASV_00050,UK2
50,1,4,5.94955e-4,ASV_00050,IT2
50,1,5,1.91139e-4,ASV_00050,IT3
50,1,6,2.87158e-5,ASV_00050,FI1
50,1,7,1.08582e-4,ASV_00050,SE1
51,1,1,6.98152e-4,ASV_00051,UK1
51,1,2,3.31129e-4,ASV_00051,UK2
51,1,3,4.27147e-4,ASV_00051,IT1
51,1,4,1.07684e-5,ASV_00051,IT2
51,1,5,4.3971e-5,ASV_00051,IT3
51,1,6,3.17668e-4,ASV_00051,FI1
51,1,7,5.27652e-4,ASV_00051,SE1
52,1,1,4.9086e-4,ASV_00052,UK1
52,1,2,5.30344e-4,ASV_00052,UK2
52,1,4,4.19071e-4,ASV_00052,IT2
52,1,5,1.59732e-4,ASV_00052,IT3
52,1,6,1.79474e-6,ASV_00052,FI1
52,1,7,1.364e-4,ASV_00052,SE1
53,1,1,9.90694e-4,ASV_00053,UK1
53,1,3,6.40721e-4,ASV_00053,IT1
53,1,4,8.30963e-4,ASV_00053,IT2
53,1,5,5.92263e-5,ASV_00053,IT3
53,1,6,6.22773e-4,ASV_00053,FI1
53,1,7,5.77008e-4,ASV_00053,SE1
54,1,1,7.64558e-4,ASV_00054,UK1
54,1,2,6.99947e-5,ASV_00054,UK2
54,1,3,4.17276e-4,ASV_00054,IT1
54,1,4,1.16658e-4,ASV_00054,IT2
54,1,5,2.24342e-5,ASV_00054,IT3
54,1,6,4.87271e-4,ASV_00054,FI1
54,1,7,6.42516e-4,ASV_00054,SE1
55,1,1,9.11726e-4,ASV_00055,UK1
55,1,2,1.78576e-4,ASV_00055,UK2
55,1,3,5.0791e-4,ASV_00055,IT1
55,1,4,8.22886e-4,ASV_00055,IT2
55,1,5,1.92934e-4,ASV_00055,IT3
55,1,6,3.93047e-4,ASV_00055,FI1
55,1,7,1.71397e-4,ASV_00055,SE1
56,1,1,7.73531e-4,ASV_00056,UK1
56,1,2,4.63042e-4,ASV_00056,UK2
56,1,3,5.06116e-4,ASV_00056,IT1
56,1,4,7.48405e-4,ASV_00056,IT2
56,1,5,8.97368e-5,ASV_00056,IT3
56,1,7,7.08921e-4,ASV_00056,SE1
57,1,1,6.93665e-4,ASV_00057,UK1
57,1,2,4.99834e-4,ASV_00057,UK2
57,1,3,3.73305e-4,ASV_00057,IT1
57,1,4,3.58947e-4,ASV_00057,IT2
57,1,5,8.43526e-5,ASV_00057,IT3
57,1,6,9.87105e-6,ASV_00057,FI1
57,1,7,5.57266e-4,ASV_00057,SE1
58,1,1,4.74708e-4,ASV_00058,UK1
58,1,2,4.93552e-4,ASV_00058,UK2
58,1,3,4.13687e-4,ASV_00058,IT1
58,1,4,7.08023e-4,ASV_00058,IT2
58,1,5,4.57658e-5,ASV_00058,IT3
58,1,6,3.00618e-4,ASV_00058,FI1
58,1,7,1.38195e-4,ASV_00058,SE1
59,1,1,7.69942e-4,ASV_00059,UK1
59,1,2,6.69437e-4,ASV_00059,UK2
59,1,3,4.93552e-4,ASV_00059,IT1
59,1,4,6.51489e-4,ASV_00059,IT2
59,1,5,1.61526e-4,ASV_00059,IT3
59,1,6,4.84579e-5,ASV_00059,FI1
59,1,7,7.161e-4,ASV_00059,SE1
60,1,1,6.42516e-4,ASV_00060,UK1
60,1,2,5.87776e-4,ASV_00060,UK2
60,1,4,5.91366e-4,ASV_00060,IT2
60,1,6,4.31634e-4,ASV_00060,FI1
60,1,7,9.69157e-5,ASV_00060,SE1
61,1,1,5.2496e-4,ASV_00061,UK1
61,1,2,5.4201e-4,ASV_00061,UK2
61,1,4,5.15987e-4,ASV_00061,IT2
61,1,6,4.3971e-5,ASV_00061,FI1
61,1,7,4.092e-4,ASV_00061,SE1
62,1,1,6.1021e-5,ASV_00062,UK1
62,1,2,3.05105e-5,ASV_00062,UK2
62,1,3,7.08921e-5,ASV_00062,IT1
62,1,4,9.24289e-5,ASV_00062,IT2
62,1,5,2.42289e-5,ASV_00062,IT3
62,1,7,4.84579e-5,ASV_00062,SE1
63,1,1,7.61865e-4,ASV_00063,UK1
63,1,2,2.88953e-4,ASV_00063,UK2
63,1,3,5.20473e-4,ASV_00063,IT1
63,1,4,7.86094e-4,ASV_00063,IT2
63,1,5,9.5121e-5,ASV_00063,IT3
63,1,6,3.43692e-4,ASV_00063,FI1
63,1,7,5.797e-4,ASV_00063,SE1
64,1,1,5.456e-4,ASV_00064,UK1
64,1,2,3.5446e-4,ASV_00064,UK2
64,1,3,8.25579e-5,ASV_00064,IT1
64,1,4,4.47787e-4,ASV_00064,IT2
64,1,5,1.52553e-5,ASV_00064,IT3
64,1,6,2.82671e-4,ASV_00064,FI1
64,1,7,2.09087e-4,ASV_00064,SE1
65,1,1,2.90747e-4,ASV_00065,UK1
65,1,3,1.56142e-4,ASV_00065,IT1
65,1,4,2.93439e-4,ASV_00065,IT2
65,1,5,1.04095e-4,ASV_00065,IT3
66,1,1,7.49302e-4,ASV_00066,UK1
66,1,2,7.10715e-4,ASV_00066,UK2
66,1,4,6.43413e-4,ASV_00066,IT2
66,1,6,5.02526e-4,ASV_00066,FI1
66,1,7,6.84692e-4,ASV_00066,SE1
67,1,3,1.12171e-4,ASV_00067,IT1
67,1,4,3.76895e-5,ASV_00067,IT2
67,1,5,9.87105e-6,ASV_00067,IT3
67,1,7,6.90973e-5,ASV_00067,SE1
68,1,1,5.87776e-4,ASV_00068,UK1
68,1,2,2.5575e-4,ASV_00068,UK2
68,1,3,3.16771e-4,ASV_00068,IT1
68,1,4,4.9445e-4,ASV_00068,IT2
68,1,5,1.22042e-4,ASV_00068,IT3
69,1,1,4.54966e-4,ASV_00069,UK1
69,1,2,5.41113e-4,ASV_00069,UK2
69,1,4,5.37523e-4,ASV_00069,IT2
69,1,5,9.24289e-5,ASV_00069,IT3
69,1,6,1.52553e-4,ASV_00069,FI1
69,1,7,1.90242e-4,ASV_00069,SE1
70,1,1,9.66465e-4,ASV_00070,UK1
70,1,2,4.66631e-4,ASV_00070,UK2
70,1,3,5.77008e-4,ASV_00070,IT1
70,1,4,6.26363e-4,ASV_00070,IT2
70,1,5,8.97368e-5,ASV_00070,IT3
70,1,6,5.52779e-4,ASV_00070,FI1
70,1,7,5.97647e-4,ASV_00070,SE1
71,1,1,6.76615e-4,ASV_00071,UK1
71,1,2,5.69829e-4,ASV_00071,UK2
71,1,3,5.00731e-4,ASV_00071,IT1
71,1,4,6.55976e-4,ASV_00071,IT2
71,1,5,2.40495e-4,ASV_00071,IT3
71,1,6,5.90468e-4,ASV_00071,FI1
71,1,7,6.43413e-4,ASV_00071,SE1
72,1,1,4.7381e-4,ASV_00072,UK1
72,1,2,4.58555e-4,ASV_00072,UK2
72,1,4,4.45095e-4,ASV_00072,IT2
73,1,1,5.77905e-4,ASV_00073,UK1
73,1,2,4.30737e-4,ASV_00073,UK2
73,1,3,2.90747e-4,ASV_00073,IT1
73,1,4,4.6035e-4,ASV_00073,IT2
73,1,5,1.48066e-4,ASV_00073,IT3
74,1,1,1.67808e-4,ASV_00074,UK1
74,1,2,6.99947e-5,ASV_00074,UK2
74,1,4,2.07292e-4,ASV_00074,IT2
74,1,7,7.44815e-5,ASV_00074,SE1
75,1,1,4.41505e-4,ASV_00075,UK1
75,1,2,3.78689e-4,ASV_00075,UK2
75,1,3,2.66518e-4,ASV_00075,IT1
75,1,4,4.3971e-4,ASV_00075,IT2
75,1,5,1.3281e-4,ASV_00075,IT3
76,1,1,8.3545e-4,ASV_00076,UK1
76,1,2,7.38534e-4,ASV_00076,UK2
76,1,3,5.26755e-4,ASV_00076,IT1
76,1,4,7.39431e-4,ASV_00076,IT2
76,1,5,2.59339e-4,ASV_00076,IT3
76,1,6,4.38813e-4,ASV_00076,FI1
76,1,7,6.45208e-4,ASV_00076,SE1
77,1,3,1.41784e-4,ASV_00077,IT1
77,1,4,2.71903e-4,ASV_00077,IT2
77,1,5,9.15315e-5,ASV_00077,IT3
78,1,1,4.59452e-4,ASV_00078,UK1
78,1,2,7.8071e-5,ASV_00078,UK2
78,1,3,3.49076e-4,ASV_00078,IT1
78,1,5,3.14079e-5,ASV_00078,IT3
78,1,6,3.57152e-4,ASV_00078,FI1
78,1,7,3.49076e-4,ASV_00078,SE1
79,1,1,6.80205e-4,ASV_00079,UK1
79,1,2,4.74708e-4,ASV_00079,UK2
79,1,3,2.84466e-4,ASV_00079,IT1
79,1,4,5.92263e-4,ASV_00079,IT2
79,1,5,1.30118e-4,ASV_00079,IT3
80,1,1,5.69829e-4,ASV_00080,UK1
80,1,2,5.17781e-4,ASV_00080,UK2
80,1,4,5.9675e-4,ASV_00080,IT2
80,1,5,1.364e-4,ASV_00080,IT3
80,1,6,3.8856e-4,ASV_00080,FI1
80,1,7,1.31913e-4,ASV_00080,SE1
81,1,1,7.16997e-4,ASV_00081,UK1
81,1,2,2.81774e-4,ASV_00081,UK2
81,1,3,4.45992e-4,ASV_00081,IT1
81,1,4,6.21876e-4,ASV_00081,IT2
81,1,5,1.81268e-4,ASV_00081,IT3
81,1,6,4.61247e-4,ASV_00081,FI1
81,1,7,3.23052e-4,ASV_00081,SE1
82,1,1,2.68313e-4,ASV_00082,UK1
82,1,2,1.55245e-4,ASV_00082,UK2
82,1,7,2.46776e-4,ASV_00082,SE1
83,1,1,7.502e-4,ASV_00083,UK1
83,1,2,7.38534e-4,ASV_00083,UK2
83,1,3,4.9445e-4,ASV_00083,IT1
83,1,4,5.83289e-4,ASV_00083,IT2
83,1,5,1.57937e-4,ASV_00083,IT3
83,1,6,2.60237e-4,ASV_00083,FI1
83,1,7,5.58163e-4,ASV_00083,SE1
84,1,1,5.54573e-4,ASV_00084,UK1
84,1,2,4.08302e-4,ASV_00084,UK2
84,1,3,3.95739e-4,ASV_00084,IT1
84,1,4,3.59845e-4,ASV_00084,IT2
84,1,5,1.25632e-5,ASV_00084,IT3
84,1,6,2.26137e-4,ASV_00084,FI1
84,1,7,9.33263e-5,ASV_00084,SE1
85,1,1,8.60576e-4,ASV_00085,UK1
85,1,2,7.24176e-4,ASV_00085,UK2
85,1,4,6.4431e-4,ASV_00085,IT2
85,1,6,5.97647e-4,ASV_00085,FI1
85,1,7,5.98544e-4,ASV_00085,SE1
86,1,1,8.45321e-4,ASV_00086,UK1
86,1,2,5.21371e-4,ASV_00086,UK2
86,1,3,5.00731e-4,ASV_00086,IT1
86,1,4,5.9675e-4,ASV_00086,IT2
86,1,5,1.1576e-4,ASV_00086,IT3
86,1,6,2.42289e-4,ASV_00086,FI1
86,1,7,7.41226e-4,ASV_00086,SE1
87,1,1,7.34944e-4,ASV_00087,UK1
87,1,2,3.14079e-5,ASV_00087,UK2
87,1,3,4.78297e-4,ASV_00087,IT1
87,1,4,3.10489e-4,ASV_00087,IT2
87,1,5,8.07631e-6,ASV_00087,IT3
87,1,6,4.04713e-4,ASV_00087,FI1
87,1,7,6.7841e-4,ASV_00087,SE1
88,1,1,8.43526e-4,ASV_00088,UK1
88,1,2,4.28942e-4,ASV_00088,UK2
88,1,3,4.97142e-4,ASV_00088,IT1
88,1,4,5.27652e-4,ASV_00088,IT2
88,1,7,4.24455e-4,ASV_00088,SE1
89,1,1,7.52892e-4,ASV_00089,UK1
89,1,2,4.28942e-4,ASV_00089,UK2
89,1,3,4.50479e-4,ASV_00089,IT1
89,1,4,5.71623e-4,ASV_00089,IT2
89,1,5,2.42289e-5,ASV_00089,IT3
90,1,1,7.4661e-4,ASV_00090,UK1
90,1,2,6.29055e-4,ASV_00090,UK2
90,1,3,4.48684e-4,ASV_00090,IT1
90,1,4,6.31747e-4,ASV_00090,IT2
90,1,5,1.75884e-4,ASV_00090,IT3
90,1,6,2.39597e-4,ASV_00090,FI1
90,1,7,8.525e-5,ASV_00090,SE1
91,1,1,5.77008e-4,ASV_00091,UK1
91,1,2,4.08302e-4,ASV_00091,UK2
91,1,3,2.61134e-4,ASV_00091,IT1
91,1,4,4.30737e-4,ASV_00091,IT2
91,1,5,9.42236e-5,ASV_00091,IT3
92,1,1,9.41339e-4,ASV_00092,UK1
92,1,2,5.18679e-4,ASV_00092,UK2
92,1,3,5.54573e-4,ASV_00092,IT1
92,1,4,8.05836e-4,ASV_00092,IT2
92,1,5,1.79474e-4,ASV_00092,IT3
92,1,6,4.62145e-4,ASV_00092,FI1
92,1,7,6.67642e-4,ASV_00092,SE1
93,1,1,5.10602e-4,ASV_00093,UK1
93,1,2,2.00113e-4,ASV_00093,UK2
93,1,3,4.07405e-4,ASV_00093,IT1
93,1,4,4.47787e-4,ASV_00093,IT2
93,1,6,4.80989e-4,ASV_00093,FI1
93,1,7,2.68313e-4,ASV_00093,SE1
94,1,1,6.4431e-4,ASV_00094,UK1
94,1,2,3.45487e-4,ASV_00094,UK2
94,1,4,4.95347e-4,ASV_00094,IT2
94,1,6,3.42795e-4,ASV_00094,FI1
94,1,7,1.14863e-4,ASV_00094,SE1
95,1,1,7.71736e-5,ASV_00095,UK1
95,1,2,1.45374e-4,ASV_00095,UK2
95,1,5,8.97368e-7,ASV_00095,IT3
95,1,7,1.52553e-4,ASV_00095,SE1
96,1,1,6.90973e-4,ASV_00096,UK1
96,1,2,5.38421e-5,ASV_00096,UK2
96,1,3,3.84074e-4,ASV_00096,IT1
96,1,4,3.83176e-4,ASV_00096,IT2
96,1,5,7.89684e-5,ASV_00096,IT3
96,1,6,1.89345e-4,ASV_00096,FI1
96,1,7,4.433e-4,ASV_00096,SE1
97,1,1,6.6495e-4,ASV_00097,UK1
97,1,2,3.58947e-4,ASV_00097,UK2
97,1,3,4.13687e-4,ASV_00097,IT1
97,1,4,4.774e-4,ASV_00097,IT2
97,1,5,3.76895e-5,ASV_00097,IT3
97,1,7,6.90973e-5,ASV_00097,SE1
98,1,1,3.14079e-4,ASV_00098,UK1
98,1,3,1.6691e-4,ASV_00098,IT1
98,1,4,3.43692e-4,ASV_00098,IT2
98,1,5,1.16658e-4,ASV_00098,IT3
99,1,1,5.30344e-4,ASV_00099,UK1
99,1,2,4.08302e-4,ASV_00099,UK2
99,1,3,3.36513e-4,ASV_00099,IT1
99,1,4,5.22268e-4,ASV_00099,IT2
99,1,6,9.87105e-5,ASV_00099,FI1
100,1,1,6.35337e-4,ASV_00100,UK1
100,1,2,4.07405e-4,ASV_00100,UK2
100,1,4,3.34718e-4,ASV_00100,IT2
100,1,5,8.07631e-5,ASV_00100,IT3
100,1,6,2.36008e-4,ASV_00100,FI1
100,1,7,2.06395e-4,ASV_00100,SE1
101,1,1,7.11613e-4,ASV_00101,UK1
101,1,2,9.5121e-5,ASV_00101,UK2
101,1,3,3.57152e-4,ASV_00101,IT1
101,1,4,4.6035e-4,ASV_00101,IT2
101,1,6,2.96131e-4,ASV_00101,FI1
101,1,7,2.2165e-4,ASV_00101,SE1
102,1,1,5.19576e-4,ASV_00102,UK1
102,1,2,3.8856e-4,ASV_00102,UK2
102,1,3,2.29726e-4,ASV_00102,IT1
102,1,4,4.63939e-4,ASV_00102,IT2
102,1,5,3.76895e-5,ASV_00102,IT3
103,1,1,5.46497e-4,ASV_00103,UK1
103,1,2,3.87663e-4,ASV_00103,UK2
103,1,3,2.33316e-4,ASV_00103,IT1
103,1,4,4.54068e-4,ASV_00103,IT2
103,1,5,1.24734e-4,ASV_00103,IT3
104,1,1,6.64052e-4,ASV_00104,UK1
104,1,2,6.138e-4,ASV_00104,UK2
104,1,4,5.63547e-4,ASV_00104,IT2
104,1,5,1.81268e-4,ASV_00104,IT3
104,1,6,1.023e-4,ASV_00104,FI1
104,1,7,3.86766e-4,ASV_00104,SE1
105,1,1,6.79308e-4,ASV_00105,UK1
105,1,2,2.17163e-4,ASV_00105,UK2
105,1,3,4.23558e-4,ASV_00105,IT1
105,1,4,5.63547e-4,ASV_00105,IT2
105,1,5,1.01403e-4,ASV_00105,IT3
105,1,6,4.3971e-5,ASV_00105,FI1
105,1,7,1.18453e-4,ASV_00105,SE1
106,1,1,6.41618e-4,ASV_00106,UK1
106,1,2,2.36008e-4,ASV_00106,UK2
106,1,3,2.93439e-4,ASV_00106,IT1
106,1,4,5.82392e-4,ASV_00106,IT2
106,1,6,3.65229e-4,ASV_00106,FI1
106,1,7,6.03031e-4,ASV_00106,SE1
107,1,1,6.15594e-4,ASV_00107,UK1
107,1,2,2.30624e-4,ASV_00107,UK2
107,1,3,4.16379e-4,ASV_00107,IT1
107,1,4,1.31016e-4,ASV_00107,IT2
107,1,5,6.90973e-5,ASV_00107,IT3
107,1,6,4.27147e-4,ASV_00107,FI1
107,1,7,5.65342e-4,ASV_00107,SE1
108,1,1,6.55976e-4,ASV_00108,UK1
108,1,2,2.66518e-4,ASV_00108,UK2
108,1,4,6.55079e-4,ASV_00108,IT2
109,1,1,8.54294e-4,ASV_00109,UK1
109,1,2,5.09705e-4,ASV_00109,UK2
109,1,4,8.40834e-4,ASV_00109,IT2
109,1,6,5.57266e-4,ASV_00109,FI1
109,1,7,3.74202e-4,ASV_00109,SE1
110,1,1,7.34944e-4,ASV_00110,UK1
110,1,2,2.13574e-4,ASV_00110,UK2
110,1,3,4.79195e-4,ASV_00110,IT1
110,1,4,5.50087e-4,ASV_00110,IT2
110,1,7,4.33429e-4,ASV_00110,SE1
111,1,1,3.44589e-4,ASV_00111,UK1
111,1,3,1.62424e-4,ASV_00111,IT1
111,1,4,3.69716e-4,ASV_00111,IT2
111,1,5,1.13068e-4,ASV_00111,IT3
112,1,1,4.2625e-4,ASV_00112,UK1
112,1,2,1.57039e-4,ASV_00112,UK2
112,1,3,2.73697e-4,ASV_00112,IT1
112,1,4,4.48684e-4,ASV_00112,IT2
112,1,5,2.06395e-5,ASV_00112,IT3
112,1,6,3.43692e-4,ASV_00112,FI1
112,1,7,1.95626e-4,ASV_00112,SE1
113,1,1,7.40329e-4,ASV_00113,UK1
113,1,2,6.26363e-4,ASV_00113,UK2
113,1,3,4.7381e-4,ASV_00113,IT1
113,1,4,7.15202e-4,ASV_00113,IT2
113,1,5,2.33316e-5,ASV_00113,IT3
113,1,6,2.10881e-4,ASV_00113,FI1
113,1,7,2.2165e-4,ASV_00113,SE1
114,1,3,6.1021e-5,ASV_00114,IT1
115,1,1,3.10489e-4,ASV_00115,UK1
115,1,4,2.88953e-4,ASV_00115,IT2
116,1,2,8.0135e-4,ASV_00116,UK2
116,1,3,6.31747e-4,ASV_00116,IT1
116,1,4,0.00103108,ASV_00116,IT2
116,1,5,2.31521e-4,ASV_00116,IT3
116,1,6,7.24176e-4,ASV_00116,FI1
116,1,7,8.09426e-4,ASV_00116,SE1
117,1,1,6.60463e-4,ASV_00117,UK1
117,1,2,4.03816e-4,ASV_00117,UK2
117,1,3,2.74595e-4,ASV_00117,IT1
117,1,4,5.02526e-4,ASV_00117,IT2
117,1,5,1.66013e-4,ASV_00117,IT3
117,1,6,2.22547e-4,ASV_00117,FI1
118,1,1,5.50087e-4,ASV_00118,UK1
118,1,2,4.54966e-4,ASV_00118,UK2
118,1,3,3.87663e-4,ASV_00118,IT1
118,1,4,5.06116e-4,ASV_00118,IT2
118,1,6,4.092e-4,ASV_00118,FI1
118,1,7,1.21145e-4,ASV_00118,SE1
119,1,1,3.49974e-4,ASV_00119,UK1
119,1,2,2.71005e-4,ASV_00119,UK2
119,1,4,3.56255e-4,ASV_00119,IT2
119,1,5,4.30737e-5,ASV_00119,IT3
119,1,6,3.23052e-4,ASV_00119,FI1
120,1,1,7.38534e-4,ASV_00120,UK1
120,1,2,2.6921e-4,ASV_00120,UK2
120,1,3,4.10995e-4,ASV_00120,IT1
120,1,4,4.87271e-4,ASV_00120,IT2
120,1,7,3.68818e-4,ASV_00120,SE1
121,1,1,1.74089e-4,ASV_00121,UK1
121,1,2,1.1935e-4,ASV_00121,UK2
121,1,6,5.92263e-5,ASV_00121,FI1
122,1,1,3.0331e-4,ASV_00122,UK1
122,1,3,2.01908e-4,ASV_00122,IT1
122,1,4,3.04208e-4,ASV_00122,IT2
122,1,5,1.08582e-4,ASV_00122,IT3
123,1,1,5.15089e-4,ASV_00123,UK1
123,1,2,5.41113e-4,ASV_00123,UK2
123,1,4,3.68818e-4,ASV_00123,IT2
123,1,6,3.93047e-4,ASV_00123,FI1
123,1,7,3.94842e-4,ASV_00123,SE1
124,1,1,3.95739e-4,ASV_00125,UK1
124,1,2,1.89345e-4,ASV_00125,UK2
124,1,3,9.42236e-5,ASV_00125,IT1
124,1,4,3.15874e-4,ASV_00125,IT2
124,1,6,3.58947e-4,ASV_00125,FI1
124,1,7,2.01908e-4,ASV_00125,SE1
125,1,1,4.21763e-4,ASV_00126,UK1
125,1,2,4.18173e-4,ASV_00126,UK2
125,1,6,3.58947e-4,ASV_00126,FI1
125,1,7,1.01403e-4,ASV_00126,SE1
126,1,1,5.5906e-4,ASV_00127,UK1
126,1,2,4.30737e-4,ASV_00127,UK2
126,1,3,2.75492e-4,ASV_00127,IT1
126,1,4,5.13295e-4,ASV_00127,IT2
126,1,5,1.28324e-4,ASV_00127,IT3
127,1,1,6.7841e-4,ASV_00128,UK1
127,1,2,4.98039e-4,ASV_00128,UK2
127,1,3,4.52273e-4,ASV_00128,IT1
127,1,4,5.99442e-4,ASV_00128,IT2
127,1,5,4.93552e-5,ASV_00128,IT3
127,1,6,8.61473e-5,ASV_00128,FI1
127,1,7,4.87271e-4,ASV_00128,SE1
128,1,1,6.43413e-4,ASV_00129,UK1
128,1,2,4.45992e-4,ASV_00129,UK2
128,1,3,2.8985e-4,ASV_00129,IT1
128,1,4,6.12005e-4,ASV_00129,IT2
128,1,5,9.78131e-5,ASV_00129,IT3
129,1,1,7.44815e-4,ASV_00130,UK1
129,1,2,2.5216e-4,ASV_00130,UK2
129,1,3,4.28045e-4,ASV_00130,IT1
129,1,4,2.97029e-4,ASV_00130,IT2
129,1,5,2.60237e-5,ASV_00130,IT3
129,1,6,4.71118e-4,ASV_00130,FI1
130,1,1,5.9675e-4,ASV_00131,UK1
130,1,2,2.75492e-4,ASV_00131,UK2
130,1,3,1.81268e-4,ASV_00131,IT1
130,1,4,3.36513e-4,ASV_00131,IT2
130,1,5,6.01237e-5,ASV_00131,IT3
130,1,6,1.48066e-4,ASV_00131,FI1
130,1,7,4.23558e-4,ASV_00131,SE1
131,1,1,5.77905e-4,ASV_00132,UK1
131,1,2,4.6035e-4,ASV_00132,UK2
131,1,4,5.10602e-4,ASV_00132,IT2
132,1,1,8.00452e-4,ASV_00133,UK1
132,1,2,4.18173e-4,ASV_00133,UK2
132,1,3,4.68426e-4,ASV_00133,IT1
132,1,4,4.06508e-4,ASV_00133,IT2
132,1,5,8.16605e-5,ASV_00133,IT3
132,1,6,2.98824e-4,ASV_00133,FI1
133,1,1,5.16884e-4,ASV_00134,UK1
133,1,2,4.91758e-4,ASV_00134,UK2
133,1,6,4.54068e-4,ASV_00134,FI1
133,1,7,1.12171e-4,ASV_00134,SE1
134,1,1,5.32139e-4,ASV_00135,UK1
134,1,2,6.04826e-4,ASV_00135,UK2
134,1,5,1.07684e-4,ASV_00135,IT3
134,1,6,5.13295e-4,ASV_00135,FI1
134,1,7,4.35223e-4,ASV_00135,SE1
135,1,2,8.37244e-4,ASV_00136,UK2
135,1,3,6.04826e-4,ASV_00136,IT1
135,1,4,9.47621e-4,ASV_00136,IT2
135,1,5,1.83063e-4,ASV_00136,IT3
135,1,6,5.20473e-4,ASV_00136,FI1
135,1,7,5.00731e-4,ASV_00136,SE1
136,1,1,7.48405e-4,ASV_00137,UK1
136,1,2,4.14584e-4,ASV_00137,UK2
136,1,3,4.08302e-4,ASV_00137,IT1
136,1,4,6.58668e-4,ASV_00137,IT2
136,1,5,9.15315e-5,ASV_00137,IT3
137,1,1,8.93779e-4,ASV_00138,UK1
137,1,2,7.79813e-4,ASV_00138,UK2
137,1,4,9.50313e-4,ASV_00138,IT2
137,1,6,4.91758e-4,ASV_00138,FI1
137,1,7,6.2726e-4,ASV_00138,SE1
138,1,1,3.78689e-4,ASV_00139,UK1
138,1,2,2.41392e-4,ASV_00139,UK2
138,1,3,2.3511e-4,ASV_00139,IT1
138,1,4,4.08302e-4,ASV_00139,IT2
138,1,7,2.96131e-5,ASV_00139,SE1
139,1,1,8.94676e-4,ASV_00140,UK1
139,1,2,5.00731e-4,ASV_00140,UK2
139,1,3,5.6265e-4,ASV_00140,IT1
139,1,4,8.19297e-4,ASV_00140,IT2
139,1,5,4.93552e-5,ASV_00140,IT3
139,1,6,3.74202e-4,ASV_00140,FI1
139,1,7,2.53955e-4,ASV_00140,SE1
140,1,1,8.30963e-4,ASV_00141,UK1
140,1,2,3.93945e-4,ASV_00141,UK2
140,1,3,4.86373e-4,ASV_00141,IT1
140,1,4,6.83794e-4,ASV_00141,IT2
140,1,5,7.89684e-5,ASV_00141,IT3
140,1,7,2.88055e-4,ASV_00141,SE1
141,1,1,6.84692e-4,ASV_00142,UK1
141,1,2,3.23052e-5,ASV_00142,UK2
141,1,3,7.53789e-5,ASV_00142,IT1
141,1,4,1.89345e-4,ASV_00142,IT2
141,1,5,2.78184e-5,ASV_00142,IT3
141,1,6,5.13295e-4,ASV_00142,FI1
141,1,7,5.66239e-4,ASV_00142,SE1
142,1,1,3.57152e-4,ASV_00143,UK1
142,1,2,3.36513e-4,ASV_00143,UK2
142,1,7,1.3281e-4,ASV_00143,SE1
143,1,1,1.89345e-4,ASV_00144,UK1
143,1,2,2.3511e-4,ASV_00144,UK2
143,1,3,3.069e-4,ASV_00144,IT1
143,1,4,2.79979e-4,ASV_00144,IT2
143,1,5,2.96131e-5,ASV_00144,IT3
143,1,6,2.29726e-4,ASV_00144,FI1
143,1,7,8.07631e-5,ASV_00144,SE1
144,1,1,4.19968e-4,ASV_00145,UK1
144,1,3,2.81774e-4,ASV_00145,IT1
144,1,4,4.59452e-4,ASV_00145,IT2
144,1,5,7.26868e-5,ASV_00145,IT3
145,1,1,6.51489e-4,ASV_00146,UK1
145,1,2,3.67921e-4,ASV_00146,UK2
145,1,4,3.58947e-4,ASV_00146,IT2
145,1,5,9.78131e-5,ASV_00146,IT3
145,1,6,3.49974e-4,ASV_00146,FI1
145,1,7,3.79587e-4,ASV_00146,SE1
146,1,1,5.17781e-4,ASV_00147,UK1
146,1,2,3.2395e-4,ASV_00147,UK2
146,1,3,2.60237e-4,ASV_00147,IT1
146,1,4,2.49468e-4,ASV_00147,IT2
146,1,5,6.99947e-5,ASV_00147,IT3
147,1,1,8.46218e-4,ASV_00148,UK1
147,1,2,7.35842e-5,ASV_00148,UK2
147,1,3,2.01908e-4,ASV_00148,IT1
147,1,4,5.66239e-4,ASV_00148,IT2
147,1,5,7.17894e-5,ASV_00148,IT3
147,1,6,5.78802e-4,ASV_00148,FI1
147,1,7,6.64052e-4,ASV_00148,SE1
148,1,1,5.6265e-4,ASV_00149,UK1
148,1,2,5.01629e-4,ASV_00149,UK2
148,1,6,4.72016e-4,ASV_00149,FI1
148,1,7,2.39597e-4,ASV_00149,SE1
149,1,3,2.17163e-4,ASV_00150,IT1
149,1,4,2.05497e-4,ASV_00150,IT2
149,1,5,9.5121e-5,ASV_00150,IT3
150,1,1,8.74934e-4,ASV_00151,UK1
150,1,2,6.20979e-4,ASV_00151,UK2
150,1,4,7.61865e-4,ASV_00151,IT2
150,1,5,1.57039e-4,ASV_00151,IT3
150,1,6,4.59452e-4,ASV_00151,FI1
150,1,7,4.63042e-4,ASV_00151,SE1
151,1,1,9.0006e-4,ASV_00152,UK1
151,1,2,2.43187e-4,ASV_00152,UK2
151,1,3,5.73418e-4,ASV_00152,IT1
151,1,4,6.63155e-4,ASV_00152,IT2
151,1,6,5.35729e-4,ASV_00152,FI1
151,1,7,5.36626e-4,ASV_00152,SE1
152,1,1,3.23052e-4,ASV_00153,UK1
152,1,2,2.54853e-4,ASV_00153,UK2
152,1,4,3.64331e-4,ASV_00153,IT2
152,1,5,1.37297e-4,ASV_00153,IT3
153,1,1,3.30231e-4,ASV_00154,UK1
153,1,3,2.3511e-4,ASV_00154,IT1
153,1,4,3.14079e-4,ASV_00154,IT2
154,1,1,4.3971e-4,ASV_00155,UK1
154,1,2,2.25239e-4,ASV_00155,UK2
154,1,3,1.54347e-4,ASV_00155,IT1
154,1,4,4.23558e-4,ASV_00155,IT2
154,1,5,1.705e-5,ASV_00155,IT3
154,1,6,1.22939e-4,ASV_00155,FI1
154,1,7,2.77287e-4,ASV_00155,SE1
155,1,1,7.15202e-4,ASV_00156,UK1
155,1,2,1.92037e-4,ASV_00156,UK2
155,1,3,2.59339e-4,ASV_00156,IT1
155,1,4,6.04826e-4,ASV_00156,IT2
155,1,6,4.68426e-4,ASV_00156,FI1
155,1,7,4.2266e-4,ASV_00156,SE1
156,1,1,8.866e-4,ASV_00157,UK1
156,1,2,5.66239e-4,ASV_00157,UK2
156,1,3,5.14192e-4,ASV_00157,IT1
156,1,4,2.94337e-4,ASV_00157,IT2
156,1,5,1.27426e-4,ASV_00157,IT3
156,1,6,4.34326e-4,ASV_00157,FI1
156,1,7,7.71736e-4,ASV_00157,SE1
157,1,1,5.00731e-4,ASV_00158,UK1
157,1,2,2.91645e-4,ASV_00158,UK2
157,1,4,4.12789e-4,ASV_00158,IT2
157,1,6,4.21763e-5,ASV_00158,FI1
158,1,1,7.86094e-4,ASV_00159,UK1
158,1,2,4.31634e-4,ASV_00159,UK2
158,1,3,4.97142e-4,ASV_00159,IT1
158,1,4,3.42795e-4,ASV_00159,IT2
158,1,5,7.62763e-5,ASV_00159,IT3
158,1,7,3.3741e-4,ASV_00159,SE1
159,1,1,6.55079e-4,ASV_00160,UK1
159,1,2,1.30118e-4,ASV_00160,UK2
159,1,3,4.31634e-4,ASV_00160,IT1
159,1,4,5.73418e-4,ASV_00160,IT2
159,1,5,4.3971e-5,ASV_00160,IT3
159,1,6,3.46384e-4,ASV_00160,FI1
159,1,7,5.61752e-4,ASV_00160,SE1
160,1,1,6.3085e-4,ASV_00161,UK1
160,1,2,4.53171e-4,ASV_00161,UK2
160,1,4,4.62145e-4,ASV_00161,IT2
160,1,6,2.29726e-4,ASV_00161,FI1
160,1,7,2.27931e-4,ASV_00161,SE1
161,1,1,4.95347e-4,ASV_00162,UK1
161,1,2,4.36121e-4,ASV_00162,UK2
161,1,3,2.97926e-4,ASV_00162,IT1
161,1,4,5.73418e-4,ASV_00162,IT2
161,1,5,4.21763e-5,ASV_00162,IT3
162,1,1,7.76223e-4,ASV_00163,UK1
162,1,2,3.21258e-4,ASV_00163,UK2
162,1,3,4.19071e-4,ASV_00163,IT1
162,1,4,2.70108e-4,ASV_00163,IT2
162,1,5,1.97421e-5,ASV_00163,IT3
162,1,6,4.42402e-4,ASV_00163,FI1
162,1,7,6.16492e-4,ASV_00163,SE1
163,1,1,8.12118e-4,ASV_00164,UK1
163,1,2,5.91366e-4,ASV_00164,UK2
163,1,4,8.24681e-4,ASV_00164,IT2
163,1,6,4.86373e-4,ASV_00164,FI1
163,1,7,4.89066e-4,ASV_00164,SE1
164,1,1,6.53284e-4,ASV_00165,UK1
164,1,2,4.08302e-4,ASV_00165,UK2
164,1,3,1.77679e-4,ASV_00165,IT1
164,1,4,6.65847e-4,ASV_00165,IT2
164,1,7,3.18566e-4,ASV_00165,SE1
165,1,1,8.93779e-4,ASV_00166,UK1
165,1,2,2.10881e-4,ASV_00166,UK2
165,1,3,5.01629e-4,ASV_00166,IT1
165,1,4,6.56873e-4,ASV_00166,IT2
165,1,6,4.92655e-4,ASV_00166,FI1
165,1,7,5.31242e-4,ASV_00166,SE1
166,1,1,6.7841e-4,ASV_00167,UK1
166,1,2,6.2726e-4,ASV_00167,UK2
166,1,4,4.72913e-4,ASV_00167,IT2
166,1,7,6.23671e-4,ASV_00167,SE1
167,1,1,2.66518e-4,ASV_00168,UK1
167,1,2,7.08921e-5,ASV_00168,UK2
167,1,3,6.19184e-5,ASV_00168,IT1
167,1,4,1.92037e-4,ASV_00168,IT2
167,1,6,3.41e-5,ASV_00168,FI1
168,1,1,7.45713e-4,ASV_00169,UK1
168,1,2,3.41e-4,ASV_00169,UK2
168,1,3,3.93047e-4,ASV_00169,IT1
168,1,4,6.18287e-4,ASV_00169,IT2
168,1,5,6.64052e-5,ASV_00169,IT3
169,1,1,6.18287e-4,ASV_00170,UK1
169,1,2,2.92542e-4,ASV_00170,UK2
169,1,4,5.78802e-4,ASV_00170,IT2
169,1,5,4.93552e-5,ASV_00170,IT3
169,1,7,2.97029e-4,ASV_00170,SE1
170,1,1,9.22494e-4,ASV_00171,UK1
170,1,2,5.19576e-4,ASV_00171,UK2
170,1,3,5.49189e-4,ASV_00171,IT1
170,1,4,8.08529e-4,ASV_00171,IT2
170,1,5,1.13068e-4,ASV_00171,IT3
170,1,6,4.84579e-4,ASV_00171,FI1
170,1,7,5.22268e-4,ASV_00171,SE1
171,1,1,7.40329e-4,ASV_00172,UK1
171,1,2,5.32139e-4,ASV_00172,UK2
171,1,4,5.98544e-4,ASV_00172,IT2
171,1,6,4.99834e-4,ASV_00172,FI1
171,1,7,2.97926e-4,ASV_00172,SE1
172,1,1,6.74821e-4,ASV_00173,UK1
172,1,2,4.10097e-4,ASV_00173,UK2
172,1,4,5.456e-4,ASV_00173,IT2
173,1,1,4.433e-4,ASV_00174,UK1
173,1,2,4.52273e-4,ASV_00174,UK2
173,1,6,2.91645e-4,ASV_00174,FI1
173,1,7,1.96524e-4,ASV_00174,SE1
174,1,1,6.92768e-4,ASV_00176,UK1
174,1,2,5.04321e-4,ASV_00176,UK2
174,1,3,3.89458e-4,ASV_00176,IT1
174,1,4,5.60855e-4,ASV_00176,IT2
174,1,5,6.73026e-5,ASV_00176,IT3
175,1,1,9.09931e-4,ASV_00177,UK1
175,1,2,1.43579e-4,ASV_00177,UK2
175,1,3,5.20473e-4,ASV_00177,IT1
175,1,4,8.40834e-4,ASV_00177,IT2
175,1,5,1.83063e-4,ASV_00177,IT3
175,1,6,3.95739e-4,ASV_00177,FI1
175,1,7,3.98431e-4,ASV_00177,SE1
176,1,3,9.87105e-5,ASV_00178,IT1
176,1,4,1.94729e-4,ASV_00178,IT2
177,1,2,2.26137e-4,ASV_00179,UK2
177,1,3,3.25745e-4,ASV_00179,IT1
177,1,4,3.48179e-4,ASV_00179,IT2
177,1,5,2.60237e-5,ASV_00179,IT3
177,1,7,3.34718e-4,ASV_00179,SE1
178,1,1,6.54181e-4,ASV_00180,UK1
178,1,2,6.20081e-4,ASV_00180,UK2
178,1,6,5.81494e-4,ASV_00180,FI1
178,1,7,6.3085e-4,ASV_00180,SE1
179,1,1,6.80205e-4,ASV_00181,UK1
179,1,2,5.75213e-4,ASV_00181,UK2
179,1,4,5.41113e-4,ASV_00181,IT2
179,1,6,2.67416e-4,ASV_00181,FI1
179,1,7,4.37018e-4,ASV_00181,SE1
180,1,1,0.0010212,ASV_00182,UK1
180,1,2,4.6035e-4,ASV_00182,UK2
180,1,3,4.2266e-4,ASV_00182,IT1
180,1,4,8.57884e-4,ASV_00182,IT2
180,1,6,6.29055e-4,ASV_00182,FI1
180,1,7,5.74316e-4,ASV_00182,SE1
181,1,1,5.02526e-4,ASV_00183,UK1
181,1,2,2.28829e-4,ASV_00183,UK2
181,1,3,3.85868e-4,ASV_00183,IT1
181,1,4,5.78802e-4,ASV_00183,IT2
181,1,5,5.29447e-5,ASV_00183,IT3
182,1,1,6.24568e-4,ASV_00184,UK1
182,1,2,3.94842e-4,ASV_00184,UK2
182,1,3,3.96637e-4,ASV_00184,IT1
182,1,4,5.12397e-4,ASV_00184,IT2
182,1,5,6.73026e-5,ASV_00184,IT3
183,1,1,5.39318e-4,ASV_00185,UK1
183,1,2,4.98937e-4,ASV_00185,UK2
183,1,3,4.21763e-4,ASV_00185,IT1
183,1,4,5.59958e-4,ASV_00185,IT2
183,1,5,2.24342e-4,ASV_00185,IT3
183,1,6,7.35842e-5,ASV_00185,FI1
183,1,7,2.92542e-4,ASV_00185,SE1
184,1,1,6.92768e-4,ASV_00186,UK1
184,1,2,3.72408e-4,ASV_00186,UK2
184,1,3,4.61247e-4,ASV_00186,IT1
184,1,4,6.40721e-4,ASV_00186,IT2
184,1,5,2.42289e-5,ASV_00186,IT3
184,1,7,2.75492e-4,ASV_00186,SE1
185,1,1,8.80318e-4,ASV_00187,UK1
185,1,2,1.13068e-4,ASV_00187,UK2
185,1,3,5.4201e-4,ASV_00187,IT1
185,1,4,7.8071e-4,ASV_00187,IT2
185,1,5,1.97421e-5,ASV_00187,IT3
185,1,6,5.65342e-4,ASV_00187,FI1
185,1,7,6.38926e-4,ASV_00187,SE1
186,1,1,7.85197e-4,ASV_00188,UK1
186,1,2,4.35223e-4,ASV_00188,UK2
186,1,3,4.14584e-4,ASV_00188,IT1
186,1,4,7.18792e-4,ASV_00188,IT2
186,1,5,5.115e-5,ASV_00188,IT3
186,1,6,1.34605e-4,ASV_00188,FI1
187,1,1,5.42908e-4,ASV_00189,UK1
187,1,2,1.97421e-4,ASV_00189,UK2
187,1,4,5.2855e-4,ASV_00189,IT2
188,1,1,3.09592e-4,ASV_00190,UK1
188,1,2,4.08302e-4,ASV_00190,UK2
188,1,6,2.71903e-4,ASV_00190,FI1
189,1,1,4.40608e-4,ASV_00191,UK1
189,1,2,6.46105e-5,ASV_00191,UK2
189,1,3,7.71736e-5,ASV_00191,IT1
189,1,4,1.38195e-4,ASV_00191,IT2
189,1,7,1.13966e-4,ASV_00191,SE1
190,1,3,9.69157e-5,ASV_00192,IT1
190,1,4,1.77679e-4,ASV_00192,IT2
191,1,1,6.74821e-4,ASV_00193,UK1
191,1,2,2.0101e-4,ASV_00193,UK2
191,1,4,6.62258e-4,ASV_00193,IT2
191,1,7,2.28829e-4,ASV_00193,SE1
192,1,2,1.83063e-4,ASV_00194,UK2
192,1,4,2.8626e-4,ASV_00194,IT2
193,1,3,1.24734e-4,ASV_00195,IT1
193,1,4,1.85755e-4,ASV_00195,IT2
194,1,1,8.63268e-4,ASV_00196,UK1
194,1,2,5.33934e-4,ASV_00196,UK2
194,1,3,5.35729e-4,ASV_00196,IT1
194,1,4,3.11387e-4,ASV_00196,IT2
194,1,5,7.62763e-5,ASV_00196,IT3
194,1,6,4.86373e-4,ASV_00196,FI1
194,1,7,5.83289e-4,ASV_00196,SE1
195,1,1,8.24681e-4,ASV_00197,UK1
195,1,2,6.17389e-4,ASV_00197,UK2
195,1,3,5.07013e-4,ASV_00197,IT1
195,1,4,5.42908e-4,ASV_00197,IT2
195,1,5,6.19184e-5,ASV_00197,IT3
195,1,6,2.5216e-4,ASV_00197,FI1
195,1,7,7.25971e-4,ASV_00197,SE1
196,1,1,8.50705e-4,ASV_00198,UK1
196,1,2,3.43692e-4,ASV_00198,UK2
196,1,3,4.16379e-4,ASV_00198,IT1
196,1,4,6.6495e-4,ASV_00198,IT2
196,1,5,1.22939e-4,ASV_00198,IT3
196,1,7,4.03816e-4,ASV_00198,SE1
197,1,1,4.3971e-4,ASV_00199,UK1
197,1,3,3.0331e-4,ASV_00199,IT1
197,1,4,4.08302e-4,ASV_00199,IT2
198,1,1,9.31468e-4,ASV_00200,UK1
198,1,2,5.55471e-4,ASV_00200,UK2
198,1,3,5.23166e-4,ASV_00200,IT1
198,1,4,5.33934e-4,ASV_00200,IT2
198,1,5,2.42289e-5,ASV_00200,IT3
198,1,6,4.0561e-4,ASV_00200,FI1
198,1,7,5.86879e-4,ASV_00200,SE1
199,1,2,3.46384e-4,ASV_00201,UK2
199,1,6,2.8626e-4,ASV_00201,FI1
199,1,7,2.33316e-4,ASV_00201,SE1
200,1,1,5.20473e-4,ASV_00202,UK1
200,1,2,2.6921e-4,ASV_00202,UK2
200,1,3,1.43579e-5,ASV_00202,IT1
200,1,4,1.14863e-4,ASV_00202,IT2
200,1,5,7.35842e-5,ASV_00202,IT3
201,1,1,4.69323e-4,ASV_00203,UK1
201,1,2,3.05105e-4,ASV_00203,UK2
201,1,3,2.03703e-4,ASV_00203,IT1
201,1,4,4.07405e-4,ASV_00203,IT2
201,1,5,2.60237e-5,ASV_00203,IT3
202,1,2,2.76389e-4,ASV_00204,UK2
202,1,6,3.00618e-4,ASV_00204,FI1
202,1,7,2.88953e-4,ASV_00204,SE1
203,1,1,6.03031e-4,ASV_00205,UK1
203,1,2,3.5446e-4,ASV_00205,UK2
203,1,3,3.19463e-4,ASV_00205,IT1
203,1,4,4.98039e-4,ASV_00205,IT2
203,1,7,3.53563e-4,ASV_00205,SE1
204,1,1,6.92768e-4,ASV_00206,UK1
204,1,2,3.51768e-4,ASV_00206,UK2
204,1,3,3.93047e-4,ASV_00206,IT1
204,1,4,5.2855e-4,ASV_00206,IT2
204,1,6,2.57545e-4,ASV_00206,FI1
205,1,1,1.58834e-4,ASV_00207,UK1
206,1,1,3.85868e-4,ASV_00208,UK1
206,1,4,3.84074e-4,ASV_00208,IT2
207,1,2,1.90242e-4,ASV_00209,UK2
208,1,1,3.28437e-4,ASV_00210,UK1
208,1,2,3.32924e-4,ASV_00210,UK2
208,1,4,2.83568e-4,ASV_00210,IT2
208,1,6,2.13574e-4,ASV_00210,FI1
208,1,7,2.5216e-4,ASV_00210,SE1
209,1,2,2.74595e-4,ASV_00211,UK2
209,1,4,4.2266e-4,ASV_00211,IT2
209,1,5,1.43579e-4,ASV_00211,IT3
209,1,6,2.15368e-4,ASV_00211,FI1
209,1,7,2.32418e-4,ASV_00211,SE1
210,1,1,6.4431e-4,ASV_00212,UK1
210,1,2,2.71903e-4,ASV_00212,UK2
210,1,4,5.70726e-4,ASV_00212,IT2
211,1,1,3.43692e-4,ASV_00213,UK1
211,1,2,3.01516e-4,ASV_00213,UK2
211,1,3,1.03197e-4,ASV_00213,IT1
211,1,4,3.01516e-4,ASV_00213,IT2
212,1,1,4.31634e-4,ASV_00214,UK1
212,1,2,3.02413e-4,ASV_00214,UK2
212,1,4,3.15874e-4,ASV_00214,IT2
212,1,5,4.66631e-5,ASV_00214,IT3
213,1,1,3.41e-4,ASV_00215,UK1
213,1,2,3.09592e-4,ASV_00215,UK2
213,1,5,7.35842e-5,ASV_00215,IT3
214,1,1,4.20866e-4,ASV_00216,UK1
214,1,3,2.42289e-4,ASV_00216,IT1
214,1,4,4.00226e-4,ASV_00216,IT2
215,1,1,4.20866e-4,ASV_00217,UK1
215,1,2,2.15368e-4,ASV_00217,UK2
215,1,7,1.69603e-4,ASV_00217,SE1
216,1,2,7.45713e-4,ASV_00218,UK2
216,1,3,6.06621e-4,ASV_00218,IT1
216,1,4,9.5121e-4,ASV_00218,IT2
216,1,5,5.47394e-5,ASV_00218,IT3
216,1,6,5.85084e-4,ASV_00218,FI1
216,1,7,8.85702e-4,ASV_00218,SE1
217,1,1,8.39039e-4,ASV_00219,UK1
217,1,2,5.83289e-4,ASV_00219,UK2
217,1,4,7.79813e-4,ASV_00219,IT2
217,1,6,2.67416e-4,ASV_00219,FI1
217,1,7,4.58555e-4,ASV_00219,SE1
218,1,1,5.94955e-4,ASV_00221,UK1
218,1,2,4.00226e-4,ASV_00221,UK2
218,1,3,2.87158e-4,ASV_00221,IT1
218,1,4,4.89963e-4,ASV_00221,IT2
218,1,5,4.3971e-5,ASV_00221,IT3
219,1,1,1.56142e-4,ASV_00222,UK1
219,1,3,9.69157e-5,ASV_00222,IT1
220,1,1,2.26137e-4,ASV_00223,UK1
220,1,2,1.63321e-4,ASV_00223,UK2
220,1,6,2.387e-4,ASV_00223,FI1
220,1,7,3.38308e-4,ASV_00223,SE1
221,1,1,4.02918e-4,ASV_00224,UK1
221,1,2,4.44197e-4,ASV_00224,UK2
221,1,6,1.57039e-4,ASV_00224,FI1
221,1,7,8.97368e-5,ASV_00224,SE1
222,1,1,2.02805e-4,ASV_00225,UK1
222,1,3,9.24289e-5,ASV_00225,IT1
223,1,2,3.46384e-4,ASV_00226,UK2
223,1,3,3.00618e-4,ASV_00226,IT1
223,1,4,4.91758e-4,ASV_00226,IT2
224,1,1,7.08023e-4,ASV_00227,UK1
224,1,2,4.27147e-4,ASV_00227,UK2
224,1,3,3.81381e-4,ASV_00227,IT1
224,1,4,4.72913e-4,ASV_00227,IT2
224,1,5,2.96131e-5,ASV_00227,IT3
225,1,2,1.66013e-4,ASV_00228,UK2
225,1,4,3.7151e-4,ASV_00228,IT2
226,1,1,4.5676e-4,ASV_00229,UK1
226,1,2,5.115e-5,ASV_00229,UK2
226,1,4,3.62537e-4,ASV_00229,IT2
227,1,1,4.9445e-4,ASV_00230,UK1
227,1,2,3.27539e-4,ASV_00230,UK2
227,1,3,2.53955e-4,ASV_00230,IT1
227,1,4,4.42402e-4,ASV_00230,IT2
228,1,1,6.64052e-4,ASV_00231,UK1
228,1,2,5.60855e-4,ASV_00231,UK2
228,1,4,6.1021e-4,ASV_00231,IT2
228,1,6,3.5805e-4,ASV_00231,FI1
228,1,7,3.57152e-4,ASV_00231,SE1
229,1,1,8.29168e-4,ASV_00232,UK1
229,1,2,6.53284e-4,ASV_00232,UK2
229,1,3,5.27652e-4,ASV_00232,IT1
229,1,4,5.64444e-4,ASV_00232,IT2
229,1,5,1.92934e-4,ASV_00232,IT3
229,1,6,1.07684e-4,ASV_00232,FI1
229,1,7,6.53284e-4,ASV_00232,SE1
230,1,1,7.79813e-4,ASV_00233,UK1
230,1,2,1.59732e-4,ASV_00233,UK2
230,1,3,4.57658e-4,ASV_00233,IT1
230,1,4,3.5446e-4,ASV_00233,IT2
230,1,5,1.27426e-4,ASV_00233,IT3
230,1,6,4.78297e-4,ASV_00233,FI1
230,1,7,1.57937e-4,ASV_00233,SE1
231,1,1,7.78018e-4,ASV_00235,UK1
231,1,2,3.97534e-4,ASV_00235,UK2
231,1,4,5.68931e-4,ASV_00235,IT2
231,1,6,3.2036e-4,ASV_00235,FI1
231,1,7,3.52666e-4,ASV_00235,SE1
232,1,1,2.92542e-4,ASV_00236,UK1
232,1,2,3.5446e-4,ASV_00236,UK2
232,1,7,2.23445e-4,ASV_00236,SE1
233,1,4,1.71397e-4,ASV_00237,IT2
233,1,7,2.87158e-5,ASV_00237,SE1
234,1,1,8.72242e-4,ASV_00238,UK1
234,1,2,4.98039e-4,ASV_00238,UK2
234,1,3,5.02526e-4,ASV_00238,IT1
234,1,4,8.71344e-4,ASV_00238,IT2
234,1,5,3.49974e-5,ASV_00238,IT3
235,1,1,2.13574e-4,ASV_00239,UK1
235,1,2,2.77287e-4,ASV_00239,UK2
235,1,4,2.14471e-4,ASV_00239,IT2
236,1,1,8.66858e-4,ASV_00240,UK1
236,1,2,6.84692e-4,ASV_00240,UK2
236,1,4,8.05836e-4,ASV_00240,IT2
236,1,6,5.95852e-4,ASV_00240,FI1
236,1,7,5.84187e-4,ASV_00240,SE1
237,1,1,4.66631e-4,ASV_00241,UK1
237,1,2,3.67921e-4,ASV_00241,UK2
237,1,6,4.02021e-4,ASV_00241,FI1
237,1,7,3.99329e-4,ASV_00241,SE1
238,1,1,6.1021e-4,ASV_00242,UK1
238,1,2,5.97647e-4,ASV_00242,UK2
238,1,4,5.66239e-4,ASV_00242,IT2
238,1,5,2.13574e-4,ASV_00242,IT3
238,1,6,5.74316e-5,ASV_00242,FI1
238,1,7,5.19576e-4,ASV_00242,SE1
239,1,1,5.32139e-4,ASV_00243,UK1
239,1,2,3.96637e-4,ASV_00243,UK2
239,1,3,3.069e-4,ASV_00243,IT1
239,1,4,4.82784e-4,ASV_00243,IT2
239,1,6,4.38813e-4,ASV_00243,FI1
239,1,7,1.23837e-4,ASV_00243,SE1
240,1,1,7.28663e-4,ASV_00244,UK1
240,1,2,4.47787e-4,ASV_00244,UK2
240,1,3,5.05218e-4,ASV_00244,IT1
240,1,4,5.57266e-4,ASV_00244,IT2
240,1,5,9.33263e-5,ASV_00244,IT3
241,1,1,4.06508e-4,ASV_00245,UK1
241,1,2,3.28437e-4,ASV_00245,UK2
242,1,1,4.54068e-4,ASV_00246,UK1
242,1,4,3.59845e-4,ASV_00246,IT2
243,1,1,4.02918e-4,ASV_00247,UK1
243,1,4,3.19463e-4,ASV_00247,IT2
244,1,2,2.64724e-4,ASV_00248,UK2
244,1,6,7.53789e-5,ASV_00248,FI1
244,1,7,2.3511e-4,ASV_00248,SE1
245,1,1,7.25971e-4,ASV_00249,UK1
245,1,2,2.28829e-4,ASV_00249,UK2
245,1,3,4.89066e-4,ASV_00249,IT1
245,1,4,6.26363e-4,ASV_00249,IT2
245,1,5,4.66631e-5,ASV_00249,IT3
245,1,6,3.14079e-5,ASV_00249,FI1
245,1,7,5.82392e-4,ASV_00249,SE1
246,1,1,9.14418e-4,ASV_00250,UK1
246,1,2,2.83568e-4,ASV_00250,UK2
246,1,3,5.7611e-4,ASV_00250,IT1
246,1,4,7.77121e-4,ASV_00250,IT2
246,1,5,9.24289e-5,ASV_00250,IT3
246,1,6,5.7611e-4,ASV_00250,FI1
246,1,7,4.69323e-4,ASV_00250,SE1
247,1,1,5.68034e-4,ASV_00251,UK1
247,1,2,3.86766e-4,ASV_00251,UK2
247,1,4,4.3971e-4,ASV_00251,IT2
247,1,7,4.74708e-4,ASV_00251,SE1
248,1,2,1.56142e-4,ASV_00252,UK2
248,1,4,3.58947e-4,ASV_00252,IT2
248,1,7,3.33821e-4,ASV_00252,SE1
249,1,1,5.88673e-4,ASV_00253,UK1
249,1,2,3.32924e-4,ASV_00253,UK2
249,1,4,4.24455e-4,ASV_00253,IT2
250,1,1,7.76223e-4,ASV_00254,UK1
250,1,2,4.27147e-4,ASV_00254,UK2
250,1,3,3.069e-4,ASV_00254,IT1
250,1,4,6.72129e-4,ASV_00254,IT2
250,1,5,5.47394e-5,ASV_00254,IT3
250,1,7,1.81268e-4,ASV_00254,SE1
251,1,2,3.76895e-4,ASV_00255,UK2
251,1,6,2.42289e-4,ASV_00255,FI1
251,1,7,2.75492e-4,ASV_00255,SE1
252,1,1,4.10995e-4,ASV_00256,UK1
252,1,2,1.23837e-4,ASV_00256,UK2
252,1,6,2.94337e-4,ASV_00256,FI1
252,1,7,1.59732e-4,ASV_00256,SE1
253,1,1,9.69157e-4,ASV_00257,UK1
253,1,2,4.89066e-4,ASV_00257,UK2
253,1,3,5.456e-4,ASV_00257,IT1
253,1,4,7.41226e-4,ASV_00257,IT2
253,1,6,4.65734e-4,ASV_00257,FI1
253,1,7,1.40887e-4,ASV_00257,SE1
254,1,2,2.75492e-4,ASV_00258,UK2
254,1,6,4.21763e-5,ASV_00258,FI1
254,1,7,2.58442e-4,ASV_00258,SE1
255,1,1,4.96245e-4,ASV_00259,UK1
255,1,2,2.8626e-4,ASV_00259,UK2
255,1,3,2.99721e-4,ASV_00259,IT1
255,1,4,2.36905e-4,ASV_00259,IT2
255,1,5,1.34605e-5,ASV_00259,IT3
256,1,1,4.27147e-4,ASV_00260,UK1
256,1,2,5.115e-4,ASV_00260,UK2
256,1,6,3.38308e-4,ASV_00260,FI1
256,1,7,3.73305e-4,ASV_00260,SE1
257,1,1,5.09705e-4,ASV_00261,UK1
257,1,2,4.15481e-4,ASV_00261,UK2
257,1,6,4.28045e-4,ASV_00261,FI1
257,1,7,3.3741e-4,ASV_00261,SE1
258,1,1,7.78915e-4,ASV_00262,UK1
258,1,2,6.42516e-4,ASV_00262,UK2
258,1,4,7.42123e-4,ASV_00262,IT2
258,1,5,2.09087e-4,ASV_00262,IT3
258,1,6,5.77905e-4,ASV_00262,FI1
258,1,7,5.30344e-4,ASV_00262,SE1
259,1,1,5.59958e-4,ASV_00263,UK1
259,1,2,2.06395e-4,ASV_00263,UK2
259,1,3,1.8755e-4,ASV_00263,IT1
259,1,4,3.96637e-4,ASV_00263,IT2
260,1,1,6.69437e-4,ASV_00264,UK1
260,1,2,1.31913e-4,ASV_00264,UK2
260,1,3,3.83176e-4,ASV_00264,IT1
260,1,4,4.84579e-4,ASV_00264,IT2
260,1,5,4.57658e-5,ASV_00264,IT3
261,1,1,7.8071e-5,ASV_00265,UK1
261,1,2,3.58947e-5,ASV_00265,UK2
261,1,4,2.06395e-4,ASV_00265,IT2
261,1,6,1.91139e-4,ASV_00265,FI1
261,1,7,4.93552e-5,ASV_00265,SE1
262,1,1,4.64837e-4,ASV_00266,UK1
262,1,2,3.76895e-4,ASV_00266,UK2
262,1,3,2.45879e-4,ASV_00266,IT1
262,1,4,4.29839e-4,ASV_00266,IT2
262,1,5,7.53789e-5,ASV_00266,IT3
263,1,1,3.57152e-4,ASV_00267,UK1
263,1,2,3.55358e-4,ASV_00267,UK2
263,1,4,5.57266e-4,ASV_00267,IT2
263,1,6,2.81774e-4,ASV_00267,FI1
263,1,7,2.48571e-4,ASV_00267,SE1
264,1,2,9.06342e-5,ASV_00268,UK2
264,1,7,7.35842e-5,ASV_00268,SE1
265,1,1,8.51602e-4,ASV_00269,UK1
265,1,2,3.25745e-4,ASV_00269,UK2
265,1,3,4.89963e-4,ASV_00269,IT1
265,1,4,7.76223e-4,ASV_00269,IT2
265,1,6,4.02021e-4,ASV_00269,FI1
265,1,7,5.30344e-4,ASV_00269,SE1
266,1,1,6.02134e-4,ASV_00270,UK1
266,1,2,5.59958e-4,ASV_00270,UK2
266,1,4,4.86373e-4,ASV_00270,IT2
266,1,5,1.31913e-4,ASV_00270,IT3
266,1,6,2.29726e-4,ASV_00270,FI1
267,1,3,2.44981e-4,ASV_00271,IT1
267,1,4,4.54068e-4,ASV_00271,IT2
268,1,1,6.49694e-4,ASV_00272,UK1
268,1,2,4.33429e-4,ASV_00272,UK2
268,1,3,3.56255e-4,ASV_00272,IT1
268,1,4,4.92655e-4,ASV_00272,IT2
269,1,1,6.36234e-4,ASV_00273,UK1
269,1,2,4.33429e-4,ASV_00273,UK2
269,1,3,3.08695e-4,ASV_00273,IT1
269,1,4,6.08416e-4,ASV_00273,IT2
269,1,5,4.30737e-5,ASV_00273,IT3
270,1,2,5.13295e-4,ASV_00274,UK2
270,1,4,4.54966e-4,ASV_00274,IT2
270,1,6,3.06002e-4,ASV_00274,FI1
270,1,7,4.36121e-4,ASV_00274,SE1
271,1,1,6.24568e-4,ASV_00275,UK1
271,1,2,6.02134e-4,ASV_00275,UK2
271,1,4,5.27652e-4,ASV_00275,IT2
271,1,6,4.24455e-4,ASV_00275,FI1
271,1,7,1.17555e-4,ASV_00275,SE1
272,1,1,9.29673e-4,ASV_00276,UK1
272,1,2,4.42402e-4,ASV_00276,UK2
272,1,3,5.33934e-4,ASV_00276,IT1
272,1,4,8.97368e-4,ASV_00276,IT2
272,1,6,5.16884e-4,ASV_00276,FI1
272,1,7,2.79081e-4,ASV_00276,SE1
273,1,1,7.25073e-4,ASV_00277,UK1
273,1,2,6.82e-4,ASV_00277,UK2
273,1,4,6.09313e-4,ASV_00277,IT2
273,1,6,5.07013e-4,ASV_00277,FI1
273,1,7,3.17668e-4,ASV_00277,SE1
274,1,1,5.99442e-4,ASV_00278,UK1
274,1,2,4.17276e-4,ASV_00278,UK2
274,1,3,4.10995e-4,ASV_00278,IT1
274,1,4,6.04826e-4,ASV_00278,IT2
274,1,5,6.46105e-5,ASV_00278,IT3
275,1,1,3.86766e-4,ASV_00279,UK1
275,1,3,1.92934e-4,ASV_00279,IT1
275,1,4,4.13687e-4,ASV_00279,IT2
275,1,5,9.60184e-5,ASV_00279,IT3
276,1,1,3.70613e-4,ASV_00280,UK1
276,1,2,3.05105e-4,ASV_00280,UK2
276,1,3,8.43526e-5,ASV_00280,IT1
276,1,4,1.66013e-4,ASV_00280,IT2
276,1,6,3.83176e-4,ASV_00280,FI1
276,1,7,1.01403e-4,ASV_00280,SE1
277,1,2,4.19968e-4,ASV_00281,UK2
277,1,6,3.56255e-4,ASV_00281,FI1
277,1,7,4.37916e-4,ASV_00281,SE1
278,1,2,1.74987e-4,ASV_00282,UK2
278,1,4,3.68818e-4,ASV_00282,IT2
279,1,2,1.64218e-4,ASV_00283,UK2
279,1,4,3.45487e-4,ASV_00283,IT2
279,1,6,2.6921e-4,ASV_00283,FI1
280,1,4,2.2165e-4,ASV_00284,IT2
281,1,1,4.32531e-4,ASV_00285,UK1
281,1,2,3.01516e-4,ASV_00285,UK2
281,1,3,1.95626e-4,ASV_00285,IT1
281,1,4,4.24455e-4,ASV_00285,IT2
282,1,1,6.03929e-4,ASV_00286,UK1
282,1,2,3.83176e-4,ASV_00286,UK2
282,1,4,5.36626e-4,ASV_00286,IT2
282,1,5,7.44815e-5,ASV_00286,IT3
283,1,1,6.55976e-4,ASV_00287,UK1
283,1,2,4.37018e-4,ASV_00287,UK2
283,1,3,3.77792e-4,ASV_00287,IT1
283,1,4,7.16997e-4,ASV_00287,IT2
284,1,1,8.34552e-4,ASV_00288,UK1
284,1,2,3.83176e-4,ASV_00288,UK2
284,1,3,5.2855e-4,ASV_00288,IT1
284,1,4,5.49189e-4,ASV_00288,IT2
284,1,5,5.92263e-5,ASV_00288,IT3
284,1,6,1.37297e-4,ASV_00288,FI1
284,1,7,5.08808e-4,ASV_00288,SE1
285,1,1,2.97926e-4,ASV_00289,UK1
285,1,2,4.774e-4,ASV_00289,UK2
285,1,6,1.8396e-4,ASV_00289,FI1
285,1,7,3.85868e-4,ASV_00289,SE1
286,1,1,9.09931e-4,ASV_00290,UK1
286,1,2,6.58668e-4,ASV_00290,UK2
286,1,3,5.56368e-4,ASV_00290,IT1
286,1,4,6.38926e-4,ASV_00290,IT2
286,1,5,1.12171e-4,ASV_00290,IT3
286,1,6,5.33037e-4,ASV_00290,FI1
286,1,7,6.20081e-4,ASV_00290,SE1
287,1,4,1.72295e-4,ASV_00291,IT2
288,1,1,7.43918e-4,ASV_00292,UK1
288,1,2,1.08582e-4,ASV_00292,UK2
288,1,4,6.38926e-4,ASV_00292,IT2
288,1,6,4.28045e-4,ASV_00292,FI1
288,1,7,5.48292e-4,ASV_00292,SE1
289,1,1,5.35729e-4,ASV_00293,UK1
289,1,2,5.09705e-4,ASV_00293,UK2
289,1,3,3.24847e-4,ASV_00293,IT1
289,1,4,2.76389e-4,ASV_00293,IT2
289,1,7,2.78184e-4,ASV_00293,SE1
290,1,1,7.40329e-4,ASV_00294,UK1
290,1,2,2.36905e-4,ASV_00294,UK2
290,1,3,4.02021e-4,ASV_00294,IT1
290,1,4,5.53676e-4,ASV_00294,IT2
290,1,5,7.98658e-5,ASV_00294,IT3
290,1,7,7.53789e-5,ASV_00294,SE1
291,1,1,6.21876e-4,ASV_00295,UK1
291,1,2,2.18958e-4,ASV_00295,UK2
291,1,3,3.18566e-4,ASV_00295,IT1
291,1,4,5.75213e-4,ASV_00295,IT2
291,1,5,1.07684e-4,ASV_00295,IT3
292,1,1,8.29168e-4,ASV_00296,UK1
292,1,2,2.79081e-4,ASV_00296,UK2
292,1,3,5.05218e-4,ASV_00296,IT1
292,1,4,8.03144e-4,ASV_00296,IT2
292,1,6,3.2395e-4,ASV_00296,FI1
292,1,7,3.55358e-4,ASV_00296,SE1
293,1,1,5.797e-4,ASV_00297,UK1
293,1,2,2.79979e-4,ASV_00297,UK2
293,1,3,3.53563e-4,ASV_00297,IT1
293,1,4,4.52273e-4,ASV_00297,IT2
293,1,6,4.24455e-4,ASV_00297,FI1
293,1,7,2.728e-4,ASV_00297,SE1
294,1,1,5.85981e-4,ASV_00298,UK1
294,1,2,1.10376e-4,ASV_00298,UK2
294,1,4,3.32026e-4,ASV_00298,IT2
294,1,6,3.10489e-4,ASV_00298,FI1
294,1,7,2.73697e-4,ASV_00298,SE1
295,1,1,7.43918e-4,ASV_00299,UK1
295,1,2,4.33429e-4,ASV_00299,UK2
295,1,3,4.54068e-4,ASV_00299,IT1
295,1,4,4.9086e-4,ASV_00299,IT2
295,1,6,4.37018e-4,ASV_00299,FI1
296,1,1,6.39823e-4,ASV_00300,UK1
296,1,2,3.77792e-4,ASV_00300,UK2
296,1,4,5.4201e-4,ASV_00300,IT2
297,1,2,2.53058e-4,ASV_00301,UK2
297,1,6,1.95626e-4,ASV_00301,FI1
297,1,7,6.28158e-5,ASV_00301,SE1
298,1,2,2.02805e-4,ASV_00302,UK2
299,1,1,7.1251e-4,ASV_00303,UK1
299,1,2,4.10097e-4,ASV_00303,UK2
299,1,4,5.49189e-4,ASV_00303,IT2
299,1,6,2.94337e-4,ASV_00303,FI1
299,1,7,3.3741e-4,ASV_00303,SE1
300,1,1,5.9675e-4,ASV_00304,UK1
300,1,2,2.44084e-4,ASV_00304,UK2
300,1,4,5.54573e-4,ASV_00304,IT2
301,1,2,2.84466e-4,ASV_00305,UK2
301,1,4,2.58442e-4,ASV_00305,IT2
302,1,2,2.73697e-4,ASV_00307,UK2
302,1,3,2.13574e-4,ASV_00307,IT1
302,1,4,3.12284e-4,ASV_00307,IT2
302,1,5,1.08582e-4,ASV_00307,IT3
303,1,1,4.84579e-4,ASV_00308,UK1
303,1,3,1.78576e-4,ASV_00308,IT1
303,1,4,3.43692e-4,ASV_00308,IT2
303,1,5,1.06787e-4,ASV_00308,IT3
304,1,1,7.15202e-4,ASV_00309,UK1
304,1,2,5.94058e-4,ASV_00309,UK2
304,1,4,6.45208e-4,ASV_00309,IT2
304,1,6,4.78297e-4,ASV_00309,FI1
304,1,7,6.66744e-4,ASV_00309,SE1
305,1,1,3.28437e-4,ASV_00310,UK1
305,1,2,3.36513e-4,ASV_00310,UK2
305,1,6,4.93552e-5,ASV_00310,FI1
306,1,1,6.25466e-4,ASV_00311,UK1
306,1,2,5.22268e-4,ASV_00311,UK2
306,1,3,4.02918e-4,ASV_00311,IT1
306,1,4,4.68426e-4,ASV_00311,IT2
306,1,5,1.38195e-4,ASV_00311,IT3
306,1,6,2.06395e-5,ASV_00311,FI1
307,1,1,6.138e-4,ASV_00312,UK1
307,1,3,3.74202e-4,ASV_00312,IT1
307,1,4,6.38029e-4,ASV_00312,IT2
307,1,5,6.37131e-5,ASV_00312,IT3
308,1,1,6.81102e-4,ASV_00313,UK1
308,1,2,3.05105e-4,ASV_00313,UK2
308,1,3,2.66518e-4,ASV_00313,IT1
308,1,4,3.2036e-4,ASV_00313,IT2
308,1,5,5.92263e-5,ASV_00313,IT3
308,1,7,2.82671e-4,ASV_00313,SE1
309,1,2,2.07292e-4,ASV_00314,UK2
309,1,7,7.71736e-5,ASV_00314,SE1
310,1,1,6.99947e-4,ASV_00315,UK1
310,1,2,3.72408e-4,ASV_00315,UK2
310,1,3,4.54068e-4,ASV_00315,IT1
310,1,4,8.3186e-4,ASV_00315,IT2
310,1,5,2.15368e-5,ASV_00315,IT3
310,1,6,4.51376e-4,ASV_00315,FI1
310,1,7,1.04095e-4,ASV_00315,SE1
311,1,1,2.99721e-4,ASV_00316,UK1
311,1,2,8.16605e-5,ASV_00316,UK2
312,1,3,1.13966e-4,ASV_00317,IT1
312,1,4,2.30624e-4,ASV_00317,IT2
313,1,1,6.02134e-4,ASV_00318,UK1
313,1,2,3.85868e-4,ASV_00318,UK2
313,1,3,3.93047e-4,ASV_00318,IT1
313,1,4,5.09705e-4,ASV_00318,IT2
313,1,5,9.60184e-5,ASV_00318,IT3
313,1,6,4.89963e-4,ASV_00318,FI1
313,1,7,1.01403e-4,ASV_00318,SE1
314,1,2,2.11779e-4,ASV_00319,UK2
314,1,6,2.32418e-4,ASV_00319,FI1
315,1,1,6.06621e-4,ASV_00320,UK1
315,1,2,3.36513e-4,ASV_00320,UK2
315,1,4,4.74708e-4,ASV_00320,IT2
316,1,1,5.10602e-4,ASV_00321,UK1
316,1,2,3.64331e-4,ASV_00321,UK2
316,1,4,3.83176e-4,ASV_00321,IT2
317,1,2,3.05105e-5,ASV_00322,UK2
318,1,1,6.02134e-4,ASV_00323,UK1
318,1,2,3.3741e-4,ASV_00323,UK2
318,1,3,3.61639e-4,ASV_00323,IT1
318,1,4,5.9316e-4,ASV_00323,IT2
318,1,6,3.16771e-4,ASV_00323,FI1
318,1,7,3.24847e-4,ASV_00323,SE1
319,1,1,8.30963e-4,ASV_00324,UK1
319,1,2,4.74708e-4,ASV_00324,UK2
319,1,3,4.45095e-4,ASV_00324,IT1
319,1,4,3.61639e-4,ASV_00324,IT2
319,1,5,9.96079e-5,ASV_00324,IT3
319,1,6,3.25745e-4,ASV_00324,FI1
319,1,7,6.85589e-4,ASV_00324,SE1
320,1,1,7.16997e-4,ASV_00325,UK1
320,1,2,2.60237e-4,ASV_00325,UK2
320,1,3,4.33429e-4,ASV_00325,IT1
320,1,4,4.79195e-4,ASV_00325,IT2
321,1,1,6.1021e-4,ASV_00326,UK1
321,1,2,4.3971e-4,ASV_00326,UK2
321,1,3,3.35616e-4,ASV_00326,IT1
321,1,4,5.5906e-4,ASV_00326,IT2
321,1,5,1.45374e-4,ASV_00326,IT3
322,1,3,1.39989e-4,ASV_00327,IT1
322,1,4,3.22155e-4,ASV_00327,IT2
322,1,5,1.88447e-5,ASV_00327,IT3
323,1,1,8.22886e-4,ASV_00328,UK1
323,1,2,2.76389e-4,ASV_00328,UK2
323,1,3,4.92655e-4,ASV_00328,IT1
323,1,4,7.85197e-4,ASV_00328,IT2
323,1,7,2.62929e-4,ASV_00328,SE1
324,1,2,3.41897e-4,ASV_00329,UK2
324,1,6,2.95234e-4,ASV_00329,FI1
324,1,7,4.82784e-4,ASV_00329,SE1
325,1,1,2.97029e-4,ASV_00330,UK1
325,1,3,1.73192e-4,ASV_00330,IT1
325,1,4,3.35616e-4,ASV_00330,IT2
326,1,1,8.184e-4,ASV_00331,UK1
326,1,2,5.48292e-4,ASV_00331,UK2
326,1,3,4.72913e-4,ASV_00331,IT1
326,1,4,6.58668e-4,ASV_00331,IT2
326,1,5,2.10881e-4,ASV_00331,IT3
326,1,6,3.32026e-4,ASV_00331,FI1
326,1,7,3.28437e-4,ASV_00331,SE1
327,1,2,2.62031e-4,ASV_00332,UK2
327,1,4,3.42795e-4,ASV_00332,IT2
327,1,7,2.97029e-4,ASV_00332,SE1
328,1,1,7.60968e-4,ASV_00333,UK1
328,1,2,3.61639e-4,ASV_00333,UK2
328,1,3,4.16379e-4,ASV_00333,IT1
328,1,4,5.4201e-4,ASV_00333,IT2
328,1,5,1.88447e-5,ASV_00333,IT3
329,1,2,3.93945e-4,ASV_00334,UK2
329,1,4,4.0561e-4,ASV_00334,IT2
329,1,7,3.5805e-4,ASV_00334,SE1
330,1,1,9.84413e-4,ASV_00335,UK1
330,1,2,7.89684e-4,ASV_00335,UK2
330,1,3,5.29447e-4,ASV_00335,IT1
330,1,4,6.17389e-4,ASV_00335,IT2
330,1,5,2.19855e-4,ASV_00335,IT3
330,1,6,5.83289e-4,ASV_00335,FI1
330,1,7,7.15202e-4,ASV_00335,SE1
331,1,1,4.74708e-4,ASV_00336,UK1
331,1,3,1.82166e-4,ASV_00336,IT1
331,1,4,4.48684e-4,ASV_00336,IT2
331,1,5,4.84579e-5,ASV_00336,IT3
332,1,1,6.76615e-4,ASV_00337,UK1
332,1,2,3.68818e-4,ASV_00337,UK2
332,1,3,4.2266e-4,ASV_00337,IT1
332,1,4,5.2855e-4,ASV_00337,IT2
332,1,5,1.61526e-5,ASV_00337,IT3
333,1,1,5.03423e-4,ASV_00338,UK1
333,1,2,4.49581e-4,ASV_00338,UK2
333,1,6,3.67921e-4,ASV_00338,FI1
334,1,2,1.12171e-4,ASV_00339,UK2
334,1,4,3.29334e-4,ASV_00339,IT2
334,1,6,2.50366e-4,ASV_00339,FI1
335,1,1,5.82392e-4,ASV_00340,UK1
335,1,2,2.79081e-4,ASV_00340,UK2
335,1,4,3.72408e-4,ASV_00340,IT2
335,1,5,7.17894e-5,ASV_00340,IT3
336,1,1,4.42402e-4,ASV_00341,UK1
336,1,2,4.34326e-4,ASV_00341,UK2
336,1,6,3.93047e-4,ASV_00341,FI1
336,1,7,2.15368e-4,ASV_00341,SE1
337,1,1,9.24289e-4,ASV_00342,UK1
337,1,2,4.13687e-4,ASV_00342,UK2
337,1,3,4.88168e-4,ASV_00342,IT1
337,1,4,8.97368e-4,ASV_00342,IT2
337,1,6,5.9316e-4,ASV_00342,FI1
337,1,7,5.08808e-4,ASV_00342,SE1
338,1,3,9.5121e-5,ASV_00343,IT1
338,1,4,1.85755e-4,ASV_00343,IT2
339,1,1,1.72295e-4,ASV_00345,UK1
339,1,3,3.00618e-4,ASV_00345,IT1
339,1,4,4.82784e-4,ASV_00345,IT2
339,1,5,3.32026e-5,ASV_00345,IT3
340,1,2,2.23445e-4,ASV_00346,UK2
340,1,4,2.58442e-4,ASV_00346,IT2
341,1,4,9.78131e-5,ASV_00347,IT2
342,1,6,2.54853e-4,ASV_00348,FI1
342,1,7,2.51263e-4,ASV_00348,SE1
343,1,2,3.45487e-4,ASV_00349,UK2
343,1,6,2.67416e-4,ASV_00349,FI1
343,1,7,3.52666e-4,ASV_00349,SE1
344,1,1,8.55192e-4,ASV_00350,UK1
344,1,2,4.85476e-4,ASV_00350,UK2
344,1,4,6.73026e-4,ASV_00350,IT2
344,1,6,6.12902e-4,ASV_00350,FI1
344,1,7,5.78802e-4,ASV_00350,SE1
345,1,2,4.47787e-4,ASV_00351,UK2
345,1,6,4.2625e-4,ASV_00351,FI1
345,1,7,5.797e-4,ASV_00351,SE1
346,1,1,5.64444e-4,ASV_00352,UK1
346,1,2,2.67416e-4,ASV_00352,UK2
346,1,3,2.26137e-4,ASV_00352,IT1
346,1,4,4.37018e-4,ASV_00352,IT2
346,1,5,1.00505e-4,ASV_00352,IT3
347,1,3,2.59339e-4,ASV_00353,IT1
347,1,4,2.27931e-4,ASV_00353,IT2
348,1,1,4.81887e-4,ASV_00354,UK1
348,1,3,1.18453e-4,ASV_00354,IT1
348,1,4,5.17781e-4,ASV_00354,IT2
348,1,5,3.76895e-5,ASV_00354,IT3
349,1,1,8.09426e-4,ASV_00355,UK1
349,1,2,4.10097e-4,ASV_00355,UK2
349,1,3,5.48292e-4,ASV_00355,IT1
349,1,4,7.60071e-4,ASV_00355,IT2
350,1,1,0.00102928,ASV_00356,UK1
350,1,2,8.38142e-4,ASV_00356,UK2
350,1,3,5.797e-4,ASV_00356,IT1
350,1,4,8.39039e-4,ASV_00356,IT2
350,1,5,1.63321e-4,ASV_00356,IT3
350,1,6,4.47787e-4,ASV_00356,FI1
350,1,7,6.43413e-4,ASV_00356,SE1
351,1,4,1.79474e-4,ASV_00357,IT2
352,1,2,2.23445e-4,ASV_00358,UK2
353,1,1,2.54853e-4,ASV_00359,UK1
353,1,3,1.46271e-4,ASV_00359,IT1
353,1,4,1.92037e-4,ASV_00359,IT2
354,1,2,3.39205e-4,ASV_00360,UK2
354,1,6,2.14471e-4,ASV_00360,FI1
354,1,7,1.8396e-4,ASV_00360,SE1
355,1,2,2.73697e-4,ASV_00361,UK2
355,1,4,4.46889e-4,ASV_00361,IT2
355,1,6,3.90355e-4,ASV_00361,FI1
355,1,7,3.89458e-4,ASV_00361,SE1
356,1,2,1.55245e-4,ASV_00362,UK2
357,1,2,3.30231e-4,ASV_00363,UK2
357,1,7,2.81774e-4,ASV_00363,SE1
358,1,2,2.79979e-4,ASV_00364,UK2
358,1,7,2.90747e-4,ASV_00364,SE1
359,1,1,8.40834e-4,ASV_00365,UK1
359,1,2,1.26529e-4,ASV_00365,UK2
359,1,3,4.65734e-4,ASV_00365,IT1
359,1,4,6.03031e-4,ASV_00365,IT2
359,1,6,3.27539e-4,ASV_00365,FI1
359,1,7,5.50984e-4,ASV_00365,SE1
360,1,7,1.84858e-4,ASV_00366,SE1
361,1,2,1.82166e-4,ASV_00367,UK2
361,1,4,2.87158e-4,ASV_00367,IT2
361,1,7,2.34213e-4,ASV_00367,SE1
362,1,1,4.49581e-4,ASV_00368,UK1
362,1,2,2.90747e-4,ASV_00368,UK2
362,1,3,2.49468e-4,ASV_00368,IT1
362,1,4,4.11892e-4,ASV_00368,IT2
363,1,1,8.56089e-4,ASV_00369,UK1
363,1,2,4.74708e-4,ASV_00369,UK2
363,1,4,7.8071e-4,ASV_00369,IT2
363,1,7,4.5676e-4,ASV_00369,SE1
364,1,1,4.16379e-4,ASV_00370,UK1
364,1,2,2.36008e-4,ASV_00370,UK2
365,1,1,5.01629e-4,ASV_00371,UK1
365,1,2,3.47281e-4,ASV_00371,UK2
365,1,7,2.83568e-4,ASV_00371,SE1
366,1,2,2.16266e-4,ASV_00372,UK2
366,1,4,3.06002e-4,ASV_00372,IT2
367,1,1,7.25073e-4,ASV_00373,UK1
367,1,2,3.44589e-4,ASV_00373,UK2
367,1,3,4.36121e-4,ASV_00373,IT1
367,1,4,6.90973e-4,ASV_00373,IT2
367,1,7,2.08189e-4,ASV_00373,SE1
368,1,1,2.58442e-4,ASV_00374,UK1
368,1,2,1.39989e-4,ASV_00374,UK2
368,1,7,1.6691e-4,ASV_00374,SE1
369,1,2,1.31016e-4,ASV_00375,UK2
370,1,1,7.27765e-4,ASV_00376,UK1
370,1,2,6.74821e-4,ASV_00376,UK2
370,1,4,6.28158e-4,ASV_00376,IT2
370,1,6,5.9675e-4,ASV_00376,FI1
370,1,7,6.46105e-4,ASV_00376,SE1
371,1,1,5.97647e-4,ASV_00377,UK1
371,1,2,4.16379e-4,ASV_00377,UK2
371,1,4,4.86373e-4,ASV_00377,IT2
371,1,5,3.32026e-5,ASV_00377,IT3
371,1,6,1.07684e-5,ASV_00377,FI1
372,1,1,6.66744e-4,ASV_00378,UK1
372,1,2,3.04208e-4,ASV_00378,UK2
372,1,3,3.69716e-4,ASV_00378,IT1
372,1,4,5.31242e-4,ASV_00378,IT2
373,1,2,3.57152e-4,ASV_00379,UK2
373,1,6,3.2036e-4,ASV_00379,FI1
373,1,7,3.17668e-4,ASV_00379,SE1
374,1,1,5.50087e-4,ASV_00380,UK1
374,1,2,2.93439e-4,ASV_00380,UK2
374,1,3,2.37803e-4,ASV_00380,IT1
374,1,4,4.59452e-4,ASV_00380,IT2
375,1,1,7.08921e-4,ASV_00381,UK1
375,1,2,2.43187e-4,ASV_00381,UK2
375,1,3,4.33429e-4,ASV_00381,IT1
375,1,4,6.4431e-4,ASV_00381,IT2
375,1,5,1.25632e-4,ASV_00381,IT3
376,1,1,8.34552e-4,ASV_00382,UK1
376,1,2,3.33821e-4,ASV_00382,UK2
376,1,3,4.32531e-4,ASV_00382,IT1
376,1,4,7.01742e-4,ASV_00382,IT2
376,1,7,6.46105e-4,ASV_00382,SE1
377,1,3,5.83289e-5,ASV_00383,IT1
378,1,1,7.13408e-4,ASV_00384,UK1
378,1,2,1.42682e-4,ASV_00384,UK2
378,1,3,4.13687e-4,ASV_00384,IT1
378,1,4,5.00731e-4,ASV_00384,IT2
378,1,5,2.33316e-5,ASV_00384,IT3
378,1,6,3.28437e-4,ASV_00384,FI1
378,1,7,2.387e-4,ASV_00384,SE1
379,1,1,6.05723e-4,ASV_00385,UK1
379,1,2,4.62145e-4,ASV_00385,UK2
379,1,6,4.38813e-4,ASV_00385,FI1
379,1,7,1.6691e-4,ASV_00385,SE1
380,1,2,1.23837e-4,ASV_00386,UK2
380,1,7,1.43579e-4,ASV_00386,SE1
381,1,1,8.70447e-4,ASV_00387,UK1
381,1,2,6.86487e-4,ASV_00387,UK2
381,1,4,7.45713e-4,ASV_00387,IT2
381,1,6,6.1021e-4,ASV_00387,FI1
381,1,7,6.3085e-4,ASV_00387,SE1
382,1,2,2.53058e-4,ASV_00388,UK2
382,1,6,9.78131e-5,ASV_00388,FI1
383,1,2,2.8626e-4,ASV_00389,UK2
383,1,4,2.8626e-4,ASV_00389,IT2
384,1,1,5.60855e-4,ASV_00390,UK1
384,1,2,4.2266e-4,ASV_00390,UK2
384,1,3,4.82784e-4,ASV_00390,IT1
384,1,4,6.38029e-4,ASV_00390,IT2
385,1,1,4.82784e-4,ASV_00391,UK1
385,1,2,3.02413e-4,ASV_00391,UK2
385,1,3,1.8755e-4,ASV_00391,IT1
385,1,4,4.19071e-4,ASV_00391,IT2
386,1,1,4.47787e-4,ASV_00392,UK1
386,1,2,5.56368e-4,ASV_00392,UK2
386,1,6,4.72913e-4,ASV_00392,FI1
386,1,7,2.50366e-4,ASV_00392,SE1
387,1,1,6.33542e-4,ASV_00393,UK1
387,1,2,4.03816e-4,ASV_00393,UK2
387,1,3,2.99721e-4,ASV_00393,IT1
387,1,4,5.50087e-4,ASV_00393,IT2
388,1,1,4.7381e-4,ASV_00394,UK1
388,1,2,3.33821e-4,ASV_00394,UK2
389,1,2,3.81381e-4,ASV_00395,UK2
389,1,4,4.35223e-4,ASV_00395,IT2
389,1,5,1.17555e-4,ASV_00395,IT3
389,1,7,1.57937e-4,ASV_00395,SE1
390,1,3,5.115e-5,ASV_00396,IT1
391,1,1,4.10995e-4,ASV_00397,UK1
391,1,4,2.36905e-4,ASV_00397,IT2
391,1,6,6.28158e-6,ASV_00397,FI1
392,1,1,4.80989e-4,ASV_00398,UK1
392,1,2,3.02413e-4,ASV_00398,UK2
392,1,4,4.59452e-4,ASV_00398,IT2
393,1,1,4.47787e-4,ASV_00399,UK1
393,1,2,1.59732e-4,ASV_00399,UK2
393,1,4,4.092e-4,ASV_00399,IT2
393,1,5,7.17894e-6,ASV_00399,IT3
394,1,2,1.54347e-4,ASV_00400,UK2
394,1,4,2.36008e-4,ASV_00400,IT2
394,1,7,1.07684e-4,ASV_00400,SE1
395,1,1,5.68931e-4,ASV_00402,UK1
395,1,2,2.95234e-4,ASV_00402,UK2
395,1,3,8.16605e-5,ASV_00402,IT1
395,1,4,4.71118e-4,ASV_00402,IT2
395,1,5,8.97368e-6,ASV_00402,IT3
396,1,4,2.12676e-4,ASV_00403,IT2
397,1,2,2.44084e-4,ASV_00404,UK2
397,1,3,2.728e-4,ASV_00404,IT1
397,1,4,4.08302e-4,ASV_00404,IT2
397,1,5,1.1576e-4,ASV_00404,IT3
398,1,1,6.57771e-4,ASV_00406,UK1
398,1,2,1.63321e-4,ASV_00406,UK2
398,1,4,4.07405e-4,ASV_00406,IT2
398,1,6,3.72408e-4,ASV_00406,FI1
398,1,7,4.13687e-4,ASV_00406,SE1
399,1,2,2.76389e-4,ASV_00407,UK2
399,1,4,3.09592e-4,ASV_00407,IT2
400,1,2,2.83568e-4,ASV_00409,UK2
400,1,4,2.87158e-4,ASV_00409,IT2
401,1,1,7.21484e-4,ASV_00410,UK1
401,1,2,3.90355e-4,ASV_00410,UK2
401,1,3,3.60742e-4,ASV_00410,IT1
401,1,4,5.86879e-4,ASV_00410,IT2
401,1,7,1.79474e-4,ASV_00410,SE1
402,1,1,6.04826e-4,ASV_00411,UK1
402,1,2,3.93047e-4,ASV_00411,UK2
402,1,3,2.84466e-4,ASV_00411,IT1
402,1,4,6.03929e-4,ASV_00411,IT2
403,1,4,2.26137e-4,ASV_00412,IT2
404,1,2,1.96524e-4,ASV_00413,UK2
405,1,2,3.53563e-4,ASV_00415,UK2
405,1,4,3.46384e-4,ASV_00415,IT2
405,1,7,3.07797e-4,ASV_00415,SE1
406,1,1,5.03423e-4,ASV_00416,UK1
406,1,2,2.66518e-4,ASV_00416,UK2
406,1,4,3.83176e-4,ASV_00416,IT2
406,1,7,2.39597e-4,ASV_00416,SE1
407,1,2,2.68313e-4,ASV_00417,UK2
407,1,7,2.25239e-4,ASV_00417,SE1
408,1,4,2.36008e-4,ASV_00418,IT2
409,1,2,1.1576e-4,ASV_00419,UK2
409,1,7,1.91139e-4,ASV_00419,SE1
410,1,2,2.046e-4,ASV_00420,UK2
411,1,1,6.99947e-4,ASV_00421,UK1
411,1,2,3.42795e-4,ASV_00421,UK2
411,1,3,3.06002e-4,ASV_00421,IT1
411,1,4,5.48292e-4,ASV_00421,IT2
411,1,6,3.02413e-4,ASV_00421,FI1
412,1,1,3.30231e-4,ASV_00422,UK1
412,1,4,2.36905e-4,ASV_00422,IT2
413,1,4,1.72295e-4,ASV_00423,IT2
414,1,2,2.08189e-4,ASV_00424,UK2
414,1,7,2.62929e-4,ASV_00424,SE1
415,1,1,7.74429e-4,ASV_00425,UK1
415,1,2,2.99721e-4,ASV_00425,UK2
415,1,4,6.479e-4,ASV_00425,IT2
415,1,5,2.6921e-5,ASV_00425,IT3
415,1,6,3.65229e-4,ASV_00425,FI1
416,1,1,7.3315e-4,ASV_00426,UK1
416,1,2,6.45208e-4,ASV_00426,UK2
416,1,4,6.32644e-4,ASV_00426,IT2
416,1,6,3.62537e-4,ASV_00426,FI1
416,1,7,5.50984e-4,ASV_00426,SE1
417,1,1,4.75605e-4,ASV_00428,UK1
417,1,2,2.37803e-4,ASV_00428,UK2
417,1,4,3.36513e-4,ASV_00428,IT2
418,1,1,5.68931e-4,ASV_00429,UK1
418,1,2,3.67921e-4,ASV_00429,UK2
418,1,4,4.11892e-4,ASV_00429,IT2
419,1,1,2.92542e-4,ASV_00430,UK1
420,1,2,2.5575e-4,ASV_00431,UK2
420,1,7,2.05497e-4,ASV_00431,SE1
421,1,2,2.22547e-4,ASV_00434,UK2
422,1,2,2.51263e-4,ASV_00435,UK2
422,1,6,1.24734e-4,ASV_00435,FI1
422,1,7,4.03816e-5,ASV_00435,SE1
423,1,1,3.48179e-4,ASV_00436,UK1
423,1,2,2.1806e-4,ASV_00436,UK2
424,1,1,6.92768e-4,ASV_00437,UK1
424,1,2,4.69323e-4,ASV_00437,UK2
424,1,3,5.115e-4,ASV_00437,IT1
424,1,4,6.73026e-4,ASV_00437,IT2
425,1,2,3.28437e-4,ASV_00438,UK2
425,1,4,3.7151e-4,ASV_00438,IT2
425,1,5,1.23837e-4,ASV_00438,IT3
425,1,7,3.29334e-4,ASV_00438,SE1
426,1,2,3.94842e-5,ASV_00439,UK2
427,1,3,2.1806e-4,ASV_00440,IT1
427,1,4,2.08189e-4,ASV_00440,IT2
428,1,2,1.91139e-4,ASV_00441,UK2
428,1,4,3.84971e-4,ASV_00441,IT2
428,1,5,3.85868e-5,ASV_00441,IT3
428,1,7,8.79421e-5,ASV_00441,SE1
429,1,1,5.73418e-4,ASV_00442,UK1
429,1,2,3.89458e-4,ASV_00442,UK2
429,1,4,3.23052e-4,ASV_00442,IT2
429,1,6,2.19855e-4,ASV_00442,FI1
429,1,7,3.85868e-4,ASV_00442,SE1
430,1,1,4.45095e-4,ASV_00443,UK1
430,1,4,4.53171e-4,ASV_00443,IT2
431,1,1,6.03031e-4,ASV_00444,UK1
431,1,2,5.43805e-4,ASV_00444,UK2
431,1,4,5.54573e-4,ASV_00444,IT2
431,1,7,4.79195e-4,ASV_00444,SE1
432,1,1,4.92655e-4,ASV_00445,UK1
432,1,4,5.40216e-4,ASV_00445,IT2
433,1,7,2.07292e-4,ASV_00446,SE1
434,1,1,7.34944e-4,ASV_00447,UK1
434,1,2,3.72408e-4,ASV_00447,UK2
434,1,3,3.93945e-4,ASV_00447,IT1
434,1,4,3.2036e-4,ASV_00447,IT2
434,1,5,2.78184e-5,ASV_00447,IT3
434,1,7,2.92542e-4,ASV_00447,SE1
435,1,2,1.705e-4,ASV_00448,UK2
436,1,3,7.71736e-5,ASV_00449,IT1
436,1,6,1.98318e-4,ASV_00449,FI1
436,1,7,5.56368e-5,ASV_00449,SE1
437,1,2,2.74595e-4,ASV_00450,UK2
437,1,4,2.71005e-4,ASV_00450,IT2
438,1,3,1.94729e-4,ASV_00451,IT1
438,1,4,2.728e-4,ASV_00451,IT2
439,1,1,8.32758e-4,ASV_00452,UK1
439,1,2,2.36008e-4,ASV_00452,UK2
439,1,3,4.84579e-4,ASV_00452,IT1
439,1,4,5.33934e-4,ASV_00452,IT2
439,1,5,9.5121e-5,ASV_00452,IT3
439,1,6,2.31521e-4,ASV_00452,FI1
439,1,7,4.87271e-4,ASV_00452,SE1
440,1,2,2.42289e-4,ASV_00453,UK2
440,1,4,3.11387e-4,ASV_00453,IT2
441,1,1,5.4201e-4,ASV_00454,UK1
441,1,2,3.32026e-4,ASV_00454,UK2
441,1,3,2.00113e-4,ASV_00454,IT1
441,1,4,4.24455e-4,ASV_00454,IT2
442,1,1,4.12789e-4,ASV_00455,UK1
442,1,4,3.39205e-4,ASV_00455,IT2
443,1,2,1.75884e-4,ASV_00456,UK2
443,1,7,1.57039e-4,ASV_00456,SE1
444,1,1,3.41897e-4,ASV_00457,UK1
444,1,2,1.94729e-4,ASV_00457,UK2
445,1,1,6.49694e-4,ASV_00458,UK1
445,1,2,3.751e-4,ASV_00458,UK2
445,1,4,5.29447e-4,ASV_00458,IT2
445,1,5,2.42289e-5,ASV_00458,IT3
446,1,2,1.97421e-4,ASV_00459,UK2
446,1,4,2.50366e-4,ASV_00459,IT2
447,1,3,8.97368e-5,ASV_00460,IT1
447,1,4,1.92934e-4,ASV_00460,IT2
448,1,1,4.57658e-4,ASV_00461,UK1
448,1,2,1.89345e-4,ASV_00461,UK2
448,1,6,1.17555e-4,ASV_00461,FI1
449,1,1,4.20866e-4,ASV_00462,UK1
449,1,2,2.88055e-4,ASV_00462,UK2
450,1,1,4.37018e-4,ASV_00463,UK1
450,1,4,3.67024e-4,ASV_00463,IT2
451,1,1,9.207e-4,ASV_00464,UK1
451,1,2,2.36905e-4,ASV_00464,UK2
451,1,3,5.66239e-4,ASV_00464,IT1
451,1,4,8.73139e-4,ASV_00464,IT2
451,1,5,1.46271e-4,ASV_00464,IT3
451,1,6,4.31634e-4,ASV_00464,FI1
451,1,7,4.01124e-4,ASV_00464,SE1
452,1,4,1.77679e-4,ASV_00465,IT2
453,1,2,9.60184e-5,ASV_00466,UK2
454,1,2,2.34213e-4,ASV_00467,UK2
454,1,4,2.59339e-4,ASV_00467,IT2
455,1,1,5.03423e-4,ASV_00468,UK1
455,1,2,2.6921e-4,ASV_00468,UK2
455,1,3,2.046e-4,ASV_00468,IT1
455,1,4,3.39205e-4,ASV_00468,IT2
456,1,7,8.34552e-5,ASV_00470,SE1
457,1,1,5.32139e-4,ASV_00471,UK1
457,1,2,5.39318e-4,ASV_00471,UK2
457,1,4,5.456e-4,ASV_00471,IT2
457,1,7,1.46271e-4,ASV_00471,SE1
458,1,6,1.41784e-4,ASV_00472,FI1
458,1,7,2.70108e-4,ASV_00472,SE1
459,1,1,5.83289e-4,ASV_00474,UK1
459,1,2,2.3511e-4,ASV_00474,UK2
459,1,4,4.2625e-4,ASV_00474,IT2
459,1,6,2.19855e-4,ASV_00474,FI1
459,1,7,2.5575e-4,ASV_00474,SE1
460,1,1,4.33429e-4,ASV_00475,UK1
460,1,2,1.6691e-4,ASV_00475,UK2
460,1,6,2.01908e-4,ASV_00475,FI1
460,1,7,2.42289e-4,ASV_00475,SE1
461,1,1,3.751e-4,ASV_00476,UK1
461,1,3,2.25239e-4,ASV_00476,IT1
461,1,4,2.12676e-4,ASV_00476,IT2
462,1,1,5.07013e-4,ASV_00477,UK1
462,1,2,3.72408e-4,ASV_00477,UK2
462,1,4,4.82784e-4,ASV_00477,IT2
462,1,6,1.13068e-4,ASV_00477,FI1
462,1,7,5.92263e-5,ASV_00477,SE1
463,1,2,2.53058e-4,ASV_00478,UK2
463,1,6,2.63826e-4,ASV_00478,FI1
463,1,7,2.73697e-4,ASV_00478,SE1
464,1,2,2.3511e-4,ASV_00479,UK2
464,1,4,2.83568e-4,ASV_00479,IT2
465,1,2,2.8985e-4,ASV_00481,UK2
465,1,6,2.5575e-4,ASV_00481,FI1
465,1,7,3.46384e-4,ASV_00481,SE1
466,1,3,1.85755e-4,ASV_00482,IT1
466,1,4,2.65621e-4,ASV_00482,IT2
466,1,5,3.32026e-5,ASV_00482,IT3
467,1,1,4.76502e-4,ASV_00483,UK1
467,1,2,3.39205e-4,ASV_00483,UK2
467,1,4,5.55471e-4,ASV_00483,IT2
467,1,6,3.68818e-4,ASV_00483,FI1
467,1,7,2.32418e-4,ASV_00483,SE1
468,1,2,3.36513e-4,ASV_00484,UK2
468,1,7,2.88953e-4,ASV_00484,SE1
469,1,4,1.3281e-4,ASV_00485,IT2
470,1,1,9.70055e-4,ASV_00486,UK1
470,1,2,5.86879e-4,ASV_00486,UK2
470,1,4,8.26476e-4,ASV_00486,IT2
470,1,6,5.63547e-4,ASV_00486,FI1
470,1,7,3.77792e-4,ASV_00486,SE1
471,1,1,5.77008e-4,ASV_00487,UK1
471,1,2,4.07405e-4,ASV_00487,UK2
471,1,6,4.82784e-4,ASV_00487,FI1
471,1,7,4.48684e-4,ASV_00487,SE1
472,1,4,2.18958e-4,ASV_00488,IT2
473,1,1,5.06116e-4,ASV_00490,UK1
473,1,2,1.47168e-4,ASV_00490,UK2
473,1,3,4.32531e-4,ASV_00490,IT1
473,1,4,5.88673e-4,ASV_00490,IT2
473,1,7,4.2266e-4,ASV_00490,SE1
474,1,2,1.92934e-4,ASV_00492,UK2
475,1,1,8.44423e-4,ASV_00493,UK1
475,1,2,1.82166e-4,ASV_00493,UK2
475,1,3,4.23558e-4,ASV_00493,IT1
475,1,4,5.07013e-4,ASV_00493,IT2
475,1,6,5.27652e-4,ASV_00493,FI1
475,1,7,4.52273e-4,ASV_00493,SE1
476,1,1,6.26363e-4,ASV_00494,UK1
476,1,2,4.28045e-4,ASV_00494,UK2
476,1,4,6.72129e-4,ASV_00494,IT2
476,1,6,4.45992e-4,ASV_00494,FI1
476,1,7,2.95234e-4,ASV_00494,SE1
477,1,1,8.58781e-4,ASV_00495,UK1
477,1,2,4.58555e-4,ASV_00495,UK2
477,1,4,6.77513e-4,ASV_00495,IT2
477,1,6,6.64052e-4,ASV_00495,FI1
477,1,7,5.95852e-4,ASV_00495,SE1
478,1,2,2.62929e-4,ASV_00496,UK2
478,1,4,3.5805e-4,ASV_00496,IT2
479,1,2,3.7151e-4,ASV_00497,UK2
479,1,6,3.79587e-4,ASV_00497,FI1
479,1,7,3.01516e-4,ASV_00497,SE1
480,1,4,1.57039e-4,ASV_00498,IT2
481,1,1,3.87663e-4,ASV_00499,UK1
481,1,6,1.67808e-4,ASV_00499,FI1
482,1,1,6.80205e-4,ASV_00501,UK1
482,1,2,4.10995e-4,ASV_00501,UK2
482,1,3,4.63939e-4,ASV_00501,IT1
482,1,4,6.34439e-4,ASV_00501,IT2
482,1,5,6.28158e-5,ASV_00501,IT3
483,1,2,1.57039e-4,ASV_00502,UK2
483,1,7,1.97421e-4,ASV_00502,SE1
484,1,4,1.92934e-4,ASV_00503,IT2
485,1,2,4.99834e-4,ASV_00504,UK2
485,1,3,4.2266e-4,ASV_00504,IT1
485,1,4,5.65342e-4,ASV_00504,IT2
485,1,5,5.29447e-5,ASV_00504,IT3
485,1,6,5.29447e-4,ASV_00504,FI1
485,1,7,4.2266e-4,ASV_00504,SE1
486,1,6,2.15368e-4,ASV_00505,FI1
486,1,7,2.41392e-4,ASV_00505,SE1
487,1,1,5.25858e-4,ASV_00506,UK1
487,1,4,4.86373e-4,ASV_00506,IT2
488,1,1,5.81494e-4,ASV_00507,UK1
488,1,2,2.94337e-4,ASV_00507,UK2
488,1,4,4.21763e-4,ASV_00507,IT2
489,1,1,1.43579e-4,ASV_00508,UK1
489,1,3,9.5121e-5,ASV_00508,IT1
489,1,4,1.57937e-4,ASV_00508,IT2
489,1,7,9.69157e-5,ASV_00508,SE1
490,1,7,1.8396e-4,ASV_00509,SE1
491,1,1,3.64331e-4,ASV_00510,UK1
491,1,2,3.16771e-4,ASV_00510,UK2
492,1,1,5.14192e-4,ASV_00511,UK1
492,1,2,2.79081e-4,ASV_00511,UK2
492,1,4,3.751e-4,ASV_00511,IT2
493,1,1,4.35223e-4,ASV_00512,UK1
493,1,2,3.12284e-4,ASV_00512,UK2
493,1,4,4.58555e-4,ASV_00512,IT2
494,1,1,3.49076e-4,ASV_00513,UK1
494,1,4,2.33316e-4,ASV_00513,IT2
494,1,6,2.24342e-5,ASV_00513,FI1
495,1,3,1.92037e-4,ASV_00514,IT1
495,1,4,5.74316e-5,ASV_00514,IT2
496,1,7,1.39989e-4,ASV_00515,SE1
497,1,1,7.57379e-4,ASV_00517,UK1
497,1,2,3.49974e-4,ASV_00517,UK2
497,1,4,4.69323e-4,ASV_00517,IT2
497,1,6,4.76502e-4,ASV_00517,FI1
497,1,7,2.60237e-4,ASV_00517,SE1
498,1,4,8.07631e-5,ASV_00518,IT2
499,1,1,3.67921e-4,ASV_00519,UK1
500,1,2,6.46105e-5,ASV_00520,UK2
500,1,4,2.1806e-4,ASV_00520,IT2
500,1,7,9.69157e-5,ASV_00520,SE1
501,1,4,2.26137e-4,ASV_00521,IT2
502,1,1,3.55358e-4,ASV_00522,UK1
502,1,2,2.53058e-4,ASV_00522,UK2
503,1,6,1.023e-4,ASV_00523,FI1
504,1,1,6.80205e-4,ASV_00524,UK1
504,1,2,3.33821e-4,ASV_00524,UK2
504,1,4,5.6265e-4,ASV_00524,IT2
504,1,7,2.49468e-4,ASV_00524,SE1
505,1,1,3.32026e-4,ASV_00526,UK1
506,1,1,3.5446e-4,ASV_00527,UK1
506,1,2,1.43579e-4,ASV_00527,UK2
506,1,3,3.00618e-4,ASV_00527,IT1
506,1,5,4.84579e-5,ASV_00527,IT3
507,1,1,3.41897e-4,ASV_00528,UK1
507,1,4,2.68313e-4,ASV_00528,IT2
508,1,1,8.24681e-4,ASV_00529,UK1
508,1,2,4.092e-4,ASV_00529,UK2
508,1,3,4.67529e-4,ASV_00529,IT1
508,1,4,6.86487e-4,ASV_00529,IT2
509,1,1,5.24063e-4,ASV_00530,UK1
509,1,3,3.02413e-4,ASV_00530,IT1
509,1,4,3.70613e-4,ASV_00530,IT2
510,1,2,2.63826e-4,ASV_00531,UK2
510,1,6,1.59732e-4,ASV_00531,FI1
511,1,2,1.01403e-4,ASV_00532,UK2
512,1,4,2.15368e-4,ASV_00533,IT2
513,1,4,2.24342e-4,ASV_00534,IT2
513,1,7,2.13574e-4,ASV_00534,SE1
514,1,2,2.8626e-4,ASV_00535,UK2
514,1,6,2.79081e-4,ASV_00535,FI1
514,1,7,3.10489e-4,ASV_00535,SE1
515,1,2,7.17894e-5,ASV_00536,UK2
515,1,4,2.36008e-4,ASV_00536,IT2
515,1,6,2.19855e-4,ASV_00536,FI1
516,1,1,1.98318e-4,ASV_00537,UK1
516,1,3,1.22939e-4,ASV_00537,IT1
517,1,1,1.78576e-4,ASV_00538,UK1
517,1,2,1.13068e-4,ASV_00538,UK2
517,1,6,9.24289e-5,ASV_00538,FI1
518,1,2,9.15315e-5,ASV_00540,UK2
519,1,1,8.30963e-4,ASV_00541,UK1
519,1,2,6.42516e-4,ASV_00541,UK2
519,1,4,6.34439e-4,ASV_00541,IT2
519,1,6,5.50984e-4,ASV_00541,FI1
519,1,7,3.04208e-4,ASV_00541,SE1
520,1,1,3.84971e-4,ASV_00542,UK1
520,1,3,3.09592e-4,ASV_00542,IT1
520,1,4,3.96637e-4,ASV_00542,IT2
520,1,5,5.38421e-5,ASV_00542,IT3
521,1,2,3.76895e-4,ASV_00543,UK2
521,1,4,2.98824e-4,ASV_00543,IT2
521,1,6,2.88055e-4,ASV_00543,FI1
521,1,7,3.95739e-4,ASV_00543,SE1
522,1,4,2.48571e-4,ASV_00544,IT2
523,1,2,2.23445e-4,ASV_00545,UK2
524,1,2,2.97926e-4,ASV_00546,UK2
524,1,6,2.73697e-4,ASV_00546,FI1
524,1,7,2.43187e-4,ASV_00546,SE1
525,1,2,2.47674e-4,ASV_00548,UK2
525,1,4,1.42682e-4,ASV_00548,IT2
525,1,6,2.67416e-4,ASV_00548,FI1
525,1,7,1.00505e-4,ASV_00548,SE1
526,1,1,6.29952e-4,ASV_00550,UK1
526,1,2,3.74202e-4,ASV_00550,UK2
526,1,3,3.85868e-4,ASV_00550,IT1
526,1,4,4.78297e-4,ASV_00550,IT2
526,1,5,9.15315e-5,ASV_00550,IT3
527,1,1,3.59845e-4,ASV_00551,UK1
527,1,4,2.67416e-4,ASV_00551,IT2
528,1,2,7.53789e-5,ASV_00552,UK2
528,1,7,3.49974e-5,ASV_00552,SE1
529,1,1,8.54294e-4,ASV_00554,UK1
529,1,2,4.57658e-4,ASV_00554,UK2
529,1,4,6.41618e-4,ASV_00554,IT2
529,1,6,5.49189e-4,ASV_00554,FI1
529,1,7,6.00339e-4,ASV_00554,SE1
530,1,2,2.63826e-4,ASV_00555,UK2
530,1,3,2.44981e-4,ASV_00555,IT1
530,1,4,3.61639e-4,ASV_00555,IT2
531,1,1,4.3971e-4,ASV_00556,UK1
531,1,3,2.67416e-4,ASV_00556,IT1
531,1,4,3.94842e-4,ASV_00556,IT2
532,1,2,3.23052e-4,ASV_00557,UK2
532,1,6,2.85363e-4,ASV_00557,FI1
532,1,7,1.95626e-4,ASV_00557,SE1
533,1,2,1.99216e-4,ASV_00558,UK2
534,1,2,3.91252e-4,ASV_00559,UK2
534,1,4,3.66126e-4,ASV_00559,IT2
534,1,7,3.26642e-4,ASV_00559,SE1
535,1,4,1.22042e-4,ASV_00561,IT2
536,1,1,2.09984e-4,ASV_00562,UK1
537,1,2,3.78689e-4,ASV_00563,UK2
537,1,4,3.93945e-4,ASV_00563,IT2
537,1,6,3.50871e-4,ASV_00563,FI1
537,1,7,3.41897e-4,ASV_00563,SE1
538,1,1,2.44981e-4,ASV_00564,UK1
538,1,3,1.80371e-4,ASV_00564,IT1
539,1,2,1.97421e-4,ASV_00565,UK2
540,1,1,4.433e-4,ASV_00566,UK1
540,1,2,2.09984e-4,ASV_00566,UK2
540,1,4,4.19071e-4,ASV_00566,IT2
541,1,1,5.115e-4,ASV_00568,UK1
541,1,2,2.00113e-4,ASV_00568,UK2
541,1,4,4.11892e-4,ASV_00568,IT2
542,1,1,3.53563e-4,ASV_00569,UK1
542,1,4,2.6921e-4,ASV_00569,IT2
543,1,1,6.93665e-4,ASV_00570,UK1
543,1,2,9.42236e-5,ASV_00570,UK2
543,1,3,4.01124e-4,ASV_00570,IT1
543,1,4,6.40721e-4,ASV_00570,IT2
543,1,6,2.71903e-4,ASV_00570,FI1
543,1,7,6.28158e-5,ASV_00570,SE1
544,1,3,8.97368e-5,ASV_00571,IT1
544,1,4,1.86653e-4,ASV_00571,IT2
545,1,2,2.36905e-4,ASV_00572,UK2
545,1,4,2.22547e-4,ASV_00572,IT2
545,1,5,7.08921e-5,ASV_00572,IT3
546,1,1,4.45992e-4,ASV_00574,UK1
546,1,2,9.5121e-5,ASV_00574,UK2
546,1,3,4.30737e-4,ASV_00574,IT1
546,1,4,5.44702e-4,ASV_00574,IT2
546,1,5,8.43526e-5,ASV_00574,IT3
546,1,7,4.59452e-4,ASV_00574,SE1
547,1,2,3.47281e-4,ASV_00575,UK2
547,1,6,3.57152e-4,ASV_00575,FI1
547,1,7,2.54853e-4,ASV_00575,SE1
548,1,1,5.9675e-4,ASV_00576,UK1
548,1,2,3.14976e-4,ASV_00576,UK2
548,1,3,4.19968e-4,ASV_00576,IT1
548,1,4,4.42402e-4,ASV_00576,IT2
549,1,1,3.53563e-4,ASV_00577,UK1
549,1,2,3.19463e-4,ASV_00577,UK2
550,1,1,6.35337e-4,ASV_00581,UK1
550,1,2,3.64331e-4,ASV_00581,UK2
550,1,4,5.2855e-4,ASV_00581,IT2
551,1,2,1.63321e-4,ASV_00582,UK2
552,1,6,2.47674e-4,ASV_00583,FI1
552,1,7,1.13068e-4,ASV_00583,SE1
553,1,1,3.41e-4,ASV_00584,UK1
553,1,2,2.36905e-4,ASV_00584,UK2
554,1,2,1.50758e-4,ASV_00585,UK2
555,1,2,1.57039e-4,ASV_00586,UK2
556,1,1,7.38534e-4,ASV_00587,UK1
556,1,2,3.44589e-4,ASV_00587,UK2
556,1,4,5.77905e-4,ASV_00587,IT2
556,1,6,4.5676e-4,ASV_00587,FI1
556,1,7,6.40721e-4,ASV_00587,SE1
557,1,1,2.19855e-4,ASV_00589,UK1
557,1,2,2.42289e-4,ASV_00589,UK2
558,1,7,4.84579e-5,ASV_00590,SE1
559,1,1,4.67529e-4,ASV_00591,UK1
559,1,2,2.25239e-4,ASV_00591,UK2
560,1,4,2.11779e-4,ASV_00592,IT2
561,1,2,1.13966e-4,ASV_00593,UK2
561,1,7,1.08582e-4,ASV_00593,SE1
562,1,3,8.25579e-5,ASV_00594,IT1
562,1,4,2.2165e-4,ASV_00594,IT2
563,1,1,7.161e-4,ASV_00595,UK1
563,1,2,2.8985e-4,ASV_00595,UK2
563,1,3,4.46889e-4,ASV_00595,IT1
563,1,4,5.64444e-4,ASV_00595,IT2
564,1,3,1.06787e-4,ASV_00596,IT1
564,1,4,2.33316e-4,ASV_00596,IT2
565,1,2,1.83063e-4,ASV_00597,UK2
566,1,2,9.78131e-5,ASV_00600,UK2
566,1,6,2.32418e-4,ASV_00600,FI1
566,1,7,1.48066e-4,ASV_00600,SE1
567,1,6,3.16771e-4,ASV_00601,FI1
567,1,7,3.91252e-4,ASV_00601,SE1
568,1,2,1.24734e-4,ASV_00602,UK2
569,1,2,3.16771e-4,ASV_00603,UK2
569,1,6,7.8071e-5,ASV_00603,FI1
569,1,7,3.24847e-4,ASV_00603,SE1
570,1,1,3.26642e-4,ASV_00604,UK1
570,1,2,2.79979e-4,ASV_00604,UK2
571,1,1,3.3741e-4,ASV_00607,UK1
571,1,2,4.12789e-4,ASV_00607,UK2
571,1,6,1.58834e-4,ASV_00607,FI1
571,1,7,2.50366e-4,ASV_00607,SE1
572,1,6,2.93439e-4,ASV_00610,FI1
572,1,7,2.5216e-4,ASV_00610,SE1
573,1,1,4.41505e-4,ASV_00611,UK1
573,1,4,2.32418e-4,ASV_00611,IT2
574,1,1,4.37018e-4,ASV_00612,UK1
574,1,4,3.68818e-4,ASV_00612,IT2
575,1,3,1.85755e-4,ASV_00613,IT1
575,1,4,2.66518e-4,ASV_00613,IT2
576,1,7,4.57658e-5,ASV_00614,SE1
577,1,1,3.85868e-4,ASV_00615,UK1
577,1,4,3.35616e-4,ASV_00615,IT2
578,1,1,4.95347e-4,ASV_00618,UK1
578,1,2,1.98318e-4,ASV_00618,UK2
578,1,4,3.22155e-4,ASV_00618,IT2
579,1,3,7.26868e-5,ASV_00619,IT1
580,1,1,5.47394e-4,ASV_00620,UK1
580,1,2,5.49189e-4,ASV_00620,UK2
580,1,4,4.433e-4,ASV_00620,IT2
580,1,6,3.93047e-4,ASV_00620,FI1
581,1,6,1.38195e-4,ASV_00621,FI1
581,1,7,1.07684e-4,ASV_00621,SE1
582,1,1,7.32252e-4,ASV_00622,UK1
582,1,2,4.08302e-4,ASV_00622,UK2
582,1,3,4.80092e-4,ASV_00622,IT1
582,1,4,7.28663e-4,ASV_00622,IT2
583,1,2,1.82166e-4,ASV_00626,UK2
583,1,6,2.17163e-4,ASV_00626,FI1
584,1,1,4.86373e-4,ASV_00627,UK1
584,1,2,5.33037e-4,ASV_00627,UK2
584,1,6,3.91252e-4,ASV_00627,FI1
584,1,7,4.02918e-4,ASV_00627,SE1
585,1,1,7.34047e-4,ASV_00628,UK1
585,1,2,4.2625e-4,ASV_00628,UK2
585,1,4,6.86487e-4,ASV_00628,IT2
586,1,2,2.14471e-4,ASV_00629,UK2
587,1,2,2.01908e-4,ASV_00630,UK2
587,1,4,3.27539e-4,ASV_00630,IT2
587,1,6,3.16771e-4,ASV_00630,FI1
587,1,7,4.03816e-5,ASV_00630,SE1
588,1,7,8.79421e-5,ASV_00631,SE1
589,1,2,2.16266e-4,ASV_00633,UK2
589,1,4,2.74595e-4,ASV_00633,IT2
590,1,1,7.03537e-4,ASV_00635,UK1
590,1,2,3.53563e-4,ASV_00635,UK2
590,1,3,4.27147e-4,ASV_00635,IT1
590,1,4,5.33934e-4,ASV_00635,IT2
591,1,4,2.31521e-4,ASV_00636,IT2
591,1,5,6.37131e-5,ASV_00636,IT3
592,1,2,1.62424e-4,ASV_00637,UK2
593,1,2,1.14863e-4,ASV_00638,UK2
593,1,4,3.21258e-4,ASV_00638,IT2
593,1,6,3.55358e-4,ASV_00638,FI1
593,1,7,3.57152e-4,ASV_00638,SE1
594,1,2,1.86653e-4,ASV_00639,UK2
595,1,2,1.39092e-4,ASV_00640,UK2
595,1,6,2.13574e-4,ASV_00640,FI1
595,1,7,1.22939e-4,ASV_00640,SE1
596,1,1,6.87384e-4,ASV_00641,UK1
596,1,2,2.10881e-4,ASV_00641,UK2
596,1,4,3.48179e-4,ASV_00641,IT2
596,1,6,4.89066e-4,ASV_00641,FI1
596,1,7,4.75605e-4,ASV_00641,SE1
597,1,1,6.46105e-4,ASV_00643,UK1
597,1,2,1.76781e-4,ASV_00643,UK2
597,1,4,2.54853e-4,ASV_00643,IT2
597,1,6,4.63042e-4,ASV_00643,FI1
597,1,7,4.48684e-4,ASV_00643,SE1
598,1,6,2.61134e-4,ASV_00644,FI1
598,1,7,1.31913e-4,ASV_00644,SE1
599,1,2,4.15481e-4,ASV_00645,UK2
599,1,4,4.35223e-4,ASV_00645,IT2
599,1,6,2.13574e-4,ASV_00645,FI1
599,1,7,3.62537e-4,ASV_00645,SE1
600,1,2,8.70447e-5,ASV_00647,UK2
600,1,7,1.86653e-4,ASV_00647,SE1
601,1,6,2.10881e-4,ASV_00649,FI1
601,1,7,2.17163e-4,ASV_00649,SE1
602,1,1,6.58668e-4,ASV_00651,UK1
602,1,2,4.092e-4,ASV_00651,UK2
602,1,4,5.50087e-4,ASV_00651,IT2
602,1,6,3.46384e-4,ASV_00651,FI1
603,1,7,1.08582e-4,ASV_00652,SE1
604,1,2,1.68705e-4,ASV_00653,UK2
605,1,1,8.98265e-4,ASV_00654,UK1
605,1,2,4.25352e-4,ASV_00654,UK2
605,1,3,5.19576e-4,ASV_00654,IT1
605,1,4,7.00844e-4,ASV_00654,IT2
605,1,5,1.16658e-4,ASV_00654,IT3
605,1,7,6.14697e-4,ASV_00654,SE1
606,1,1,7.20587e-4,ASV_00656,UK1
606,1,2,3.5805e-4,ASV_00656,UK2
606,1,3,4.44197e-4,ASV_00656,IT1
606,1,4,6.51489e-4,ASV_00656,IT2
606,1,6,3.7151e-4,ASV_00656,FI1
606,1,7,2.10881e-4,ASV_00656,SE1
607,1,1,4.18173e-4,ASV_00657,UK1
607,1,2,2.20753e-4,ASV_00657,UK2
608,1,7,1.57937e-4,ASV_00659,SE1
609,1,2,1.96524e-4,ASV_00660,UK2
610,1,4,3.68818e-4,ASV_00662,IT2
610,1,6,1.97421e-4,ASV_00662,FI1
610,1,7,2.728e-4,ASV_00662,SE1
611,1,2,1.94729e-4,ASV_00663,UK2
612,1,2,1.40887e-4,ASV_00665,UK2
612,1,4,3.13181e-4,ASV_00665,IT2
613,1,4,3.41897e-4,ASV_00666,IT2
613,1,6,3.52666e-4,ASV_00666,FI1
613,1,7,3.47281e-4,ASV_00666,SE1
614,1,4,2.23445e-4,ASV_00668,IT2
615,1,2,1.26529e-4,ASV_00669,UK2
616,1,2,1.39989e-4,ASV_00670,UK2
617,1,1,5.0791e-4,ASV_00671,UK1
617,1,2,3.91252e-4,ASV_00671,UK2
617,1,3,3.64331e-4,ASV_00671,IT1
617,1,4,3.2036e-4,ASV_00671,IT2
617,1,7,2.82671e-4,ASV_00671,SE1
618,1,1,7.05331e-4,ASV_00673,UK1
618,1,2,4.61247e-4,ASV_00673,UK2
618,1,4,6.63155e-4,ASV_00673,IT2
619,1,3,5.29447e-5,ASV_00674,IT1
620,1,7,1.50758e-4,ASV_00675,SE1
621,1,2,1.98318e-4,ASV_00676,UK2
621,1,4,2.51263e-4,ASV_00676,IT2
622,1,1,3.0331e-4,ASV_00679,UK1
622,1,4,2.71005e-4,ASV_00679,IT2
623,1,2,3.44589e-4,ASV_00682,UK2
623,1,6,3.29334e-4,ASV_00682,FI1
624,1,6,1.39989e-4,ASV_00683,FI1
624,1,7,1.82166e-4,ASV_00683,SE1
625,1,7,2.17163e-4,ASV_00685,SE1
626,1,2,1.40887e-4,ASV_00686,UK2
626,1,4,2.59339e-4,ASV_00686,IT2
626,1,7,2.11779e-4,ASV_00686,SE1
627,1,4,1.78576e-4,ASV_00687,IT2
628,1,2,2.66518e-4,ASV_00688,UK2
628,1,7,2.54853e-4,ASV_00688,SE1
629,1,2,2.90747e-4,ASV_00689,UK2
629,1,6,3.11387e-4,ASV_00689,FI1
629,1,7,2.83568e-4,ASV_00689,SE1
630,1,1,2.08189e-4,ASV_00690,UK1
630,1,3,9.5121e-5,ASV_00690,IT1
631,1,2,2.87158e-4,ASV_00693,UK2
631,1,7,2.62031e-4,ASV_00693,SE1
632,1,2,1.65116e-4,ASV_00694,UK2
633,1,2,1.98318e-4,ASV_00695,UK2
634,1,1,3.50871e-4,ASV_00697,UK1
634,1,3,1.48963e-4,ASV_00697,IT1
634,1,4,2.60237e-4,ASV_00697,IT2
635,1,2,1.69603e-4,ASV_00699,UK2
636,1,1,3.29334e-4,ASV_00700,UK1
636,1,7,7.8071e-5,ASV_00700,SE1
637,1,1,1.1935e-4,ASV_00701,UK1
638,1,6,3.41e-5,ASV_00704,FI1
638,1,7,1.73192e-4,ASV_00704,SE1
639,1,2,1.83063e-4,ASV_00705,UK2
639,1,6,1.83063e-4,ASV_00705,FI1
640,1,1,3.48179e-4,ASV_00708,UK1
641,1,2,1.33708e-4,ASV_00709,UK2
641,1,4,3.67024e-4,ASV_00709,IT2
641,1,7,2.58442e-4,ASV_00709,SE1
642,1,7,7.8071e-5,ASV_00711,SE1
643,1,6,2.3511e-4,ASV_00712,FI1
643,1,7,1.59732e-4,ASV_00712,SE1
644,1,3,1.89345e-4,ASV_00714,IT1
644,1,4,1.16658e-4,ASV_00714,IT2
645,1,6,1.43579e-5,ASV_00715,FI1
646,1,4,1.94729e-4,ASV_00718,IT2
647,1,1,6.71231e-4,ASV_00721,UK1
647,1,2,3.91252e-4,ASV_00721,UK2
647,1,4,5.85084e-4,ASV_00721,IT2
647,1,7,2.03703e-4,ASV_00721,SE1
648,1,7,2.24342e-5,ASV_00722,SE1
649,1,2,9.42236e-5,ASV_00723,UK2
649,1,6,2.88953e-4,ASV_00723,FI1
649,1,7,3.12284e-4,ASV_00723,SE1
650,1,4,4.75605e-5,ASV_00724,IT2
651,1,2,3.55358e-4,ASV_00726,UK2
651,1,4,3.75997e-4,ASV_00726,IT2
651,1,7,3.89458e-4,ASV_00726,SE1
652,1,1,6.49694e-4,ASV_00727,UK1
652,1,2,6.03929e-4,ASV_00727,UK2
652,1,4,5.89571e-4,ASV_00727,IT2
652,1,6,3.73305e-4,ASV_00727,FI1
652,1,7,4.27147e-4,ASV_00727,SE1
653,1,2,1.89345e-4,ASV_00728,UK2
653,1,3,1.1935e-4,ASV_00728,IT1
653,1,4,2.32418e-4,ASV_00728,IT2
654,1,6,4.66631e-5,ASV_00729,FI1
655,1,2,8.25579e-5,ASV_00730,UK2
656,1,3,1.22042e-4,ASV_00732,IT1
656,1,4,1.48066e-4,ASV_00732,IT2
656,1,5,4.75605e-5,ASV_00732,IT3
657,1,1,3.85868e-4,ASV_00733,UK1
657,1,2,2.20753e-4,ASV_00733,UK2
658,1,4,2.5575e-4,ASV_00734,IT2
659,1,7,1.25632e-4,ASV_00735,SE1
660,1,1,3.99329e-4,ASV_00736,UK1
660,1,2,1.5345e-4,ASV_00736,UK2
660,1,7,2.49468e-4,ASV_00736,SE1
661,1,2,2.57545e-4,ASV_00737,UK2
661,1,7,2.60237e-4,ASV_00737,SE1
662,1,2,1.47168e-4,ASV_00742,UK2
663,1,2,2.98824e-4,ASV_00743,UK2
663,1,6,1.13966e-4,ASV_00743,FI1
663,1,7,3.10489e-4,ASV_00743,SE1
664,1,1,4.5676e-4,ASV_00744,UK1
664,1,2,2.54853e-4,ASV_00744,UK2
665,1,1,1.86653e-4,ASV_00745,UK1
666,1,6,3.06002e-4,ASV_00746,FI1
666,1,7,3.73305e-4,ASV_00746,SE1
667,1,2,2.39597e-4,ASV_00747,UK2
667,1,7,1.48066e-4,ASV_00747,SE1
668,1,1,3.10489e-4,ASV_00751,UK1
668,1,2,1.58834e-4,ASV_00751,UK2
668,1,7,1.67808e-4,ASV_00751,SE1
669,1,2,2.03703e-4,ASV_00752,UK2
670,1,6,2.0101e-4,ASV_00753,FI1
671,1,1,5.44702e-4,ASV_00755,UK1
671,1,2,3.60742e-4,ASV_00755,UK2
671,1,4,4.6035e-4,ASV_00755,IT2
672,1,2,2.30624e-4,ASV_00757,UK2
672,1,3,2.728e-4,ASV_00757,IT1
672,1,4,3.29334e-4,ASV_00757,IT2
673,1,1,5.78802e-4,ASV_00758,UK1
673,1,4,4.59452e-4,ASV_00758,IT2
673,1,6,3.68818e-4,ASV_00758,FI1
674,1,4,2.20753e-4,ASV_00760,IT2
675,1,2,2.48571e-4,ASV_00761,UK2
675,1,6,1.94729e-4,ASV_00761,FI1
676,1,2,1.96524e-4,ASV_00762,UK2
677,1,2,3.29334e-4,ASV_00763,UK2
677,1,6,3.05105e-4,ASV_00763,FI1
677,1,7,2.87158e-4,ASV_00763,SE1
678,1,6,1.39989e-4,ASV_00764,FI1
678,1,7,2.57545e-4,ASV_00764,SE1
679,1,1,5.68034e-4,ASV_00769,UK1
679,1,2,2.97029e-4,ASV_00769,UK2
679,1,4,5.13295e-4,ASV_00769,IT2
680,1,1,3.35616e-4,ASV_00770,UK1
680,1,2,9.96079e-5,ASV_00770,UK2
681,1,1,7.04434e-4,ASV_00772,UK1
681,1,2,2.64724e-4,ASV_00772,UK2
681,1,4,5.94058e-4,ASV_00772,IT2
681,1,6,4.68426e-4,ASV_00772,FI1
682,1,6,2.65621e-4,ASV_00774,FI1
682,1,7,2.3511e-4,ASV_00774,SE1
683,1,6,1.37297e-4,ASV_00775,FI1
683,1,7,2.32418e-4,ASV_00775,SE1
684,1,1,4.53171e-4,ASV_00778,UK1
684,1,4,3.57152e-4,ASV_00778,IT2
685,1,1,3.36513e-4,ASV_00779,UK1
686,1,2,1.77679e-4,ASV_00781,UK2
686,1,4,3.15874e-4,ASV_00781,IT2
687,1,4,6.99947e-5,ASV_00782,IT2
687,1,5,1.52553e-5,ASV_00782,IT3
688,1,6,2.387e-4,ASV_00786,FI1
688,1,7,1.51655e-4,ASV_00786,SE1
689,1,3,5.38421e-5,ASV_00787,IT1
690,1,7,1.96524e-4,ASV_00788,SE1
691,1,1,4.85476e-4,ASV_00789,UK1
691,1,4,3.59845e-4,ASV_00789,IT2
692,1,2,1.47168e-4,ASV_00790,UK2
693,1,7,1.64218e-4,ASV_00792,SE1
694,1,2,1.38195e-4,ASV_00793,UK2
694,1,4,3.25745e-4,ASV_00793,IT2
695,1,7,1.83063e-4,ASV_00794,SE1
696,1,2,9.15315e-5,ASV_00795,UK2
696,1,6,1.81268e-4,ASV_00795,FI1
696,1,7,2.02805e-4,ASV_00795,SE1
697,1,2,1.66013e-4,ASV_00797,UK2
698,1,4,1.78576e-4,ASV_00798,IT2
699,1,2,1.50758e-4,ASV_00799,UK2
700,1,2,2.83568e-4,ASV_00801,UK2
700,1,4,3.49076e-4,ASV_00801,IT2
700,1,7,2.00113e-4,ASV_00801,SE1
701,1,4,1.71397e-4,ASV_00802,IT2
702,1,7,6.19184e-5,ASV_00803,SE1
703,1,2,1.54347e-4,ASV_00804,UK2
703,1,7,4.66631e-5,ASV_00804,SE1
704,1,6,1.61526e-5,ASV_00805,FI1
705,1,1,4.95347e-4,ASV_00806,UK1
705,1,2,2.00113e-4,ASV_00806,UK2
705,1,4,4.06508e-4,ASV_00806,IT2
706,1,2,1.3281e-4,ASV_00807,UK2
706,1,4,1.96524e-4,ASV_00807,IT2
706,1,6,2.78184e-4,ASV_00807,FI1
706,1,7,2.11779e-4,ASV_00807,SE1
707,1,2,1.51655e-4,ASV_00808,UK2
707,1,4,3.02413e-4,ASV_00808,IT2
708,1,2,1.1576e-4,ASV_00809,UK2
708,1,4,1.75884e-4,ASV_00809,IT2
709,1,2,1.99216e-4,ASV_00810,UK2
709,1,7,9.24289e-5,ASV_00810,SE1
710,1,4,2.13574e-4,ASV_00811,IT2
711,1,1,2.33316e-4,ASV_00812,UK1
711,1,2,1.48066e-4,ASV_00812,UK2
712,1,1,2.99721e-4,ASV_00813,UK1
713,1,1,4.13687e-4,ASV_00814,UK1
713,1,2,2.57545e-4,ASV_00814,UK2
713,1,7,1.37297e-4,ASV_00814,SE1
714,1,1,4.31634e-4,ASV_00815,UK1
714,1,4,3.22155e-4,ASV_00815,IT2
715,1,1,4.76502e-4,ASV_00817,UK1
715,1,3,3.84971e-4,ASV_00817,IT1
715,1,4,5.33934e-4,ASV_00817,IT2
716,1,1,2.57545e-4,ASV_00819,UK1
717,1,1,6.06621e-4,ASV_00821,UK1
717,1,2,2.88055e-4,ASV_00821,UK2
717,1,4,4.83681e-4,ASV_00821,IT2
718,1,3,1.18453e-4,ASV_00822,IT1
718,1,4,2.27931e-4,ASV_00822,IT2
719,1,2,7.98658e-5,ASV_00825,UK2
719,1,7,6.55079e-5,ASV_00825,SE1
720,1,6,5.83289e-5,ASV_00827,FI1
721,1,1,2.93439e-4,ASV_00828,UK1
722,1,2,1.77679e-4,ASV_00829,UK2
722,1,4,3.04208e-4,ASV_00829,IT2
723,1,1,3.7151e-4,ASV_00832,UK1
723,1,2,2.42289e-4,ASV_00832,UK2
724,1,2,1.60629e-4,ASV_00833,UK2
724,1,7,9.42236e-5,ASV_00833,SE1
725,1,2,1.56142e-4,ASV_00834,UK2
725,1,7,3.32026e-5,ASV_00834,SE1
726,1,3,1.68705e-4,ASV_00835,IT1
727,1,2,2.32418e-4,ASV_00837,UK2
728,1,3,2.03703e-4,ASV_00842,IT1
728,1,4,2.83568e-4,ASV_00842,IT2
729,1,1,2.27931e-4,ASV_00843,UK1
729,1,4,2.32418e-4,ASV_00843,IT2
729,1,5,1.61526e-5,ASV_00843,IT3
729,1,7,2.45879e-4,ASV_00843,SE1
730,1,4,1.39092e-4,ASV_00845,IT2
731,1,2,1.47168e-4,ASV_00848,UK2
731,1,4,3.16771e-4,ASV_00848,IT2
732,1,3,1.60629e-4,ASV_00849,IT1
733,1,1,5.38421e-5,ASV_00851,UK1
734,1,1,4.0561e-4,ASV_00852,UK1
734,1,2,3.28437e-4,ASV_00852,UK2
735,1,2,1.22939e-4,ASV_00854,UK2
735,1,7,2.87158e-5,ASV_00854,SE1
736,1,2,2.15368e-4,ASV_00855,UK2
737,1,2,2.02805e-4,ASV_00856,UK2
738,1,7,1.8755e-4,ASV_00860,SE1
739,1,1,2.74595e-4,ASV_00864,UK1
740,1,2,1.75884e-4,ASV_00865,UK2
740,1,4,2.8985e-4,ASV_00865,IT2
740,1,6,2.23445e-4,ASV_00865,FI1
740,1,7,1.46271e-4,ASV_00865,SE1
741,1,6,2.36008e-4,ASV_00868,FI1
741,1,7,1.92934e-4,ASV_00868,SE1
742,1,4,1.91139e-4,ASV_00869,IT2
743,1,4,2.85363e-4,ASV_00873,IT2
744,1,2,2.14471e-4,ASV_00874,UK2
744,1,7,2.53058e-4,ASV_00874,SE1
745,1,4,2.75492e-4,ASV_00875,IT2
746,1,2,1.82166e-4,ASV_00879,UK2
747,1,1,7.93273e-4,ASV_00880,UK1
747,1,2,5.00731e-4,ASV_00880,UK2
747,1,3,4.88168e-4,ASV_00880,IT1
747,1,4,6.54181e-4,ASV_00880,IT2
748,1,1,3.90355e-4,ASV_00881,UK1
748,1,2,2.62031e-4,ASV_00881,UK2
749,1,6,3.58947e-6,ASV_00883,FI1
750,1,2,1.58834e-4,ASV_00885,UK2
751,1,2,1.68705e-4,ASV_00887,UK2
752,1,2,2.06395e-4,ASV_00888,UK2
752,1,6,1.99216e-4,ASV_00888,FI1
752,1,7,3.06002e-4,ASV_00888,SE1
753,1,1,7.19689e-4,ASV_00890,UK1
753,1,2,4.66631e-4,ASV_00890,UK2
753,1,4,5.77905e-4,ASV_00890,IT2
753,1,6,4.19071e-4,ASV_00890,FI1
754,1,2,2.56647e-4,ASV_00891,UK2
754,1,4,3.39205e-4,ASV_00891,IT2
754,1,7,1.92037e-4,ASV_00891,SE1
755,1,2,2.09984e-4,ASV_00897,UK2
755,1,7,1.95626e-4,ASV_00897,SE1
756,1,1,1.91139e-4,ASV_00902,UK1
757,1,2,1.57937e-4,ASV_00904,UK2
758,1,4,2.046e-4,ASV_00906,IT2
759,1,2,1.85755e-4,ASV_00907,UK2
760,1,4,2.19855e-4,ASV_00909,IT2
761,1,6,2.43187e-4,ASV_00910,FI1
761,1,7,2.1806e-4,ASV_00910,SE1
762,1,1,3.76895e-4,ASV_00912,UK1
762,1,2,2.08189e-4,ASV_00912,UK2
762,1,4,2.92542e-4,ASV_00912,IT2
762,1,7,2.36008e-4,ASV_00912,SE1
763,1,7,1.50758e-4,ASV_00913,SE1
764,1,7,1.46271e-4,ASV_00914,SE1
765,1,2,1.73192e-4,ASV_00920,UK2
765,1,7,1.90242e-4,ASV_00920,SE1
766,1,4,1.45374e-4,ASV_00924,IT2
767,1,2,1.29221e-4,ASV_00928,UK2
767,1,7,9.15315e-5,ASV_00928,SE1
768,1,1,4.55863e-4,ASV_00929,UK1
768,1,4,3.41e-4,ASV_00929,IT2
769,1,6,6.28158e-5,ASV_00930,FI1
769,1,7,1.8755e-4,ASV_00930,SE1
770,1,2,8.34552e-5,ASV_00931,UK2
770,1,3,3.14976e-4,ASV_00931,IT1
770,1,4,4.33429e-4,ASV_00931,IT2
771,1,4,1.81268e-4,ASV_00935,IT2
772,1,2,1.39092e-4,ASV_00936,UK2
773,1,7,9.42236e-5,ASV_00939,SE1
774,1,2,1.89345e-4,ASV_00949,UK2
775,1,2,2.59339e-4,ASV_00952,UK2
775,1,4,2.44084e-4,ASV_00952,IT2
776,1,2,1.8396e-4,ASV_00957,UK2
777,1,1,4.45095e-4,ASV_00958,UK1
777,1,4,3.66126e-4,ASV_00958,IT2
778,1,1,7.40329e-4,ASV_00959,UK1
778,1,2,4.33429e-4,ASV_00959,UK2
778,1,3,3.9215e-4,ASV_00959,IT1
778,1,4,5.53676e-4,ASV_00959,IT2
779,1,2,2.11779e-4,ASV_00960,UK2
780,1,6,1.22939e-4,ASV_00962,FI1
781,1,4,2.02805e-4,ASV_00966,IT2
781,1,5,5.56368e-5,ASV_00966,IT3
782,1,2,1.80371e-4,ASV_00968,UK2
783,1,6,1.023e-4,ASV_00973,FI1
783,1,7,1.08582e-4,ASV_00973,SE1
784,1,2,1.48066e-4,ASV_00976,UK2
784,1,7,5.47394e-5,ASV_00976,SE1
785,1,2,1.6691e-4,ASV_00978,UK2
785,1,7,7.17894e-5,ASV_00978,SE1
786,1,2,1.38195e-4,ASV_00979,UK2
787,1,2,1.03197e-4,ASV_00982,UK2
788,1,7,1.47168e-4,ASV_00983,SE1
789,1,4,1.59732e-4,ASV_00984,IT2
790,1,1,6.34439e-4,ASV_00987,UK1
790,1,2,3.45487e-4,ASV_00987,UK2
790,1,3,2.82671e-4,ASV_00987,IT1
790,1,4,4.30737e-4,ASV_00987,IT2
791,1,4,2.03703e-4,ASV_00989,IT2
792,1,1,2.56647e-4,ASV_00990,UK1
793,1,2,1.68705e-4,ASV_00996,UK2
793,1,7,1.023e-4,ASV_00996,SE1
794,1,3,5.29447e-5,ASV_01003,IT1
795,1,7,2.16266e-4,ASV_01004,SE1
796,1,2,1.13966e-4,ASV_01007,UK2
797,1,6,2.2165e-4,ASV_01009,FI1
797,1,7,1.31016e-4,ASV_01009,SE1
798,1,7,7.26868e-5,ASV_01016,SE1
799,1,4,1.59732e-4,ASV_01018,IT2
800,1,2,2.31521e-4,ASV_01022,UK2
800,1,7,2.02805e-4,ASV_01022,SE1
801,1,4,3.01516e-4,ASV_01023,IT2
802,1,2,2.33316e-4,ASV_01027,UK2
803,1,7,5.65342e-5,ASV_01029,SE1
804,1,1,2.99721e-4,ASV_01031,UK1
804,1,7,6.28158e-5,ASV_01031,SE1
805,1,6,1.58834e-4,ASV_01032,FI1
806,1,7,1.50758e-4,ASV_01037,SE1
807,1,2,7.89684e-5,ASV_01040,UK2
807,1,7,2.01908e-4,ASV_01040,SE1
808,1,2,1.90242e-4,ASV_01044,UK2
809,1,7,1.28324e-4,ASV_01046,SE1
810,1,3,9.78131e-5,ASV_01048,IT1
810,1,4,5.38421e-5,ASV_01048,IT2
810,1,7,8.88394e-5,ASV_01048,SE1
811,1,6,2.18958e-4,ASV_01049,FI1
812,1,7,1.44476e-4,ASV_01053,SE1
813,1,7,1.3281e-4,ASV_01054,SE1
814,1,2,1.97421e-4,ASV_01057,UK2
815,1,2,1.97421e-5,ASV_01060,UK2
816,1,1,3.11387e-4,ASV_01062,UK1
816,1,2,1.74089e-4,ASV_01062,UK2
817,1,1,6.64052e-4,ASV_01065,UK1
817,1,2,3.74202e-4,ASV_01065,UK2
817,1,3,4.44197e-4,ASV_01065,IT1
817,1,4,4.65734e-4,ASV_01065,IT2
818,1,1,3.34718e-4,ASV_01066,UK1
819,1,1,3.51768e-4,ASV_01071,UK1
819,1,4,3.44589e-4,ASV_01071,IT2
820,1,6,1.41784e-4,ASV_01074,FI1
820,1,7,1.58834e-4,ASV_01074,SE1
821,1,7,6.90973e-5,ASV_01077,SE1
822,1,2,9.78131e-5,ASV_01078,UK2
823,1,2,1.10376e-4,ASV_01085,UK2
824,1,1,3.53563e-4,ASV_01087,UK1
824,1,3,9.87105e-5,ASV_01087,IT1
824,1,4,3.69716e-4,ASV_01087,IT2
825,1,1,2.99721e-4,ASV_01089,UK1
826,1,1,4.19968e-4,ASV_01090,UK1
826,1,2,1.48066e-4,ASV_01090,UK2
826,1,4,1.90242e-4,ASV_01090,IT2
826,1,7,2.40495e-4,ASV_01090,SE1
827,1,4,1.69603e-4,ASV_01092,IT2
828,1,2,2.27034e-4,ASV_01094,UK2
828,1,7,1.76781e-4,ASV_01094,SE1
829,1,6,1.63321e-4,ASV_01099,FI1
830,1,1,5.35729e-4,ASV_01101,UK1
830,1,2,2.36905e-4,ASV_01101,UK2
830,1,4,3.00618e-4,ASV_01101,IT2
831,1,7,1.48963e-4,ASV_01105,SE1
832,1,7,1.86653e-4,ASV_01107,SE1
833,1,6,1.94729e-4,ASV_01111,FI1
833,1,7,2.31521e-4,ASV_01111,SE1
834,1,4,2.12676e-4,ASV_01119,IT2
835,1,7,1.16658e-4,ASV_01123,SE1
836,1,4,1.34605e-4,ASV_01124,IT2
837,1,7,1.22939e-4,ASV_01128,SE1
838,1,7,1.57039e-4,ASV_01131,SE1
839,1,7,2.24342e-4,ASV_01140,SE1
840,1,7,1.43579e-4,ASV_01141,SE1
841,1,1,3.40102e-4,ASV_01150,UK1
842,1,4,1.95626e-4,ASV_01152,IT2
842,1,5,1.61526e-5,ASV_01152,IT3
843,1,4,1.90242e-4,ASV_01153,IT2
844,1,2,1.364e-4,ASV_01159,UK2
844,1,7,1.39092e-4,ASV_01159,SE1
845,1,3,1.48963e-4,ASV_01164,IT1
846,1,2,9.5121e-5,ASV_01169,UK2
846,1,7,2.49468e-4,ASV_01169,SE1
847,1,7,1.01403e-4,ASV_01176,SE1
848,1,2,2.5575e-4,ASV_01178,UK2
848,1,6,3.46384e-4,ASV_01178,FI1
848,1,7,2.99721e-4,ASV_01178,SE1
849,1,4,1.68705e-4,ASV_01179,IT2
850,1,2,1.75884e-4,ASV_01181,UK2
851,1,7,1.55245e-4,ASV_01182,SE1
852,1,2,2.91645e-4,ASV_01188,UK2
852,1,6,2.62031e-4,ASV_01188,FI1
853,1,2,3.67921e-5,ASV_01195,UK2
854,1,7,9.15315e-5,ASV_01196,SE1
855,1,1,6.41618e-4,ASV_01204,UK1
855,1,2,3.84074e-4,ASV_01204,UK2
855,1,3,4.41505e-4,ASV_01204,IT1
855,1,4,4.41505e-4,ASV_01204,IT2
856,1,7,5.83289e-5,ASV_01205,SE1
857,1,7,1.42682e-4,ASV_01207,SE1
858,1,2,2.40495e-4,ASV_01208,UK2
858,1,7,2.15368e-4,ASV_01208,SE1
859,1,7,2.5216e-4,ASV_01220,SE1
860,1,4,2.29726e-4,ASV_01223,IT2
861,1,7,9.87105e-5,ASV_01230,SE1
862,1,2,1.26529e-4,ASV_01236,UK2
863,1,6,1.38195e-4,ASV_01245,FI1
864,1,7,1.58834e-4,ASV_01246,SE1
865,1,6,1.73192e-4,ASV_01247,FI1
866,1,4,2.82671e-4,ASV_01249,IT2
866,1,6,1.38195e-4,ASV_01249,FI1
867,1,1,4.30737e-4,ASV_01250,UK1
867,1,4,3.69716e-4,ASV_01250,IT2
868,1,4,1.75884e-4,ASV_01253,IT2
869,1,6,2.13574e-4,ASV_01257,FI1
870,1,4,2.10881e-4,ASV_01267,IT2
871,1,2,4.12789e-5,ASV_01268,UK2
872,1,4,8.25579e-5,ASV_01276,IT2
873,1,1,4.02918e-4,ASV_01288,UK1
873,1,2,1.4986e-4,ASV_01288,UK2
873,1,4,1.30118e-4,ASV_01288,IT2
874,1,7,1.22939e-4,ASV_01289,SE1
875,1,7,9.60184e-5,ASV_01294,SE1
876,1,7,1.4986e-4,ASV_01312,SE1
877,1,1,5.6265e-4,ASV_01328,UK1
877,1,2,2.64724e-4,ASV_01328,UK2
877,1,4,4.092e-4,ASV_01328,IT2
878,1,4,1.12171e-4,ASV_01342,IT2
879,1,4,1.57039e-4,ASV_01349,IT2
880,1,2,1.74089e-4,ASV_01353,UK2
881,1,7,8.25579e-5,ASV_01363,SE1
882,1,1,3.3741e-4,ASV_01368,UK1
882,1,4,2.54853e-4,ASV_01368,IT2
883,1,7,1.29221e-4,ASV_01375,SE1
884,1,7,7.35842e-5,ASV_01378,SE1
885,1,4,2.65621e-4,ASV_01385,IT2
886,1,7,1.13966e-4,ASV_01396,SE1
887,1,7,6.73026e-5,ASV_01408,SE1
888,1,7,1.40887e-4,ASV_01416,SE1
889,1,3,1.54347e-4,ASV_01417,IT1
889,1,4,2.29726e-4,ASV_01417,IT2
890,1,7,9.15315e-5,ASV_01421,SE1
891,1,4,2.20753e-4,ASV_01426,IT2
892,1,6,1.90242e-4,ASV_01439,FI1
893,1,2,2.14471e-4,ASV_01446,UK2
894,1,2,1.50758e-4,ASV_01458,UK2
894,1,4,1.1576e-4,ASV_01458,IT2
895,1,4,2.09087e-4,ASV_01459,IT2
896,1,7,7.35842e-5,ASV_01482,SE1
897,1,6,3.08695e-4,ASV_01483,FI1
897,1,7,2.56647e-4,ASV_01483,SE1
898,1,4,2.96131e-4,ASV_01491,IT2
899,1,7,1.77679e-4,ASV_01495,SE1
900,1,2,2.11779e-4,ASV_01496,UK2
901,1,2,2.08189e-4,ASV_01503,UK2
901,1,4,3.33821e-4,ASV_01503,IT2
901,1,6,3.21258e-4,ASV_01503,FI1
902,1,4,1.37297e-4,ASV_01508,IT2
903,1,4,2.65621e-4,ASV_01512,IT2
904,1,7,1.23837e-4,ASV_01514,SE1
905,1,3,1.61526e-4,ASV_01522,IT1
906,1,1,2.12676e-4,ASV_01533,UK1
907,1,4,2.29726e-4,ASV_01541,IT2
908,1,1,2.75492e-4,ASV_01542,UK1
909,1,7,1.59732e-4,ASV_01549,SE1
910,1,2,1.21145e-4,ASV_01556,UK2
910,1,7,4.03816e-5,ASV_01556,SE1
911,1,6,1.63321e-4,ASV_01558,FI1
911,1,7,1.56142e-4,ASV_01558,SE1
912,1,2,1.54347e-4,ASV_01559,UK2
913,1,2,6.01237e-5,ASV_01571,UK2
914,1,4,2.27034e-4,ASV_01578,IT2
915,1,6,1.00505e-4,ASV_01579,FI1
916,1,7,9.87105e-5,ASV_01581,SE1
917,1,2,1.12171e-4,ASV_01594,UK2
918,1,6,1.1935e-4,ASV_01603,FI1
919,1,2,1.92037e-4,ASV_01611,UK2
920,1,2,9.33263e-5,ASV_01621,UK2
921,1,7,1.78576e-4,ASV_01635,SE1
922,1,7,6.19184e-5,ASV_01684,SE1
923,1,7,1.27426e-4,ASV_01692,SE1
924,1,7,4.12789e-5,ASV_01706,SE1
925,1,7,8.25579e-5,ASV_01780,SE1
926,1,2,9.78131e-5,ASV_01799,UK2
927,1,4,1.60629e-4,ASV_01840,IT2
928,1,7,1.8396e-4,ASV_01861,SE1
929,1,2,2.08189e-4,ASV_01881,UK2
930,1,4,1.47168e-4,ASV_01941,IT2
931,1,2,1.48963e-4,ASV_01952,UK2
932,1,7,1.74089e-4,ASV_01956,SE1
933,1,7,1.66013e-4,ASV_01986,SE1
934,1,4,1.89345e-4,ASV_02020,IT2
935,1,7,2.78184e-5,ASV_02027,SE1
936,1,7,1.6691e-4,ASV_02038,SE1
937,1,2,7.44815e-5,ASV_02040,UK2
938,1,6,1.60629e-4,ASV_02092,FI1
939,1,7,1.37297e-4,ASV_02120,SE1
940,1,4,2.02805e-4,ASV_02149,IT2
941,1,7,2.1806e-4,ASV_02163,SE1
942,1,2,6.01237e-5,ASV_02182,UK2
943,1,7,1.29221e-4,ASV_02272,SE1
944,1,4,1.12171e-4,ASV_02332,IT2
945,1,7,8.79421e-5,ASV_02358,SE1
946,1,7,1.55245e-4,ASV_02424,SE1
