from,PF_U,PF_U_sd,num_layers,UniFrac_type
ASV_00001,0.2116826346110905,0.13013713772656596,5,d_UW
ASV_00002,0.4569143113150318,0.12545562237344654,6,d_UW
ASV_00005,0.4185193403881071,0.1847548258221507,5,d_UW
ASV_00007,0.17592901913312997,0.10127891518693068,4,d_UW
ASV_00008,0.16801653012192053,0.19029685445335834,5,d_UW
ASV_00009,0.16708030907910376,0.13270340153350868,7,d_UW
ASV_00010,0.3453498006319826,0.167683900965191,5,d_UW
ASV_00011,0.24406958213684815,0.23081472626371793,6,d_UW
ASV_00012,0.3592888051331081,0.12007196291850689,6,d_UW
ASV_00013,0.30636923389420045,0.0982001731182046,7,d_UW
ASV_00014,0.4568975057031437,0.14618332035966233,4,d_UW
ASV_00015,0.5039138646106429,0.1282787619670254,5,d_UW
ASV_00016,0.4496406229955291,0.13786325898189794,7,d_UW
ASV_00017,0.5065509376859241,0.11838170718058864,5,d_UW
ASV_00018,0.32105076158257584,0.23406939265796256,6,d_UW
ASV_00019,0.3436965001461265,0.10204017725838486,6,d_UW
ASV_00020,0.2539370294055192,0.2077295776323502,4,d_UW
ASV_00021,0.368548442476596,0.26578008755213234,6,d_UW
ASV_00022,0.1568345426618366,0.12739324822501882,3,d_UW
ASV_00023,0.3922579367580449,0.10793831055141354,4,d_UW
ASV_00024,0.41039325980136976,0.0948708418034222,7,d_UW
ASV_00025,0.5140981139603791,0.12940049869763073,5,d_UW
ASV_00026,0.4934860688901157,0.08578968139397243,5,d_UW
ASV_00027,0.17163586431735378,NA,2,d_UW
ASV_00028,0.28218253921835634,0.13840592907960386,4,d_UW
ASV_00029,0.21625371388383863,0.17820229671582904,5,d_UW
ASV_00030,0.3549943905200714,0.19758673777594607,6,d_UW
ASV_00031,0.32199254201862204,0.11334709221215261,7,d_UW
ASV_00032,0.3541427324717693,0.2176709569884488,6,d_UW
ASV_00033,0.3141542644713591,0.12530100052683604,6,d_UW
ASV_00034,0.3263787113672185,0.14517448360735985,6,d_UW
ASV_00035,0.23347044843581277,0.13933174028118564,7,d_UW
ASV_00036,0.5274519562998193,0.08705470167658658,6,d_UW
ASV_00037,0.45615987669183244,0.09913059637039169,6,d_UW
ASV_00038,0.5288942942717095,0.09275365770327619,5,d_UW
ASV_00039,0.41532312066575827,0.09334421950462464,7,d_UW
ASV_00040,0.17685312048615287,0.17451500301787976,7,d_UW
ASV_00041,0.3727166792532246,0.10546331384522846,7,d_UW
ASV_00042,0.25332388544331774,0.12311842937117626,7,d_UW
ASV_00043,0.5174940803920205,0.13663291855055296,5,d_UW
ASV_00044,0.297688336913592,0.14228790452926288,7,d_UW
ASV_00045,0.40139665416285797,0.1995632960878893,7,d_UW
ASV_00046,0.299021258563548,0.1042509494488425,4,d_UW
ASV_00047,0.5365809083140409,0.09055733744501387,5,d_UW
ASV_00048,0.38600975972880025,0.25293885860749943,7,d_UW
ASV_00049,0.33170998265254215,0.14298188119393815,7,d_UW
ASV_00050,0.35503140196633265,0.19172783624975012,7,d_UW
ASV_00051,0.32474983100836385,0.18118149985225995,7,d_UW
ASV_00052,0.3460220036034375,0.23558144140449683,7,d_UW
ASV_00053,0.4766872711042066,0.15643541277626113,6,d_UW
ASV_00054,0.34534731669110363,0.16358015334341286,7,d_UW
ASV_00055,0.40025169943923966,0.14196768532319679,7,d_UW
ASV_00056,0.49395272134499535,0.14602977344925278,6,d_UW
ASV_00057,0.3232424430740076,0.22031437697602732,7,d_UW
ASV_00058,0.40104765564726563,0.14482681970817618,7,d_UW
ASV_00059,0.3832884734144162,0.224599441908323,7,d_UW
ASV_00060,0.4279619884067981,0.17884611578766968,7,d_UW
ASV_00061,0.45025148424506156,0.13016937190602004,7,d_UW
ASV_00062,0.39816708870336504,0.10475156613860688,6,d_UW
ASV_00063,0.4204896445061561,0.18430650151117328,7,d_UW
ASV_00064,0.34903047597928827,0.18467082395017295,7,d_UW
ASV_00065,0.4915373661004573,0.0867456440570447,4,d_UW
ASV_00066,0.4935957107356058,0.12886029785015365,6,d_UW
ASV_00067,0.2560166517120086,0.19798062063203672,4,d_UW
ASV_00068,0.4145604638300068,0.10002068524725642,6,d_UW
ASV_00069,0.4671092863030405,0.08767515578386421,7,d_UW
ASV_00070,0.45947305867206045,0.13277887308358735,7,d_UW
ASV_00071,0.49786800843204315,0.08691020197075336,7,d_UW
ASV_00072,0.4785068870820163,0.0946505827762975,5,d_UW
ASV_00073,0.5248877998851771,0.12121734482245028,5,d_UW
ASV_00074,0.33765071031248417,0.12919723805424546,7,d_UW
ASV_00075,0.5267883091708996,0.10715476784981087,5,d_UW
ASV_00076,0.5182031395404022,0.08852811564331382,7,d_UW
ASV_00077,0.5216324990170332,0.08874905783472034,5,d_UW
ASV_00078,0.3719499203059441,0.15901298564565716,6,d_UW
ASV_00079,0.5117138597113875,0.124429574917405,5,d_UW
ASV_00080,0.45768910936977525,0.12007718143043829,7,d_UW
ASV_00081,0.449460308666937,0.10586351014098627,7,d_UW
ASV_00082,0.4088150528496308,0.03843040224535981,5,d_UW
ASV_00083,0.47071952504565717,0.09880468164079002,7,d_UW
ASV_00084,0.34645055109007095,0.2017826682180539,7,d_UW
ASV_00085,0.5185662341124524,0.09737988355838896,7,d_UW
ASV_00086,0.4190888759772379,0.10708266866903056,7,d_UW
ASV_00087,0.32904799487886116,0.20939914860757602,7,d_UW
ASV_00088,0.4286651396436292,0.15874802270945915,7,d_UW
ASV_00089,0.40195064111071144,0.17399202954433265,7,d_UW
ASV_00090,0.43545802424368985,0.13886044955874036,7,d_UW
ASV_00091,0.47308850226136556,0.14789496829710677,5,d_UW
ASV_00092,0.4667019293688325,0.1260860030879942,7,d_UW
ASV_00093,0.42207373284135496,0.10844109281611099,7,d_UW
ASV_00094,0.326121298238888,0.23118793577238755,7,d_UW
ASV_00095,0.21054776885516613,0.2243923999060289,4,d_UW
ASV_00096,0.36592214303503967,0.1350532991341213,7,d_UW
ASV_00097,0.3840454579956649,0.13195381916810495,7,d_UW
ASV_00098,0.5232099136437058,0.11201241059524872,5,d_UW
ASV_00099,0.4394013349804782,0.12235394004364283,7,d_UW
ASV_00100,0.435120061714932,0.0849798125991758,7,d_UW
ASV_00101,0.3549469420929008,0.1566220266071572,7,d_UW
ASV_00102,0.4801644039454983,0.18239309330164294,5,d_UW
ASV_00103,0.4867281862169097,0.1234433481896904,5,d_UW
ASV_00104,0.4135871963445211,0.17402062353962686,7,d_UW
ASV_00105,0.35270631757644877,0.16495889643662182,7,d_UW
ASV_00106,0.37052364662260606,0.18712065802118186,7,d_UW
ASV_00107,0.36994981452763664,0.15580566324925788,7,d_UW
ASV_00108,0.5495886854532737,0.1571409932091725,4,d_UW
ASV_00109,0.4646205772879116,0.13105138900936303,7,d_UW
ASV_00110,0.3902955225983704,0.17779064502614428,7,d_UW
ASV_00111,0.5014816607457664,0.12943013474605916,5,d_UW
ASV_00112,0.38846064814343206,0.11476968937879842,7,d_UW
ASV_00113,0.4120340598994444,0.19658859464423953,7,d_UW
ASV_00114,0.5250962720948164,0.07142503153983501,4,d_UW
ASV_00115,0.4648479255797312,0.09160261309128961,6,d_UW
ASV_00116,0.5233341826521893,0.0951105949845328,7,d_UW
ASV_00117,0.4831092664217621,0.08331624439262683,6,d_UW
ASV_00118,0.4152724721776758,0.1377763757953966,7,d_UW
ASV_00119,0.4087260693667758,0.1035309791149622,7,d_UW
ASV_00120,0.49051466744547223,0.06454083678474296,6,d_UW
ASV_00121,0.4358194374581821,0.04979983536888767,5,d_UW
ASV_00122,0.5466171614798798,0.07333782090094344,4,d_UW
ASV_00123,0.49825825531952606,0.07624922746758031,7,d_UW
ASV_00125,0.3499228075521442,0.13433621585350175,7,d_UW
ASV_00126,0.4023783605808384,0.1518761980994825,6,d_UW
ASV_00127,0.4948897197736908,0.13968977359044324,5,d_UW
ASV_00128,0.4068420782352965,0.14414130640640851,7,d_UW
ASV_00129,0.47527626281341717,0.15492562364126536,5,d_UW
ASV_00130,0.3755925209736368,0.13566381652636972,7,d_UW
ASV_00131,0.4286151136580364,0.08236613157938726,7,d_UW
ASV_00132,0.4097291650634133,0.1525963764729896,4,d_UW
ASV_00133,0.4145301482876209,0.11558379299513079,7,d_UW
ASV_00134,0.4142747344193517,0.12570452663161774,5,d_UW
ASV_00135,0.5203536460982594,0.10277100306554862,7,d_UW
ASV_00136,0.47895558853390574,0.10552974359751875,7,d_UW
ASV_00137,0.47692449965596195,0.15664635727948034,5,d_UW
ASV_00138,0.4266795190924393,0.20821746902057126,7,d_UW
ASV_00139,0.3629446290346613,0.11752412289640238,7,d_UW
ASV_00140,0.42667550037290947,0.13271653013410023,7,d_UW
ASV_00141,0.42531820112860974,0.16689745692618985,7,d_UW
ASV_00142,0.2931509278240334,0.15675330389022485,7,d_UW
ASV_00143,0.4504143919346132,0.09658987070785212,5,d_UW
ASV_00144,0.3143427216979967,0.16203407019507515,7,d_UW
ASV_00145,0.50665570876278,0.17089408575666498,5,d_UW
ASV_00146,0.46738949979005995,0.08139441161821263,7,d_UW
ASV_00147,0.4424536311120728,0.10824397258782747,5,d_UW
ASV_00148,0.3397105414253486,0.15650172507405763,7,d_UW
ASV_00149,0.4754081056949936,0.11399882570600776,4,d_UW
ASV_00150,0.43091847935548633,0.06542835175802411,6,d_UW
ASV_00151,0.5009669234895857,0.10705271532937014,7,d_UW
ASV_00152,0.43434210778117166,0.13534838699454704,7,d_UW
ASV_00153,0.5291263931736565,0.08157840447789784,5,d_UW
ASV_00154,0.49362303277421227,0.137637100565469,5,d_UW
ASV_00155,0.366311542959343,0.15149870367154938,7,d_UW
ASV_00156,0.40638848177608733,0.1090485786635762,7,d_UW
ASV_00157,0.43646792516385,0.11475723697484302,7,d_UW
ASV_00158,0.3524734235934558,0.13640182167244624,7,d_UW
ASV_00159,0.44392246832763904,0.09703393195940217,7,d_UW
ASV_00160,0.4020082937695302,0.1784030823130845,7,d_UW
ASV_00161,0.49477555187015376,0.07904491308276808,6,d_UW
ASV_00162,0.4370682232701234,0.1838623558400596,6,d_UW
ASV_00163,0.394011060261621,0.16618634422359357,7,d_UW
ASV_00164,0.5513785753836745,0.07278867524354649,6,d_UW
ASV_00165,0.4088179758234093,0.13130221079830098,7,d_UW
ASV_00166,0.4084163257803317,0.15771308334303005,7,d_UW
ASV_00167,0.5859242055853651,0.023529790590820002,5,d_UW
ASV_00168,0.30425821725693714,0.09777465637072068,7,d_UW
ASV_00169,0.43295128491814217,0.14512149266281707,5,d_UW
ASV_00170,0.4556661598791162,0.11502730840524858,7,d_UW
ASV_00171,0.46364998211708874,0.12360035894243793,7,d_UW
ASV_00172,0.43533287196598447,0.16835665342114528,7,d_UW
ASV_00173,0.36037660640634417,0.205430736468296,6,d_UW
ASV_00174,0.4574026039991066,0.07883191485858689,5,d_UW
ASV_00175,0.1701413789823203,NA,2,d_UW
ASV_00176,0.4612765466668477,0.15468960750829738,5,d_UW
ASV_00177,0.38843094166382963,0.15561097723589218,7,d_UW
ASV_00178,0.5366653555397998,0.10476304014333931,4,d_UW
ASV_00179,0.40503843576619514,0.1485484506107905,7,d_UW
ASV_00180,0.410098353432641,0.2636972605167346,6,d_UW
ASV_00181,0.48845808876590124,0.10977832344176108,7,d_UW
ASV_00182,0.43352215240197434,0.14465405871238946,7,d_UW
ASV_00183,0.4239518769495464,0.14811072479110673,5,d_UW
ASV_00184,0.41492410094359355,0.15793554278405922,6,d_UW
ASV_00185,0.48065216703075075,0.09323614018443527,7,d_UW
ASV_00186,0.3975477937648254,0.1477312806241526,7,d_UW
ASV_00187,0.3909359902917715,0.19791319933084148,7,d_UW
ASV_00188,0.4090646188263758,0.14039517013854444,7,d_UW
ASV_00189,0.34138335992392144,0.2647727277796044,5,d_UW
ASV_00190,0.4669971665220336,0.09685671342554411,6,d_UW
ASV_00191,0.2842475487386009,0.08823785464335365,7,d_UW
ASV_00192,0.48221064909944644,0.08656100311329529,3,d_UW
ASV_00193,0.4589485997777176,0.10999428680510107,6,d_UW
ASV_00194,0.5188626037619755,0.037824878352561174,3,d_UW
ASV_00195,0.5053162587135066,0.10386438030161528,4,d_UW
ASV_00196,0.4126200769968751,0.13882237819925905,7,d_UW
ASV_00197,0.40550988339770355,0.16480244021887003,7,d_UW
ASV_00198,0.47111042934035485,0.10630575168609349,7,d_UW
ASV_00199,0.6200165060003062,0.04042355519540514,4,d_UW
ASV_00200,0.4478897798508902,0.12099912115658269,7,d_UW
ASV_00201,0.5420466200295126,0.06406378277658359,6,d_UW
ASV_00202,0.2559539006243198,0.15134655657832136,6,d_UW
ASV_00203,0.4237398931375007,0.15044705658372443,6,d_UW
ASV_00204,0.5483786786790108,0.04207114629556862,4,d_UW
ASV_00205,0.37709004144127956,0.2009995570750497,7,d_UW
ASV_00206,0.47831143055703573,0.08581457889560855,6,d_UW
ASV_00207,0.2370029953408347,0.16384544355755506,4,d_UW
ASV_00208,0.4786398350212797,0.1356943238676139,4,d_UW
ASV_00209,0.2972021362271656,0.2444730244309783,4,d_UW
ASV_00210,0.4406938075476824,0.08239496059100063,7,d_UW
ASV_00211,0.5172863448828007,0.06279624107715442,7,d_UW
ASV_00212,0.47205931357070174,0.09189408207374591,5,d_UW
ASV_00213,0.5028840434707921,0.133075200912559,4,d_UW
ASV_00214,0.4554669494848316,0.15825739891863386,5,d_UW
ASV_00215,0.4401224346178878,0.0827496144924993,6,d_UW
ASV_00216,0.5214260162011113,0.13892363372071773,5,d_UW
ASV_00217,0.4370671800019794,0.05417749060187063,5,d_UW
ASV_00218,0.495720462952444,0.18371348641989407,7,d_UW
ASV_00219,0.5332841309339791,0.10326550758591586,6,d_UW
ASV_00220,0.5279507920913653,0.08316317207925823,5,d_UW
ASV_00221,0.43374262876740144,0.1732378532639608,6,d_UW
ASV_00222,0.5290020607009994,0.0779232987267379,4,d_UW
ASV_00223,0.3513103856981662,0.11825488927242027,7,d_UW
ASV_00224,0.3484575246029319,0.15476523260558853,6,d_UW
ASV_00225,0.4222066358223887,0.15219241661398009,5,d_UW
ASV_00226,0.5002278226546906,0.10430375218350088,7,d_UW
ASV_00227,0.4091064525676855,0.22374951352633995,5,d_UW
ASV_00228,0.5300827675139765,0.14013517099953132,4,d_UW
ASV_00229,0.34762424182993745,0.12138559684299943,7,d_UW
ASV_00230,0.48027005952814583,0.1438547980855035,5,d_UW
ASV_00231,0.5407502076079284,0.06856438595503159,6,d_UW
ASV_00232,0.45093170751607814,0.1378118641034591,7,d_UW
ASV_00233,0.43066993093396877,0.09697110144040143,7,d_UW
ASV_00235,0.42209581706286337,0.12232726309298794,6,d_UW
ASV_00236,0.5038248771877063,0.06325009243658938,5,d_UW
ASV_00237,0.3113490013536566,0.04777559362965354,5,d_UW
ASV_00238,0.4788457048593562,0.21691940732229564,5,d_UW
ASV_00239,0.47451606580421657,0.05847384814901916,5,d_UW
ASV_00240,0.5926492838256967,0.04806697655418743,6,d_UW
ASV_00241,0.477070807922084,0.10010092039509645,7,d_UW
ASV_00242,0.45173365162701484,0.19604306400481572,7,d_UW
ASV_00243,0.3937687370117038,0.11509901095500336,7,d_UW
ASV_00244,0.49044186611577956,0.1417245807357663,5,d_UW
ASV_00245,0.46255997261213266,0.09199100137754426,5,d_UW
ASV_00246,0.46934497637558426,0.1074466579561336,3,d_UW
ASV_00247,0.4001523384434933,0.10671051618614229,6,d_UW
ASV_00248,0.488462094748923,0.06500639094583723,5,d_UW
ASV_00249,0.3655650999347507,0.17608153873249183,7,d_UW
ASV_00250,0.4238924740992035,0.14968845846864212,7,d_UW
ASV_00251,0.546097751095703,0.04341531117709336,6,d_UW
ASV_00252,0.4578071701004435,0.11173327830072577,7,d_UW
ASV_00253,0.48316782483286813,0.09813140163996074,5,d_UW
ASV_00254,0.397094393136585,0.14394835097825126,7,d_UW
ASV_00255,0.5203974753634724,0.07310196294052503,5,d_UW
ASV_00256,0.42436288324179794,0.04662237600233532,4,d_UW
ASV_00257,0.4929789820849002,0.10974811211938858,6,d_UW
ASV_00258,0.4117837249887547,0.14882261518268156,6,d_UW
ASV_00259,0.3843188274173265,0.11597003642881262,7,d_UW
ASV_00260,0.5294780055724209,0.07003435094460828,5,d_UW
ASV_00261,0.49035459946284565,0.054878219914877915,6,d_UW
ASV_00262,0.5412022595282723,0.07822617724064455,7,d_UW
ASV_00263,0.38279814740669393,0.09073574636280732,7,d_UW
ASV_00264,0.3885174794220725,0.12991031112450305,7,d_UW
ASV_00265,0.3914983723598695,0.07699388133450731,6,d_UW
ASV_00266,0.49118928909855797,0.1276010514406508,5,d_UW
ASV_00267,0.4572660782729856,0.09449514072103198,7,d_UW
ASV_00268,0.3943257550712904,0.05198079376040857,4,d_UW
ASV_00269,0.4355674939135914,0.14545909546113764,7,d_UW
ASV_00270,0.4956080113203556,0.10210337876512003,7,d_UW
ASV_00271,0.3647396301145639,0.2520444418360459,4,d_UW
ASV_00272,0.6088956208074723,0.02741884696376947,4,d_UW
ASV_00273,0.48036447871104715,0.1439886520473762,5,d_UW
ASV_00274,0.4614880936784763,0.1710143968377526,7,d_UW
ASV_00275,0.4357657378279235,0.16366000669508649,7,d_UW
ASV_00276,0.4071728611172494,0.1820502710466561,7,d_UW
ASV_00277,0.4552951147604465,0.13608166459226198,6,d_UW
ASV_00278,0.4260379428024891,0.19342775811106638,5,d_UW
ASV_00279,0.500229355516441,0.14555605896420293,5,d_UW
ASV_00280,0.38193952500070893,0.06750497010862788,7,d_UW
ASV_00281,0.5568308293427305,0.05576115149256179,5,d_UW
ASV_00282,0.5065923930556445,0.08679205941864725,4,d_UW
ASV_00283,0.4558389099914787,0.10328959308440654,6,d_UW
ASV_00284,0.33560591964793873,0.22231925300048633,6,d_UW
ASV_00285,0.3635744011421622,0.25661922613955007,5,d_UW
ASV_00286,0.450996187470181,0.1962927946499868,5,d_UW
ASV_00287,0.4451725919625167,0.20433454877998272,5,d_UW
ASV_00288,0.3987306801531795,0.14414456084766736,7,d_UW
ASV_00289,0.528964484510847,0.06244312855150481,5,d_UW
ASV_00290,0.48462147515189014,0.1084289346652874,7,d_UW
ASV_00291,0.34973943891686265,0.1312706988068281,4,d_UW
ASV_00292,0.46619268322948104,0.17483440359506902,6,d_UW
ASV_00293,0.49283638957500475,0.06556700042505527,6,d_UW
ASV_00294,0.3664253546901254,0.11960025725148965,6,d_UW
ASV_00295,0.44751827377933706,0.13389170967553438,5,d_UW
ASV_00296,0.4207274304562576,0.15674538112996209,7,d_UW
ASV_00297,0.4734521282281827,0.08038056469378022,7,d_UW
ASV_00298,0.4568890208911288,0.08568405863119466,6,d_UW
ASV_00299,0.41237677911382387,0.15973835114649854,7,d_UW
ASV_00300,0.48996209496688947,0.09154356355151555,6,d_UW
ASV_00301,0.4268460524201487,0.11984081371322204,4,d_UW
ASV_00302,0.5057862785259079,0.06617587764883938,4,d_UW
ASV_00303,0.41821881054417787,0.1086258423159784,7,d_UW
ASV_00304,0.35895525039340126,0.18983939852291648,6,d_UW
ASV_00305,0.48855436682782005,0.09009626519011589,6,d_UW
ASV_00306,0.4735669393570783,0.04358444090619184,4,d_UW
ASV_00307,0.5126987302299796,0.07587993652402829,5,d_UW
ASV_00308,0.47907589144138296,0.11385254346018327,5,d_UW
ASV_00309,0.4668784283857732,0.16726719445974014,7,d_UW
ASV_00310,0.37724120332687294,0.14043997965005642,5,d_UW
ASV_00311,0.43357199613112096,0.1604077454097772,7,d_UW
ASV_00312,0.4004255296309176,0.13724459494658403,7,d_UW
ASV_00313,0.42117835554286065,0.09015925276819936,7,d_UW
ASV_00314,0.4485088150981281,0.0902728020207295,6,d_UW
ASV_00315,0.3723928500177497,0.1878530800583521,7,d_UW
ASV_00316,0.42648513349422934,0.04194793846288649,6,d_UW
ASV_00317,0.46121419029635935,0.11575037362978163,4,d_UW
ASV_00318,0.4093138004088228,0.12556406002388537,7,d_UW
ASV_00319,0.4695122927392973,0.07649416107471871,5,d_UW
ASV_00320,0.38443938171620473,0.17448707093984445,6,d_UW
ASV_00321,0.44736458392538014,0.13504984430302663,6,d_UW
ASV_00322,0.23477113999010202,0.07201542152718285,3,d_UW
ASV_00323,0.4192715534418664,0.15626763582427197,7,d_UW
ASV_00324,0.45413909996504287,0.10301466932412523,7,d_UW
ASV_00325,0.36991779930404023,0.11822153969998772,6,d_UW
ASV_00326,0.5181389870940789,0.11825113969280039,5,d_UW
ASV_00327,0.4181596877009365,0.10500767036009946,5,d_UW
ASV_00328,0.4459484222981749,0.13714267563173568,6,d_UW
ASV_00329,0.5656079695485771,0.028696331046156005,4,d_UW
ASV_00330,0.509179426254042,0.11951780107048368,5,d_UW
ASV_00331,0.48299439577874403,0.08311741027504099,7,d_UW
ASV_00332,0.514983877984108,0.04448253004366749,5,d_UW
ASV_00333,0.39304560234297603,0.17667469613779976,7,d_UW
ASV_00334,0.43586298891426334,0.22744909910387895,7,d_UW
ASV_00335,0.5155684212150152,0.08506604920669317,7,d_UW
ASV_00336,0.41699785690568647,0.18095974682115762,5,d_UW
ASV_00337,0.3919509840593002,0.2264927134978769,5,d_UW
ASV_00338,0.49758984677227913,0.10753975768014623,5,d_UW
ASV_00339,0.4273005398217882,0.0738231258644283,6,d_UW
ASV_00340,0.39672359522827905,0.11987762663592638,6,d_UW
ASV_00341,0.4412445164248362,0.1265925773788284,6,d_UW
ASV_00342,0.4336057559435714,0.16682828430537341,7,d_UW
ASV_00343,0.46468431242432284,0.10984637457934866,4,d_UW
ASV_00345,0.3912575317744579,0.193005299452708,5,d_UW
ASV_00346,0.4803860804735458,0.08045623366863106,5,d_UW
ASV_00347,0.3961210995167739,0.10640494490445737,5,d_UW
ASV_00348,0.5292016622694542,0.023097072795743533,4,d_UW
ASV_00349,0.5589553308865921,0.026486939217143814,5,d_UW
ASV_00350,0.5512473595997169,0.05681019926141003,6,d_UW
ASV_00351,0.5985739712086435,0.03812370631313384,6,d_UW
ASV_00352,0.42222443709309654,0.08788946122992189,5,d_UW
ASV_00353,0.5106811901675694,NA,2,d_UW
ASV_00354,0.4317097525576179,0.17776483986502203,5,d_UW
ASV_00355,0.4583993186874694,0.19021585341873654,5,d_UW
ASV_00356,0.5092541342619771,0.10519754910351814,7,d_UW
ASV_00357,0.49903404553492514,0.019060485646268856,3,d_UW
ASV_00358,0.5394815672256823,0.07769715869255182,4,d_UW
ASV_00359,0.39699365502886297,0.07194729644780931,6,d_UW
ASV_00360,0.4635660143954835,0.10241243350695643,6,d_UW
ASV_00361,0.45693126706442233,0.14259593710586793,7,d_UW
ASV_00363,0.5418660805504115,0.04291940865705674,4,d_UW
ASV_00364,0.5718230086767229,0.02380660927064562,4,d_UW
ASV_00365,0.389944116689239,0.15299962115838936,7,d_UW
ASV_00366,0.3604193859460856,0.16418546893466232,5,d_UW
ASV_00367,0.4153565043889569,0.10779550077795684,7,d_UW
ASV_00368,0.5632645885012704,0.04164116816929541,4,d_UW
ASV_00369,0.5429137644621533,0.06458324730977504,5,d_UW
ASV_00370,0.4908255671094024,0.06089742334071644,5,d_UW
ASV_00371,0.4198812101002165,0.1650404077297749,7,d_UW
ASV_00372,0.4705147203200303,0.09161124313833743,7,d_UW
ASV_00373,0.3823815417443609,0.23337905166947231,7,d_UW
ASV_00374,0.4499718230996662,0.03925753332189456,5,d_UW
ASV_00375,0.5144382057265959,NA,2,d_UW
ASV_00376,0.5307444697645918,0.09898435982691582,7,d_UW
ASV_00377,0.3831690931618019,0.1786988482195989,7,d_UW
ASV_00378,0.41904042463132307,0.1238635704066128,7,d_UW
ASV_00379,0.419015027653191,0.20712937224380698,6,d_UW
ASV_00380,0.4639857646815817,0.09630433006643768,6,d_UW
ASV_00381,0.4502782140724799,0.12410949288547932,5,d_UW
ASV_00382,0.4652073301647691,0.12623349821857377,7,d_UW
ASV_00383,0.5490751414006112,0.03076007400273973,3,d_UW
ASV_00384,0.3656338402163575,0.14684933290905564,7,d_UW
ASV_00385,0.4148459848859941,0.15612814465212368,7,d_UW
ASV_00386,0.3846585603673134,0.08643247069125941,6,d_UW
ASV_00387,0.5110765490037381,0.14624033266712386,7,d_UW
ASV_00388,0.4655174637897964,0.10141567644747634,4,d_UW
ASV_00389,0.43479023014668905,0.11884264593854471,5,d_UW
ASV_00390,0.47969016685192156,0.19497602258414265,5,d_UW
ASV_00391,0.47990290869732144,0.1063807356927482,5,d_UW
ASV_00392,0.541845932535499,0.08507737646381873,6,d_UW
ASV_00393,0.40201145513152914,0.23885692923946125,5,d_UW
ASV_00394,0.5662366794911957,0.06793092640500722,4,d_UW
ASV_00395,0.5018292576423908,0.10446647657751311,7,d_UW
ASV_00396,0.5467075277830247,0.062401414239836916,4,d_UW
ASV_00397,0.3472963784250447,0.1320250343629624,7,d_UW
ASV_00398,0.43355197647240595,0.12457326149041173,5,d_UW
ASV_00399,0.399718756895999,0.17608561112000282,5,d_UW
ASV_00400,0.37956991573349064,0.09821189348169973,7,d_UW
ASV_00402,0.3362911412448095,0.13729147573840197,6,d_UW
ASV_00403,0.29464020241834965,0.27898124712280953,4,d_UW
ASV_00404,0.42707173478819704,0.1192249431491859,7,d_UW
ASV_00406,0.4179758822876094,0.0743084138193978,6,d_UW
ASV_00407,0.5124238319758807,0.048601184540181155,6,d_UW
ASV_00409,0.5704715193437995,0.04121518431475494,4,d_UW
ASV_00410,0.40685603439088225,0.15541324232449874,6,d_UW
ASV_00411,0.5046744825946468,0.15023079049044819,5,d_UW
ASV_00412,0.3521544410599815,0.22611893052620624,4,d_UW
ASV_00413,0.5452699693252432,0.06452075922767336,6,d_UW
ASV_00415,0.5649551214798101,0.04651507621668458,6,d_UW
ASV_00416,0.44672863816235575,0.03047349291836902,5,d_UW
ASV_00417,0.5079795661759934,0.06144186072749749,5,d_UW
ASV_00418,0.47102433564482393,0.08572579882637658,6,d_UW
ASV_00419,0.4486009538636282,0.0405453169726128,4,d_UW
ASV_00420,0.33552299552841525,0.15648904366938274,5,d_UW
ASV_00421,0.4126463555916149,0.1142797217772344,7,d_UW
ASV_00422,0.538364704372603,0.085133560619160345,4,d_UW
ASV_00423,0.35985232190116256,0.1346942055882015,6,d_UW
ASV_00424,0.5037127305145361,0.04043758980746809,6,d_UW
ASV_00425,0.36468568349615593,0.1455189208968518,6,d_UW
ASV_00426,0.48410647054399236,0.10344207894111185,7,d_UW
ASV_00427,0.500066372071066,0.03687703882187233,3,d_UW
ASV_00428,0.43222001535722276,0.07363825942377529,6,d_UW
ASV_00429,0.4307278462881059,0.2043007786634617,5,d_UW
ASV_00430,0.443031412395289,0.05317855398078169,5,d_UW
ASV_00431,0.5353691486560347,0.03340561744900836,4,d_UW
ASV_00432,0.38046236407643064,NA,2,d_UW
ASV_00434,0.6010227572174227,0.025704955000896753,3,d_UW
ASV_00435,0.44263591619628107,0.1193188712864361,5,d_UW
ASV_00436,0.33980081130121753,0.1596426860149996,5,d_UW
ASV_00437,0.4330231227691652,0.24664533341701284,5,d_UW
ASV_00438,0.4864857273207255,0.07572254805262711,6,d_UW
ASV_00439,0.29385475114925985,0.20321057207937002,7,d_UW
ASV_00440,0.514101116959352,0.07250353106591022,5,d_UW
ASV_00441,0.4330632214427713,0.14176457301790657,7,d_UW
ASV_00442,0.421808803037939,0.12169140758406254,7,d_UW
ASV_00443,0.39922676008805824,0.17766882037724233,5,d_UW
ASV_00444,0.5836212069890503,0.0413534101177992,6,d_UW
ASV_00445,0.6160673856912382,0.08904434743220746,4,d_UW
ASV_00446,0.3869756169322691,0.19990783871537873,6,d_UW
ASV_00447,0.4040974028138853,0.14354371796959106,7,d_UW
ASV_00448,0.6027224880836225,NA,2,d_UW
ASV_00449,0.3952831354512425,0.05960913565091493,6,d_UW
ASV_00450,0.5923227893983344,0.0371723153627692,3,d_UW
ASV_00451,0.4782356528637727,0.06852316980687083,5,d_UW
ASV_00452,0.4408747633779079,0.09916646702212058,7,d_UW
ASV_00453,0.467237275116944,0.08810127254735027,4,d_UW
ASV_00454,0.4326789176396011,0.09383790494755581,6,d_UW
ASV_00455,0.421672560243181,0.21053265597330553,5,d_UW
ASV_00456,0.5047491879325987,0.035397703862520204,5,d_UW
ASV_00457,0.5730392299748335,NA,2,d_UW
ASV_00458,0.45150183032592095,0.1877115014064916,5,d_UW
ASV_00459,0.48560633058692604,0.108048591325265,5,d_UW
ASV_00460,0.442997996803258,0.15304115167552068,5,d_UW
ASV_00461,0.4341629175122125,0.08485401063222801,6,d_UW
ASV_00462,0.4673228694042414,0.03284042137962575,4,d_UW
ASV_00463,0.42862296157961954,0.1013313529735321,6,d_UW
ASV_00464,0.45838639073262466,0.12695249003469208,7,d_UW
ASV_00465,0.541311291058705,0.06282963740794628,3,d_UW
ASV_00466,0.45401009515917823,0.1244600397647414,3,d_UW
ASV_00467,0.47238806620799934,0.10633528145401534,5,d_UW
ASV_00468,0.41518438080336506,0.08553012949876738,5,d_UW
ASV_00469,0.43288903529154643,0.10266866039573289,4,d_UW
ASV_00470,0.4645377531274152,0.06841782599760711,4,d_UW
ASV_00471,0.4227076584313859,0.1468230141790204,7,d_UW
ASV_00472,0.40123774827931835,0.040293039444903526,5,d_UW
ASV_00473,0.3604146810332902,0.16622235039946354,4,d_UW
ASV_00474,0.42195362133388004,0.14005741729370388,7,d_UW
ASV_00475,0.33914037327327606,0.13992937859341084,7,d_UW
ASV_00476,0.3531543892626281,0.20859548427268965,4,d_UW
ASV_00477,0.37745233304382975,0.11662606756677774,5,d_UW
ASV_00478,0.5131886270694401,0.012611892586972363,3,d_UW
ASV_00479,0.49079053363156755,0.07937520449045489,5,d_UW
ASV_00480,0.35383485156443106,0.1852775483855034,5,d_UW
ASV_00481,0.5180239113783477,0.04261288072030869,4,d_UW
ASV_00482,0.46785461116929583,0.1432751190791068,5,d_UW
ASV_00483,0.46172341933209826,0.10550071441016516,7,d_UW
ASV_00484,0.5767142064270823,0.03421460165662675,5,d_UW
ASV_00485,0.4968128033762047,0.12015254449623175,4,d_UW
ASV_00486,0.5336142167440037,0.08773065645246524,6,d_UW
ASV_00487,0.5438497496723675,0.03247546730437077,5,d_UW
ASV_00488,0.46244388261630287,0.168283259615306,5,d_UW
ASV_00489,0.27820995585137076,NA,2,d_UW
ASV_00490,0.46475714579210425,0.11635901389363633,7,d_UW
ASV_00491,0.44336928077826254,0.019292903828040844,4,d_UW
ASV_00492,0.3799082345960296,0.17406802891575301,7,d_UW
ASV_00493,0.3784758117862065,0.15026876261994992,7,d_UW
ASV_00494,0.4500930225569414,0.12960918851823267,7,d_UW
ASV_00495,0.5510257968412373,0.07600882563377344,6,d_UW
ASV_00496,0.5615159812097862,0.05256763954716506,4,d_UW
ASV_00497,0.528985034875945,0.05133375129078619,5,d_UW
ASV_00498,0.27312578224753714,0.1583222124076122,5,d_UW
ASV_00499,0.483446602708002,0.07189947858279926,5,d_UW
ASV_00501,0.4836353556449494,0.16789731697365573,5,d_UW
ASV_00502,0.4079595844920778,0.09134909959768918,6,d_UW
ASV_00503,0.5058440131864459,0.04172515757013634,3,d_UW
ASV_00504,0.44695811434285193,0.12545788981025682,7,d_UW
ASV_00505,0.46882965590632786,0.0727733383923175,4,d_UW
ASV_00506,0.47208146787262184,0.11945907753867414,5,d_UW
ASV_00507,0.561788865338736,0.07466876815717827,4,d_UW
ASV_00508,0.35036099755080685,0.113578039063662,7,d_UW
ASV_00509,0.466126813274668,0.054578866025803516,5,d_UW
ASV_00510,0.48848162080505264,0.0769942386431158,5,d_UW
ASV_00511,0.4843886514990712,0.06440658803472454,6,d_UW
ASV_00512,0.37923560033219106,0.16491750787577855,6,d_UW
ASV_00513,0.3393745025524578,0.10889558740118173,7,d_UW
ASV_00514,0.23962618928900348,0.07372586036076864,3,d_UW
ASV_00515,0.48209880023140894,0.043825100356412926,5,d_UW
ASV_00516,0.40826202492649555,0.14181335992378719,6,d_UW
ASV_00517,0.4253164408387,0.12166545533243177,7,d_UW
ASV_00519,0.4447113171383147,0.05822011476723646,4,d_UW
ASV_00520,0.4089329358358722,0.08467787654093424,6,d_UW
ASV_00521,0.452778233714331,0.10485701017775648,5,d_UW
ASV_00522,0.36410736457581194,0.1321694635074342,7,d_UW
ASV_00523,0.4851978276830696,0.05981518925150098,4,d_UW
ASV_00524,0.4175078125449956,0.1352865158282116,7,d_UW
ASV_00525,0.5489459965484997,NA,2,d_UW
ASV_00526,0.45553287321922864,NA,2,d_UW
ASV_00527,0.39973698513077227,0.08522228992262754,5,d_UW
ASV_00528,0.4122056906490388,0.14387434592087542,5,d_UW
ASV_00529,0.4411152381140053,0.19022827668515924,5,d_UW
ASV_00530,0.30437322708585224,0.15859059920565202,6,d_UW
ASV_00531,0.47083395752065427,0.010116501672176316,3,d_UW
ASV_00532,0.44394667628730566,NA,2,d_UW
ASV_00533,0.6158315076372949,NA,2,d_UW
ASV_00534,0.3720987180340375,0.23556506333617008,7,d_UW
ASV_00535,0.447915763731938,0.16084867584811385,7,d_UW
ASV_00536,0.36917178303282816,0.08664658835904811,6,d_UW
ASV_00537,0.4699755063950315,0.15522499581864632,5,d_UW
ASV_00538,0.419889293811579,0.04810058528668957,5,d_UW
ASV_00539,0.48829551586948383,0.05360356711952512,5,d_UW
ASV_00540,0.38144673853592403,0.046494059175838945,3,d_UW
ASV_00541,0.5350699454365202,0.08782614494176133,6,d_UW
ASV_00542,0.46948520820313455,0.20917611572045666,5,d_UW
ASV_00543,0.40318859625497927,0.12200789167756931,7,d_UW
ASV_00544,0.37105820654160926,0.2714436130629684,5,d_UW
ASV_00545,0.5759706094986616,0.05099997255737103,5,d_UW
ASV_00546,0.3998422856038797,0.13216465648059642,6,d_UW
ASV_00548,0.4169216057704611,0.1070826419007653,7,d_UW
ASV_00549,0.4443047231398358,0.01821104427847306,4,d_UW
ASV_00550,0.47298557595071444,0.12123157102524353,5,d_UW
ASV_00551,0.5231169584175974,0.05692854390707418,4,d_UW
ASV_00552,0.4034991258763069,0.12361322342161427,6,d_UW
ASV_00554,0.5637167550126833,0.05503770136989014,6,d_UW
ASV_00555,0.4561307169376857,0.11982013581876057,6,d_UW
ASV_00556,0.4677294666963262,0.17442769778933565,5,d_UW
ASV_00557,0.5271745901774432,0.04766659913769718,5,d_UW
ASV_00558,0.5783841945276885,4.29820945129138e-4,3,d_UW
ASV_00559,0.40217657386924666,0.20208123469782607,7,d_UW
ASV_00560,0.32899885219411396,NA,2,d_UW
ASV_00561,0.48619954259273157,NA,2,d_UW
ASV_00562,0.5464812071671048,NA,2,d_UW
ASV_00563,0.46157877000665026,0.10415020414942588,6,d_UW
ASV_00564,0.43430425630122704,0.22178303557427903,5,d_UW
ASV_00565,0.49720162949184,0.06508405967624273,5,d_UW
ASV_00566,0.37876691600720924,0.15712686127626427,6,d_UW
ASV_00567,0.5254496557054069,0.08188138539049342,3,d_UW
ASV_00568,0.4666715709983861,0.12990432015409817,5,d_UW
ASV_00569,0.42329221018930907,0.18787489394911977,5,d_UW
ASV_00570,0.370547553474902,0.14371692360508403,7,d_UW
ASV_00571,0.5342288174583543,0.11127564588147128,4,d_UW
ASV_00572,0.4835896629700067,0.08063786703347925,7,d_UW
ASV_00573,0.4380407858387504,0.06498016647051917,6,d_UW
ASV_00574,0.4261423285720516,0.10690145402246633,7,d_UW
ASV_00575,0.5320557428679236,0.05294449735487425,5,d_UW
ASV_00576,0.4534336132565142,0.13923241499295586,5,d_UW
ASV_00577,0.39091072623907197,0.16775772778808762,6,d_UW
ASV_00578,0.4955253094520755,0.06438852614707166,3,d_UW
ASV_00579,0.4154232316184292,0.04388088996715636,3,d_UW
ASV_00580,0.47640358963006013,0.07580859681067213,3,d_UW
ASV_00581,0.45565072164860587,0.17046171065836788,5,d_UW
ASV_00582,0.47543894768185213,0.0916305344635947,4,d_UW
ASV_00583,0.4790542296381044,0.033112052625524906,5,d_UW
ASV_00584,0.582279895957284,0.028736939182476873,3,d_UW
ASV_00585,0.4431231120223297,0.0965900021498102,5,d_UW
ASV_00586,0.5113365252966098,0.08079264512628312,3,d_UW
ASV_00587,0.46369259891294456,0.17768598353011802,7,d_UW
ASV_00588,0.43182163411637,0.03621305178275811,3,d_UW
ASV_00589,0.4818551518167795,NA,2,d_UW
ASV_00590,0.45091505656245645,0.04836503234129091,3,d_UW
ASV_00591,0.4808688248671922,0.0598594060950027,3,d_UW
ASV_00592,0.40824156463560923,0.16051549671880064,4,d_UW
ASV_00593,0.4753207233799627,0.07453826476427253,6,d_UW
ASV_00594,0.35929437159227195,0.041787098341478764,3,d_UW
ASV_00595,0.42097690035851154,0.14000354937028064,6,d_UW
ASV_00596,0.4377659048548792,NA,2,d_UW
ASV_00597,0.4598601506197636,0.08467771880629825,4,d_UW
ASV_00598,0.31466878608451687,0.062057318762491945,4,d_UW
ASV_00600,0.4164802193859395,0.04793781974258742,5,d_UW
ASV_00601,0.5552814483225386,0.051143467566813115,5,d_UW
ASV_00602,0.428092399206341,0.027871307632017946,4,d_UW
ASV_00603,0.4799301221870096,0.08387999587072763,5,d_UW
ASV_00604,0.5642154989262667,0.08782791863866544,4,d_UW
ASV_00605,0.49724079774856933,0.037937251329736695,3,d_UW
ASV_00607,0.5330630743255766,0.07220113604460587,6,d_UW
ASV_00608,0.3466779445996364,0.1619774035544391,4,d_UW
ASV_00610,0.4798635716946993,0.10359373456635053,6,d_UW
ASV_00611,0.4219447300507262,0.09045622914062415,6,d_UW
ASV_00612,0.4257218477243264,0.16640450532162882,5,d_UW
ASV_00613,0.5770763528867366,0.008722463337507593,3,d_UW
ASV_00614,0.44362585071992,0.010587456606357981,3,d_UW
ASV_00615,0.35872839284690716,0.25107929623577796,5,d_UW
ASV_00618,0.39454756183204487,0.08565305592137126,6,d_UW
ASV_00619,0.4936843998667686,0.12056353676318698,5,d_UW
ASV_00620,0.40831727459931244,0.17962940837281693,6,d_UW
ASV_00621,0.3492450100342126,0.06938080151489245,4,d_UW
ASV_00622,0.49451317907248027,0.14774511574840088,5,d_UW
ASV_00623,0.46433414071839163,0.1068183153877319,7,d_UW
ASV_00624,0.36254171230599186,0.12833226665635433,4,d_UW
ASV_00625,0.37084589425248726,0.050350813960410724,3,d_UW
ASV_00626,0.42087221212256987,0.07135489479069845,5,d_UW
ASV_00627,0.486938899835462,0.11615707272513434,6,d_UW
ASV_00628,0.618464226540942,0.0528414156695557,4,d_UW
ASV_00629,0.4408752302472725,0.16127013137717394,3,d_UW
ASV_00630,0.4111168237933841,0.09536471553550957,5,d_UW
ASV_00631,0.41525352627386236,0.07663845336055373,4,d_UW
ASV_00633,0.531637726234772,0.040987016569969593,5,d_UW
ASV_00634,0.4510168938562893,0.09695829230832008,6,d_UW
ASV_00635,0.5559398926676435,0.05429286183776987,4,d_UW
ASV_00636,0.3687004897394841,0.06974062572601229,3,d_UW
ASV_00638,0.4552508702430811,0.0800238946050778,5,d_UW
ASV_00639,0.39837895147211644,0.12981013636038646,3,d_UW
ASV_00640,0.45625778155628405,0.03496129910906896,5,d_UW
ASV_00641,0.505393788888941,0.0712741248779249,6,d_UW
ASV_00643,0.40319856717931113,0.15811251515460567,7,d_UW
ASV_00644,0.4949292808726059,0.07024915700016653,5,d_UW
ASV_00645,0.4265067356657991,0.1682850669169374,6,d_UW
ASV_00646,0.47608592660202587,0.060049029989630125,3,d_UW
ASV_00647,0.41015889396191596,0.023588101080762855,3,d_UW
ASV_00648,0.4120526413425736,0.10321193843483314,4,d_UW
ASV_00649,0.5155477689619525,0.052151834963660444,6,d_UW
ASV_00651,0.3953660730608415,0.1928450270113359,6,d_UW
ASV_00652,0.4268033572133626,0.0678861312171957,6,d_UW
ASV_00653,0.4610877759206502,0.0879184057307728,6,d_UW
ASV_00654,0.48349892412682394,0.13937453600616345,7,d_UW
ASV_00656,0.49173391697473134,0.06685217133349905,6,d_UW
ASV_00657,0.4295342144160107,0.07040415727877959,7,d_UW
ASV_00658,0.3818365656560372,0.03165841073682134,4,d_UW
ASV_00659,0.4614036910317256,0.04732458131971778,6,d_UW
ASV_00660,0.5565352350210404,0.05153416329688798,3,d_UW
ASV_00661,0.440424842401983,0.05392115962410938,5,d_UW
ASV_00662,0.5121697306219251,0.06768946246469194,5,d_UW
ASV_00663,0.45617661851153013,0.06595134049935364,3,d_UW
ASV_00664,0.4854173974118099,0.07117361758659184,5,d_UW
ASV_00665,0.4396450005558893,0.10917332583573053,4,d_UW
ASV_00666,0.5205893722988422,0.08799833414475094,6,d_UW
ASV_00667,0.3236473071367799,0.09128838815122331,5,d_UW
ASV_00668,0.3591743878554794,0.11499586558675887,7,d_UW
ASV_00670,0.413390610073774,0.10489375368228833,5,d_UW
ASV_00671,0.4376113455968762,0.13998752093329972,7,d_UW
ASV_00673,0.6045194761948866,0.05604891594693585,4,d_UW
ASV_00674,0.478845986216182,NA,2,d_UW
ASV_00675,0.4332801393429768,0.11539345924753498,6,d_UW
ASV_00676,0.47164688372147623,0.09498654292890313,6,d_UW
ASV_00677,0.3969555594413341,0.1947294658416318,3,d_UW
ASV_00679,0.3754468268843556,0.12564399865835504,7,d_UW
ASV_00681,0.4774372122449769,NA,2,d_UW
ASV_00682,0.545908771818944,0.056928591944656,6,d_UW
ASV_00683,0.4932099453462261,0.02857120670470655,4,d_UW
ASV_00685,0.5183284913462718,0.022929810182723324,3,d_UW
ASV_00686,0.4878808676486094,0.09446634619137048,6,d_UW
ASV_00687,0.32323416102539715,0.19704113541725524,4,d_UW
ASV_00688,0.5274980206258885,0.04690589047071344,5,d_UW
ASV_00689,0.5050861363597547,0.020741141959859426,3,d_UW
ASV_00690,0.48618242780449394,0.02992127832115296,3,d_UW
ASV_00691,0.4620190839959958,NA,2,d_UW
ASV_00693,0.5592622586394911,0.05287952515454312,4,d_UW
ASV_00694,0.5466124900262521,NA,2,d_UW
ASV_00695,0.503991697073005,0.07351377227038298,5,d_UW
ASV_00696,0.36220061185957253,NA,2,d_UW
ASV_00697,0.3657127036587282,0.19979278200984094,5,d_UW
ASV_00698,0.49242311699297325,0.08001433292225943,4,d_UW
ASV_00699,0.4719340643726515,0.052185450137120934,5,d_UW
ASV_00700,0.484359020471793,0.10191289242428118,6,d_UW
ASV_00701,0.4370453767086351,0.0797191455055339,3,d_UW
ASV_00702,0.3829566285003735,0.03657457118702736,4,d_UW
ASV_00704,0.43194212960105904,0.10498281295623911,3,d_UW
ASV_00705,0.46146178866269494,0.04080564597956528,4,d_UW
ASV_00706,0.5021511919625676,NA,2,d_UW
ASV_00707,0.4537433650838014,NA,2,d_UW
ASV_00708,0.40398572929167376,0.21500478680316062,5,d_UW
ASV_00709,0.3891307895312881,0.1687388596800357,7,d_UW
ASV_00710,0.3681440897312521,NA,2,d_UW
ASV_00711,0.5023044830664862,0.01758180274852327,3,d_UW
ASV_00712,0.4595290443510742,0.012612345075567594,3,d_UW
ASV_00713,0.4356431060564362,0.05137720247221333,5,d_UW
ASV_00714,0.3724213349430968,0.06494352610748846,7,d_UW
ASV_00715,0.3968676078470367,0.09458416171071989,5,d_UW
ASV_00716,0.3418546735783916,NA,2,d_UW
ASV_00717,0.5868694391989316,NA,2,d_UW
ASV_00718,0.4403681772132644,0.08520495746594131,5,d_UW
ASV_00719,0.416569919181525,0.0492744241295825,3,d_UW
ASV_00720,0.442631449443156,0.06574749834485932,3,d_UW
ASV_00721,0.42230942404864535,0.18031586615505288,7,d_UW
ASV_00722,0.35886404778061265,0.06738727478467067,4,d_UW
ASV_00723,0.5061690501455849,0.10101038812439576,6,d_UW
ASV_00724,0.29594728685795846,0.10026449082500172,6,d_UW
ASV_00725,0.33971286731345485,NA,2,d_UW
ASV_00726,0.5035187904585929,0.10009185876181065,6,d_UW
ASV_00727,0.4079538502063963,0.22092696460461225,7,d_UW
ASV_00728,0.4061792703208409,0.14421282863977458,5,d_UW
ASV_00729,0.3960075382530607,0.0412067681413424,3,d_UW
ASV_00730,0.4215253868211535,0.05227121265212841,4,d_UW
ASV_00731,0.42537149788241857,0.06552776740576575,4,d_UW
ASV_00732,0.3775125559200988,0.08197314416925777,3,d_UW
ASV_00733,0.5175097276051053,0.10550752725836152,4,d_UW
ASV_00734,0.37791009120836205,NA,2,d_UW
ASV_00735,0.4255531558074608,0.050758029476471594,4,d_UW
ASV_00736,0.4136163699891554,0.07838389805084159,5,d_UW
ASV_00737,0.4907356615636479,0.0825870165969076,4,d_UW
ASV_00739,0.3465590265497629,0.045725831863021066,3,d_UW
ASV_00740,0.465397425715642,0.08484574166062796,3,d_UW
ASV_00741,0.4805100076086565,0.037669039419798,5,d_UW
ASV_00742,0.5309605375168431,NA,2,d_UW
ASV_00743,0.4783911190732396,0.09933717083195084,4,d_UW
ASV_00744,0.5206165349180023,0.02147019528782417,3,d_UW
ASV_00745,0.4629427459275025,0.15548983622771348,5,d_UW
ASV_00746,0.520579966342883,0.04841908994909203,3,d_UW
ASV_00747,0.5133313930441499,NA,2,d_UW
ASV_00748,0.4643101711740013,0.040114899273254956,4,d_UW
ASV_00751,0.4461686704158673,0.05850732426212854,5,d_UW
ASV_00752,0.4999935843314054,0.04131472806062184,4,d_UW
ASV_00753,0.43651159162264797,0.0658558803412932,5,d_UW
ASV_00754,0.3386248318663624,0.13091138795591695,3,d_UW
ASV_00755,0.5269712105420299,0.05236784357710254,6,d_UW
ASV_00756,0.43417073304291987,0.0651452932008569,3,d_UW
ASV_00757,0.3700643086661374,0.18157544652164692,6,d_UW
ASV_00758,0.45395559866732904,0.14237006264917088,6,d_UW
ASV_00759,0.4141010900020372,0.042003533522925955,3,d_UW
ASV_00760,0.6028934783614122,NA,2,d_UW
ASV_00761,0.4752379084410787,0.04097421681559039,3,d_UW
ASV_00762,0.6016669750295017,NA,2,d_UW
ASV_00763,0.4581895273355252,0.10367049151439169,5,d_UW
ASV_00764,0.47675660587113566,0.12108830815913064,6,d_UW
ASV_00767,0.46009433048628656,0.06982720122672087,3,d_UW
ASV_00768,0.39308565362506087,0.07833812330979768,5,d_UW
ASV_00769,0.48772375171396565,0.12281164572730993,5,d_UW
ASV_00770,0.4012866778442351,0.0227342374547059,3,d_UW
ASV_00771,0.1427397757473715,0.2421879898554798,3,d_UW
ASV_00772,0.4963130455624719,0.05552402552868913,5,d_UW
ASV_00773,0.43331136505669976,NA,2,d_UW
ASV_00774,0.36830951963082714,0.14506688295625822,6,d_UW
ASV_00775,0.42398901500071606,0.03353814659145417,3,d_UW
ASV_00776,0.3570646540148359,0.06450297039048511,3,d_UW
ASV_00777,0.585744442176013,NA,2,d_UW
ASV_00778,0.3632228125939534,0.1517734824039233,4,d_UW
ASV_00779,0.40201143534147077,0.09557839561179132,4,d_UW
ASV_00780,0.3697679575512127,NA,2,d_UW
ASV_00781,0.40355713835192364,0.14458223848238183,6,d_UW
ASV_00782,0.38365378152522434,0.06571004732596758,5,d_UW
ASV_00784,0.45624842576188185,0.047431141896131165,3,d_UW
ASV_00785,0.5742090414543506,NA,2,d_UW
ASV_00786,0.4507359685002025,NA,2,d_UW
ASV_00787,0.5261065761144507,0.07733658287003144,3,d_UW
ASV_00788,0.4751560290912148,0.026913415949248322,3,d_UW
ASV_00789,0.5226420245485872,0.04537719213910541,3,d_UW
ASV_00790,0.6116816445794278,NA,2,d_UW
ASV_00792,0.47065158400109997,0.03396189265436548,4,d_UW
ASV_00793,0.4741914866382845,0.12304941329294672,5,d_UW
ASV_00794,0.47300930742926517,0.05969255201600779,4,d_UW
ASV_00795,0.3811438875352361,0.11044077017029859,6,d_UW
ASV_00796,0.4693373434394653,NA,2,d_UW
ASV_00797,0.5521063628847755,0.03985368392351145,4,d_UW
ASV_00798,0.3851690699508069,0.18730311427052834,5,d_UW
ASV_00799,0.42347443396773476,0.11007477137111144,3,d_UW
ASV_00800,0.4173747625097277,0.19725406173291654,3,d_UW
ASV_00801,0.5152012217784061,0.04703810472231692,5,d_UW
ASV_00802,0.3087241269302834,0.2443737973338572,3,d_UW
ASV_00803,0.39110070856017887,0.05052770265174515,3,d_UW
ASV_00804,0.32622763433212554,0.15786484633393907,5,d_UW
ASV_00805,0.3135401549307645,0.13519399276582167,3,d_UW
ASV_00806,0.3870309854171432,0.123941725409464,7,d_UW
ASV_00807,0.35082959384100765,0.12787271374317716,7,d_UW
ASV_00808,0.37062451864776325,0.08640923257802778,5,d_UW
ASV_00809,0.46204134996838087,0.027333396614680684,3,d_UW
ASV_00810,0.4240953671978994,0.02547293943319305,3,d_UW
ASV_00811,0.3878458165632239,0.030633545503841227,4,d_UW
ASV_00812,0.45432545629679866,0.07300084683054933,3,d_UW
ASV_00813,0.2612738000700683,0.13754518223048376,4,d_UW
ASV_00814,0.407659944503317,0.058965184510999545,4,d_UW
ASV_00815,0.5566125989105738,0.035119310227833676,4,d_UW
ASV_00816,0.466502847146981,0.09203280027287353,4,d_UW
ASV_00817,0.42715263620550337,0.24441419374632892,5,d_UW
ASV_00818,0.4122743309946395,0.04878665988244766,4,d_UW
ASV_00819,0.42793635918527095,0.11034886288147323,4,d_UW
ASV_00821,0.5486129760232857,0.07974011416567756,4,d_UW
ASV_00822,0.4113237435298782,0.16447970787249147,5,d_UW
ASV_00823,0.5122066315941051,0.06290926607135104,3,d_UW
ASV_00824,0.4132042158846877,0.09371613985055341,3,d_UW
ASV_00825,0.4472267397154295,0.04551131384629509,3,d_UW
ASV_00826,0.515162522560991,0.04236173325506093,3,d_UW
ASV_00827,0.3952000920375426,NA,2,d_UW
ASV_00828,0.3928957562850277,0.06431782598004582,4,d_UW
ASV_00829,0.5067314002456518,0.07351906455903494,5,d_UW
ASV_00830,0.46942604406946975,NA,2,d_UW
ASV_00831,0.36931298956051606,0.06138274804467294,3,d_UW
ASV_00832,0.37951756968745776,0.16693612638138566,6,d_UW
ASV_00833,0.4773020614601462,0.10604202190551387,5,d_UW
ASV_00834,0.3662330495264242,0.11183811064913099,4,d_UW
ASV_00835,0.43221969177946906,0.08777952667788964,3,d_UW
ASV_00836,0.43781993139733966,0.014685581646322554,3,d_UW
ASV_00837,0.5292609310415037,0.11382167729759869,3,d_UW
ASV_00838,0.4930767667920216,NA,2,d_UW
ASV_00839,0.39993606172767115,NA,2,d_UW
ASV_00840,0.5912028578245693,NA,2,d_UW
ASV_00841,0.4326633811579863,NA,2,d_UW
ASV_00842,0.4024936651225879,0.10514430286539696,5,d_UW
ASV_00843,0.421479744878384,0.0984186256040573,7,d_UW
ASV_00844,0.5101740468645894,0.10068836938646787,3,d_UW
ASV_00845,0.44725521229651777,NA,2,d_UW
ASV_00846,0.34047601735939426,0.05359719361394999,3,d_UW
ASV_00847,0.37257265329449774,0.10029036297450425,5,d_UW
ASV_00848,0.3680670271231701,0.19026226183958708,7,d_UW
ASV_00850,0.45175694055833837,NA,2,d_UW
ASV_00852,0.5562725015771375,0.023866796961478927,3,d_UW
ASV_00854,0.4297753983557878,0.10304127471002308,5,d_UW
ASV_00855,0.6258492621358038,0.035011944418126544,3,d_UW
ASV_00856,0.5834020180302917,NA,2,d_UW
ASV_00857,0.4659896226882373,0.02979758711536052,4,d_UW
ASV_00858,0.33868080443389204,0.1258406748266287,4,d_UW
ASV_00859,0.5663884128217007,NA,2,d_UW
ASV_00860,0.5288487985852723,NA,2,d_UW
ASV_00861,0.3005104311050609,0.17086914531578926,4,d_UW
ASV_00863,0.37347775709990394,0.11164726918252395,5,d_UW
ASV_00864,0.4303325878733256,0.09821550885835531,3,d_UW
ASV_00865,0.37752136853714646,0.13842261758418026,6,d_UW
ASV_00868,0.4934022849231312,0.04089366762992212,5,d_UW
ASV_00870,0.5052847330505218,NA,2,d_UW
ASV_00871,0.4587610756819507,NA,2,d_UW
ASV_00872,0.5814628928609777,NA,2,d_UW
ASV_00873,0.2598557935340552,0.23917470205905872,3,d_UW
ASV_00874,0.5390822810411255,0.04622720275178689,6,d_UW
ASV_00875,0.5242009440296274,0.11184277762205569,4,d_UW
ASV_00878,0.5887176125904692,NA,2,d_UW
ASV_00879,0.43761779096597886,0.14766530240951486,3,d_UW
ASV_00880,0.4351658787265186,0.19915598859348735,5,d_UW
ASV_00881,0.5536035437576632,NA,2,d_UW
ASV_00882,0.3308099929174073,0.04746010498079487,3,d_UW
ASV_00883,0.16254413427905767,NA,2,d_UW
ASV_00884,0.5280833913740733,0.08015245968080974,4,d_UW
ASV_00885,0.5252473918609314,0.05719945925386302,5,d_UW
ASV_00886,0.33049255888578644,0.04609773594706786,3,d_UW
ASV_00887,0.4602589367086175,0.06624168550981184,3,d_UW
ASV_00888,0.48761242756842305,0.04696499354481746,5,d_UW
ASV_00889,0.42625200248238704,0.0573506110438761,3,d_UW
ASV_00890,0.49251652901375,0.09167584785519231,6,d_UW
ASV_00891,0.4073854448350481,0.13029149050145175,5,d_UW
ASV_00892,0.511910368668341,NA,2,d_UW
ASV_00893,0.4359646994087837,0.04914708905087839,3,d_UW
ASV_00894,0.3671247044143774,0.08155549720107137,4,d_UW
ASV_00895,0.3516424050460011,NA,2,d_UW
ASV_00896,0.40391859732790447,0.025644936522271133,3,d_UW
ASV_00897,0.4946366549998207,0.033965206441089094,6,d_UW
ASV_00898,0.44737773456736285,0.03810430274896498,3,d_UW
ASV_00899,0.4014223276428265,NA,2,d_UW
ASV_00900,0.6525945268399918,0.028343933720953726,3,d_UW
ASV_00901,0.4165012548315695,0.04623386912493148,3,d_UW
ASV_00903,0.5322004921138104,NA,2,d_UW
ASV_00904,0.4891492361189804,NA,2,d_UW
ASV_00905,0.43365711038862265,NA,2,d_UW
ASV_00906,0.4048963891238936,0.0789041324526714,4,d_UW
ASV_00907,0.46611614826394043,0.11406974873759783,7,d_UW
ASV_00908,0.44324816964851543,NA,2,d_UW
ASV_00909,0.5978055787235906,NA,2,d_UW
ASV_00910,0.4542658633922366,0.05723287569353374,3,d_UW
ASV_00911,0.22521977645590296,NA,2,d_UW
ASV_00912,0.4620980313544747,0.047958517781721194,6,d_UW
ASV_00913,0.5150127568409979,NA,2,d_UW
ASV_00914,0.5268938039541449,0.0315108100286607,3,d_UW
ASV_00915,0.4897514715938297,0.007254119373460219,3,d_UW
ASV_00919,0.39396847976879634,0.11725490601345818,5,d_UW
ASV_00920,0.5058735085596697,0.027191928626015733,3,d_UW
ASV_00921,0.2777868360482084,NA,2,d_UW
ASV_00922,0.4294616957445828,0.07564502951488072,5,d_UW
ASV_00923,0.3905552495067426,0.11848736665871955,5,d_UW
ASV_00924,0.4072287055747965,0.17158480835976606,7,d_UW
ASV_00925,0.5233189904975746,NA,2,d_UW
ASV_00926,0.3497937839418922,0.04243556342889398,3,d_UW
ASV_00927,0.4907144782845687,0.08435333057170974,3,d_UW
ASV_00928,0.40011190442448785,0.06262393689338847,3,d_UW
ASV_00929,0.431877959599112,0.12588300850314227,5,d_UW
ASV_00930,0.435622270104265,0.07230228885010226,4,d_UW
ASV_00931,0.4252979697753445,0.12181987968348905,4,d_UW
ASV_00935,0.5229198678440097,0.08272082273874304,4,d_UW
ASV_00936,0.38508417736990297,0.10504085496135163,6,d_UW
ASV_00938,0.4863162883350294,0.08944822151410568,3,d_UW
ASV_00940,0.48608425320611426,0.01820162342251993,3,d_UW
ASV_00941,0.4539924288907927,0.043448675636957514,4,d_UW
ASV_00942,0.4662272309839808,NA,2,d_UW
ASV_00945,0.4319832381851886,NA,2,d_UW
ASV_00947,0.48125115270702123,0.01395435656094021,3,d_UW
ASV_00948,0.44695736283668475,0.06448897458399899,3,d_UW
ASV_00949,0.45677070784417406,0.07754035543594852,3,d_UW
ASV_00950,0.4630592646626034,0.012985390163511657,3,d_UW
ASV_00951,0.4441050295863508,NA,2,d_UW
ASV_00952,0.5380961404041142,NA,2,d_UW
ASV_00958,0.3972949472735653,0.08323802213125149,5,d_UW
ASV_00959,0.43228403439172747,0.18233322428598625,5,d_UW
ASV_00962,0.4689702022054485,0.0338909922535248,3,d_UW
ASV_00965,0.4072943194300096,NA,2,d_UW
ASV_00966,0.4594423854023122,0.12168389928628302,3,d_UW
ASV_00968,0.42515533734553035,0.06059113891185201,3,d_UW
ASV_00970,0.5546352578846405,NA,2,d_UW
ASV_00972,0.4709903327238272,0.06874589371990977,3,d_UW
ASV_00973,0.3967362073059326,0.0286462764141676,4,d_UW
ASV_00974,0.4262146941415589,0.06268354622886468,4,d_UW
ASV_00975,0.40152326930856275,NA,2,d_UW
ASV_00976,0.43029598143614156,0.08413663265487327,4,d_UW
ASV_00978,0.42579097856212444,0.04921066090501339,3,d_UW
ASV_00979,0.680799130334538,NA,2,d_UW
ASV_00980,0.3562141708476111,NA,2,d_UW
ASV_00981,0.45233211706700827,0.02746799513632798,3,d_UW
ASV_00982,0.3761564540388318,0.1715246264476232,6,d_UW
ASV_00983,0.46056531168136683,0.02387305699813341,3,d_UW
ASV_00984,0.5239291591817492,0.03756171017144818,3,d_UW
ASV_00985,0.44313494029549294,0.0882497122768148,5,d_UW
ASV_00986,0.48139639371317544,0.07443116314950461,4,d_UW
ASV_00987,0.41198130435590585,0.16786633852391786,5,d_UW
ASV_00988,0.3747115866537405,0.07362911923846602,3,d_UW
ASV_00989,0.6347011284638668,NA,2,d_UW
ASV_00992,0.3932094187197456,0.029352993411461345,3,d_UW
ASV_00993,0.5216541871416394,NA,2,d_UW
ASV_00994,0.41450083390651526,0.03634525616619634,4,d_UW
ASV_00996,0.4332573225280466,0.06903727445429925,4,d_UW
ASV_00997,0.580601621901905,0.05032473880582008,3,d_UW
ASV_00998,0.5400765034804038,NA,2,d_UW
ASV_01000,0.4119839852481222,0.04811897363821333,3,d_UW
ASV_01001,0.4189275822477285,0.08300028239961611,3,d_UW
ASV_01002,0.36975324900003403,NA,2,d_UW
ASV_01003,0.46845610379022284,NA,2,d_UW
ASV_01004,0.5139531513038265,NA,2,d_UW
ASV_01005,0.38744648533687864,0.058061014154600805,3,d_UW
ASV_01006,0.42724517689055763,NA,2,d_UW
ASV_01007,0.4713944550852933,0.06210119845107579,3,d_UW
ASV_01008,0.4119028187751107,0.05615630369610001,3,d_UW
ASV_01009,0.4488163854583366,0.017859665659494185,3,d_UW
ASV_01010,0.48039064615550364,0.019325428789182034,3,d_UW
ASV_01011,0.38693012405317684,0.04261513547435113,3,d_UW
ASV_01012,0.5155681359751036,0.04335101461149475,3,d_UW
ASV_01013,0.5230700972937958,0.09256306186881809,3,d_UW
ASV_01015,0.27779274953397437,NA,2,d_UW
ASV_01016,0.4400779281790378,0.05422935329950481,4,d_UW
ASV_01018,0.46224633145336136,0.1222475207927026,5,d_UW
ASV_01019,0.2516701294324182,NA,2,d_UW
ASV_01020,0.3745095720607676,NA,2,d_UW
ASV_01021,0.47223500793009954,0.018092296509805914,3,d_UW
ASV_01022,0.5153880720465136,0.05211301920141673,4,d_UW
ASV_01023,0.44918510664683853,0.044804145915346816,4,d_UW
ASV_01024,0.4567639812787685,0.11109119214050953,3,d_UW
ASV_01027,0.5185255749438047,0.07101273050290255,6,d_UW
ASV_01028,0.504588534277983,NA,2,d_UW
ASV_01029,0.42817061066424167,0.0426650940187252,3,d_UW
ASV_01031,0.38301871430902,0.09731232301073912,6,d_UW
ASV_01032,0.4885951405086242,0.064125276816659,5,d_UW
ASV_01034,0.41362663806108924,0.05896677555106959,4,d_UW
ASV_01035,0.5127023218213833,0.04574951130248616,3,d_UW
ASV_01036,0.37173927408497676,NA,2,d_UW
ASV_01037,0.4866905497296238,NA,2,d_UW
ASV_01038,0.5387244662529426,0.01938249178881228,3,d_UW
ASV_01039,0.3921417652318875,0.12449896187308593,5,d_UW
ASV_01040,0.43365323728395755,0.05424972681858114,4,d_UW
ASV_01043,0.41513099157662114,NA,2,d_UW
ASV_01044,0.5086371745425236,0.07192181725039823,4,d_UW
ASV_01045,0.32402321018447267,0.1116824205592037,3,d_UW
ASV_01046,0.5048353364691028,0.07647537935794316,4,d_UW
ASV_01047,0.4390553021587855,NA,2,d_UW
ASV_01048,0.2872394314449852,0.17038582306597688,7,d_UW
ASV_01049,0.48248469520454196,0.06872478177145196,5,d_UW
ASV_01051,0.39070038451559075,NA,2,d_UW
ASV_01052,0.5604819840753633,0.020038368701833724,3,d_UW
ASV_01053,0.4937099238098308,0.04481938606776664,5,d_UW
ASV_01054,0.5083121856031071,0.01698021487048768,3,d_UW
ASV_01055,0.5024258061802351,0.02315349820261889,3,d_UW
ASV_01056,0.4429145613981176,0.09814570931282261,3,d_UW
ASV_01057,0.4809972840378298,0.0892365863560111,4,d_UW
ASV_01060,0.3282747934262129,0.09640427659559675,6,d_UW
ASV_01062,0.4561083886830508,0.02963180922346363,4,d_UW
ASV_01064,0.3674623976554181,0.10270615803691252,3,d_UW
ASV_01065,0.4195706252778346,0.14416968790924825,6,d_UW
ASV_01066,0.45148838484597875,0.05100678305288022,3,d_UW
ASV_01067,0.6522479074388582,NA,2,d_UW
ASV_01068,0.4039667342445341,0.1016020942078934,6,d_UW
ASV_01069,0.41396149298720597,0.04688692868044608,4,d_UW
ASV_01071,0.5574816090363199,0.057843004562990366,4,d_UW
ASV_01072,0.4235210394594633,0.08598308086950586,4,d_UW
ASV_01073,0.570562860912627,NA,2,d_UW
ASV_01074,0.3990914597601525,0.08222699615324984,4,d_UW
ASV_01075,0.40806189382190494,NA,2,d_UW
ASV_01076,0.4938693683834594,NA,2,d_UW
ASV_01077,0.4244981330513885,NA,2,d_UW
ASV_01078,0.4546181352460692,0.027507721854148265,4,d_UW
ASV_01081,0.43823066660927124,0.0051130407210390316,3,d_UW
ASV_01084,0.3999519603923257,0.04332961540411758,3,d_UW
ASV_01085,0.4748539752149856,0.08262761869055772,5,d_UW
ASV_01086,0.30421811771945295,0.09894598264392143,4,d_UW
ASV_01087,0.3786049581434029,0.17454171604825633,5,d_UW
ASV_01089,0.3507056252518944,0.050489069802160114,4,d_UW
ASV_01090,0.4346107839059796,0.09257117892193066,6,d_UW
ASV_01091,0.5125684416264054,0.04008431849671048,3,d_UW
ASV_01092,0.3783239032931861,0.11966574882479615,6,d_UW
ASV_01093,0.5416179451369555,NA,2,d_UW
ASV_01094,0.5115138775337227,0.04396345386539442,4,d_UW
ASV_01095,0.4611388599015145,NA,2,d_UW
ASV_01097,0.259214068759426,0.0727242030689595,3,d_UW
ASV_01098,0.5572081504273347,NA,2,d_UW
ASV_01099,0.4612579075865576,0.032267040853503744,3,d_UW
ASV_01101,0.41038269504414393,0.09804557406409224,7,d_UW
ASV_01103,0.389366007086381,NA,2,d_UW
ASV_01105,0.4722054000560192,0.04034850499881015,3,d_UW
ASV_01106,0.40789541978952104,0.037883500766253984,3,d_UW
ASV_01107,0.5635730262908092,NA,2,d_UW
ASV_01108,0.3989681389354687,0.0373408043527624,4,d_UW
ASV_01110,0.31301171381114334,0.05616485364320105,3,d_UW
ASV_01111,0.5148455383496233,0.015429902710240478,3,d_UW
ASV_01112,0.5063635116288383,0.07874639758818493,3,d_UW
ASV_01113,0.43867043486043256,0.03785698398672416,4,d_UW
ASV_01116,0.4358670413096417,0.030853960662319508,4,d_UW
ASV_01117,0.4314402267592301,NA,2,d_UW
ASV_01119,0.48659186170812174,0.06843271777643967,5,d_UW
ASV_01120,0.40085217304332665,0.016713286783507003,3,d_UW
ASV_01122,0.44399573785951174,0.048144476805072625,3,d_UW
ASV_01124,0.5354272851676511,0.05686260333475229,4,d_UW
ASV_01127,0.40651074709001234,0.07772544291020562,3,d_UW
ASV_01128,0.5004680075920108,0.026542039035900557,3,d_UW
ASV_01129,0.35847749503539805,0.02634200618835426,3,d_UW
ASV_01131,0.5250717819243703,NA,2,d_UW
ASV_01132,0.5053202161010156,NA,2,d_UW
ASV_01133,0.6079586461163544,NA,2,d_UW
ASV_01134,0.45833730457510125,NA,2,d_UW
ASV_01135,0.49153439402113264,NA,2,d_UW
ASV_01136,0.43483551247218344,NA,2,d_UW
ASV_01138,0.4570403405670497,0.03693101450265173,3,d_UW
ASV_01139,0.48344612489104677,0.03336643917478741,3,d_UW
ASV_01140,0.48153039395193775,0.04670380401796858,4,d_UW
ASV_01141,0.5441071355635753,0.028115951532813967,4,d_UW
ASV_01142,0.41430737207212487,0.014119905780269197,4,d_UW
ASV_01147,0.46705363217321594,NA,2,d_UW
ASV_01149,0.3533744735300828,0.10801729075592684,4,d_UW
ASV_01150,0.3838255309459503,0.051523906238277226,5,d_UW
ASV_01151,0.4139007487838243,0.01700893821659325,3,d_UW
ASV_01152,0.23187979098004607,NA,2,d_UW
ASV_01153,0.538565291085588,0.06405827746203409,3,d_UW
ASV_01155,0.514842503733611,NA,2,d_UW
ASV_01157,0.46929993341392706,0.12490720807738659,6,d_UW
ASV_01158,0.37240187217953247,NA,2,d_UW
ASV_01159,0.4256007669357028,0.028071667540371142,4,d_UW
ASV_01160,0.4677417306289473,0.011281509156915923,3,d_UW
ASV_01161,0.41197159461604294,NA,2,d_UW
ASV_01163,0.38954157464385375,0.12698062386582704,5,d_UW
ASV_01164,0.1842804021081188,0.3079318954835374,3,d_UW
ASV_01165,0.3597427230261462,0.0848977307733344,3,d_UW
ASV_01167,0.4174020797456568,NA,2,d_UW
ASV_01169,0.4539290864290386,0.05212656837756033,4,d_UW
ASV_01171,0.44520844670093496,0.027997025755501947,3,d_UW
ASV_01174,0.4366150817868679,0.12181763624538956,3,d_UW
ASV_01176,0.405286666155797,0.0608594817521009,4,d_UW
ASV_01178,0.5203495677599093,0.027067877608522153,3,d_UW
ASV_01179,0.5082165311558922,0.0786538977142288,4,d_UW
ASV_01180,0.39099914781723477,0.07691278554827818,3,d_UW
ASV_01181,0.5248860335347387,0.0241872410635977,3,d_UW
ASV_01182,0.5092395104532534,0.030891361030424964,3,d_UW
ASV_01183,0.4599603848629089,NA,2,d_UW
ASV_01184,0.1411600166952388,0.07618203127952697,3,d_UW
ASV_01186,0.45856626031959735,NA,2,d_UW
ASV_01188,0.5303700730137475,0.056170291438644555,4,d_UW
ASV_01190,0.3944395035082735,NA,2,d_UW
ASV_01191,0.552939462962736,NA,2,d_UW
ASV_01195,0.3572755821635494,0.048906653895232174,3,d_UW
ASV_01196,0.3529352512598407,0.10119075137911794,4,d_UW
ASV_01197,0.49020634624602,NA,2,d_UW
ASV_01198,0.26396511259601774,NA,2,d_UW
ASV_01202,0.48392066626044283,NA,2,d_UW
ASV_01203,0.4750867516486993,NA,2,d_UW
ASV_01204,0.39081328445256425,0.26029889329376377,5,d_UW
ASV_01205,0.3506296811588636,0.027371902753153366,3,d_UW
ASV_01206,0.4732276556667798,0.028943515032049012,4,d_UW
ASV_01207,0.4098693800162255,NA,2,d_UW
ASV_01208,0.5390693328734636,0.02116094685395282,3,d_UW
ASV_01209,0.2938055015752773,NA,2,d_UW
ASV_01214,0.36520242886002696,NA,2,d_UW
ASV_01217,0.39120431952113766,NA,2,d_UW
ASV_01218,0.5146290020276376,0.07257475171750291,4,d_UW
ASV_01219,0.31750428954233756,0.16115610837670438,3,d_UW
ASV_01220,0.5332003825750036,0.0594307199067537,3,d_UW
ASV_01221,0.3845122295067076,NA,2,d_UW
ASV_01223,0.4173885213487689,0.09625682649844651,5,d_UW
ASV_01224,0.2795402436067195,NA,2,d_UW
ASV_01225,0.3449687693236779,0.051205840075744136,3,d_UW
ASV_01226,0.3976396996249385,NA,2,d_UW
ASV_01227,0.3739754666964845,NA,2,d_UW
ASV_01229,0.3961898858065641,0.05854091788240062,6,d_UW
ASV_01230,0.4704186725580508,0.02258165835657963,3,d_UW
ASV_01232,0.2620846366437506,0.08190297810415928,3,d_UW
ASV_01233,0.32309382342034676,0.254472490014722,4,d_UW
ASV_01235,0.3374635196356709,0.09411706969203658,4,d_UW
ASV_01236,0.3616345311992236,0.1963293194538253,6,d_UW
ASV_01237,0.34110655390695155,NA,2,d_UW
ASV_01238,0.5546468711048573,NA,2,d_UW
ASV_01240,0.4270429192522154,NA,2,d_UW
ASV_01243,0.3189776218656164,0.18688639633995272,4,d_UW
ASV_01244,0.4249999934307199,NA,2,d_UW
ASV_01245,0.2588356977296543,0.16409671280228164,6,d_UW
ASV_01246,0.49424908902255116,0.021294434888261368,3,d_UW
ASV_01247,0.3613165366113842,0.08058368610888442,3,d_UW
ASV_01248,0.4891541874657681,NA,2,d_UW
ASV_01249,0.31679435137936973,0.17054253346181483,5,d_UW
ASV_01250,0.4701901036469729,0.1342211385993646,4,d_UW
ASV_01253,0.5227752179417458,0.06893956122139017,4,d_UW
ASV_01254,0.43294589793285343,NA,2,d_UW
ASV_01256,0.4433581355650039,NA,2,d_UW
ASV_01257,0.37297474565889943,0.03399165876109638,3,d_UW
ASV_01258,0.40053571101358576,NA,2,d_UW
ASV_01260,0.4800406496258135,NA,2,d_UW
ASV_01261,0.38248578353759566,0.07243774402740864,5,d_UW
ASV_01262,0.5019886936686445,0.03506828577102755,4,d_UW
ASV_01263,0.4307023988136308,0.02519152673053316,3,d_UW
ASV_01265,0.39802649741428253,NA,2,d_UW
ASV_01266,0.519320459985251,0.09246690879762678,4,d_UW
ASV_01267,0.37060580861670334,0.15099078318135792,6,d_UW
ASV_01271,0.4011152137199052,NA,2,d_UW
ASV_01276,0.33341734525544686,0.13452898600262186,5,d_UW
ASV_01277,0.49520753590460853,0.008738698663747865,3,d_UW
ASV_01279,0.38139419728173374,0.0395005850622564,4,d_UW
ASV_01281,0.4254342204682414,NA,2,d_UW
ASV_01282,0.3337508290036074,NA,2,d_UW
ASV_01283,0.3586414287367379,NA,2,d_UW
ASV_01285,0.29475940109190124,0.13109871378732393,3,d_UW
ASV_01286,0.43340097680179757,0.01889915931744831,3,d_UW
ASV_01287,0.3545858267989611,NA,2,d_UW
ASV_01288,0.4514084851394675,0.09459764861722071,4,d_UW
ASV_01289,0.4512145786291537,0.06753940892553607,3,d_UW
ASV_01290,0.35897399574570577,NA,2,d_UW
ASV_01294,0.43272958376706516,NA,2,d_UW
ASV_01295,0.3319419244381955,0.09652648160327304,3,d_UW
ASV_01296,0.4431578738908387,NA,2,d_UW
ASV_01297,0.5542259736343627,0.04296281042103275,3,d_UW
ASV_01301,0.40867052651614943,0.06381705101195331,3,d_UW
ASV_01302,0.4430647936279123,NA,2,d_UW
ASV_01304,0.35750858933645124,0.07877377408824446,5,d_UW
ASV_01305,0.4156053838451147,NA,2,d_UW
ASV_01307,0.47271003642229226,0.027291143936867504,3,d_UW
ASV_01308,0.46646302253739336,NA,2,d_UW
ASV_01309,0.4454782864384882,0.04662907546382382,3,d_UW
ASV_01310,0.4315257782440496,0.047966585802773624,5,d_UW
ASV_01312,0.5450049679928102,NA,2,d_UW
ASV_01313,0.25215899004102305,NA,2,d_UW
ASV_01318,0.4153848482460345,0.0675795830543974,5,d_UW
ASV_01319,0.4228498454479608,0.0252838766669206,4,d_UW
ASV_01320,0.5306368592357011,NA,2,d_UW
ASV_01321,0.4717026636197136,0.039658482225049516,4,d_UW
ASV_01326,0.43124317673384194,0.047799237443132726,3,d_UW
ASV_01327,0.3947428353473258,NA,2,d_UW
ASV_01328,0.32021554108809935,0.18893550841104156,5,d_UW
ASV_01329,0.3596720906917956,0.04948725201190936,3,d_UW
ASV_01330,0.49088887039022944,NA,2,d_UW
ASV_01333,0.4136985900593829,NA,2,d_UW
ASV_01334,0.3736315979407252,0.043365291041213914,3,d_UW
ASV_01337,0.45409560624295897,NA,2,d_UW
ASV_01342,0.5156274616122891,0.11420158478041931,3,d_UW
ASV_01345,0.41180456714664493,0.05060630565307275,5,d_UW
ASV_01347,0.46438752177477216,NA,2,d_UW
ASV_01349,0.4363333127152217,NA,2,d_UW
ASV_01350,0.43787103168245234,NA,2,d_UW
ASV_01351,0.32469914667710265,NA,2,d_UW
ASV_01353,0.3154400913926261,0.1194131744980266,4,d_UW
ASV_01360,0.4200418437681763,NA,2,d_UW
ASV_01363,0.41503480337272225,0.055533501579846864,4,d_UW
ASV_01364,0.39295079747222894,0.03549921811295445,3,d_UW
ASV_01365,0.4072227385464525,0.0634387015175573,4,d_UW
ASV_01367,0.41915184689734486,0.0840191300680524,3,d_UW
ASV_01368,0.5185689284386836,0.04458112014393156,3,d_UW
ASV_01370,0.4059928986374519,NA,2,d_UW
ASV_01371,0.46047430505296016,0.03699454350765019,3,d_UW
ASV_01375,0.3157735415417806,0.08567452930795515,3,d_UW
ASV_01377,0.4226667103033033,0.04511631141553524,3,d_UW
ASV_01379,0.18836371726962364,NA,2,d_UW
ASV_01385,0.555903125530953,0.050150103299162974,3,d_UW
ASV_01393,0.3952636087337612,0.15315962283186757,3,d_UW
ASV_01395,0.5636234359994242,NA,2,d_UW
ASV_01396,0.5088721979620572,NA,2,d_UW
ASV_01401,0.3906091223594367,0.07816352375436057,3,d_UW
ASV_01402,0.5902225494802907,0.03710791538330138,3,d_UW
ASV_01405,0.4317148151009905,NA,2,d_UW
ASV_01408,0.3848230162785724,0.054659622350906545,4,d_UW
ASV_01411,0.5278456521885291,0.055079714599227926,3,d_UW
ASV_01413,0.3139644900841261,NA,2,d_UW
ASV_01417,0.4542054840046833,0.1329950112673461,5,d_UW
ASV_01418,0.5343739604579816,0.017503940147399314,4,d_UW
ASV_01424,0.4202976924384584,NA,2,d_UW
ASV_01426,0.4239359557506295,0.10572510089367332,5,d_UW
ASV_01428,0.3969872922724763,NA,2,d_UW
ASV_01430,0.5086566899998308,NA,2,d_UW
ASV_01431,0.46601760229811284,0.06119787792127564,3,d_UW
ASV_01434,0.5537428362175295,NA,2,d_UW
ASV_01436,0.4403884456358653,0.06930437463013182,3,d_UW
ASV_01437,0.48082655143500785,0.05104282854953325,3,d_UW
ASV_01439,0.43397859778664816,0.07894267774121812,3,d_UW
ASV_01443,0.5213436287945311,NA,2,d_UW
ASV_01445,0.42709851836280766,0.044663421814040906,5,d_UW
ASV_01446,0.5211626719562932,0.052607012809523304,5,d_UW
ASV_01455,0.3795131431433618,0.06108435024734814,3,d_UW
ASV_01457,0.507367423322117,NA,2,d_UW
ASV_01458,0.4331835262067839,0.10779314555662664,5,d_UW
ASV_01459,0.4148524982314066,NA,2,d_UW
ASV_01460,0.4233731982770027,NA,2,d_UW
ASV_01461,0.3494895968673214,0.033450816742279815,4,d_UW
ASV_01463,0.4456041062886331,NA,2,d_UW
ASV_01465,0.35738736501858137,NA,2,d_UW
ASV_01468,0.4482143247856557,NA,2,d_UW
ASV_01470,0.4215139354254581,NA,2,d_UW
ASV_01474,0.4733271775794148,NA,2,d_UW
ASV_01478,0.48007322215835324,0.13074566042602884,3,d_UW
ASV_01479,0.5017032756874519,NA,2,d_UW
ASV_01481,0.5576639880716441,0.07101542378579115,4,d_UW
ASV_01483,0.4186932669126171,0.09218716171938546,3,d_UW
ASV_01484,0.39999288020561374,NA,2,d_UW
ASV_01485,0.3923162300162415,0.049462911530704624,5,d_UW
ASV_01486,0.4411989790319504,0.026309240394744873,3,d_UW
ASV_01488,0.32835092195972027,NA,2,d_UW
ASV_01490,0.5429559845511389,0.03580233197608727,3,d_UW
ASV_01491,0.5375814875513201,NA,2,d_UW
ASV_01493,0.6007365119541638,NA,2,d_UW
ASV_01494,0.4212756980719252,NA,2,d_UW
ASV_01495,0.5286005951465416,NA,2,d_UW
ASV_01496,0.534184818889896,0.023540284991443398,4,d_UW
ASV_01498,0.3960135419976125,0.026079012029401584,4,d_UW
ASV_01502,0.39540697584810724,NA,2,d_UW
ASV_01503,0.4695075880779702,0.0721399065686488,5,d_UW
ASV_01506,0.340891653566904,NA,2,d_UW
ASV_01507,0.46794964109014103,0.038103022795450664,4,d_UW
ASV_01508,0.40940143080725755,0.10911022966239563,5,d_UW
ASV_01510,0.34020535504503513,0.03279081843215812,3,d_UW
ASV_01512,0.5771959420981849,NA,2,d_UW
ASV_01514,0.4911975847490435,NA,2,d_UW
ASV_01515,0.44110839689071235,NA,2,d_UW
ASV_01517,0.5788646804199473,NA,2,d_UW
ASV_01518,0.425566192791188,0.031218592169224017,4,d_UW
ASV_01519,0.31521626485207466,NA,2,d_UW
ASV_01520,0.4126810167485474,NA,2,d_UW
ASV_01522,0.5162404333172541,0.11999960886794658,4,d_UW
ASV_01524,0.3668930538044852,NA,2,d_UW
ASV_01529,0.43216037929093887,NA,2,d_UW
ASV_01535,0.4766621497367207,NA,2,d_UW
ASV_01540,0.40503519320372405,0.04073298866449798,3,d_UW
ASV_01541,0.351402038542574,0.240795171172769,3,d_UW
ASV_01542,0.5554433157881964,0.019971413867041956,3,d_UW
ASV_01544,0.3686276039158042,NA,2,d_UW
ASV_01546,0.40137740106200626,0.034446089588821185,4,d_UW
ASV_01548,0.37900222959910923,NA,2,d_UW
ASV_01549,0.3606973849597592,NA,2,d_UW
ASV_01550,0.42892769007556664,NA,2,d_UW
ASV_01555,0.4266284570817789,NA,2,d_UW
ASV_01556,0.440418174684172,0.08073314353778649,4,d_UW
ASV_01557,0.4846027821668416,0.08629639391090745,4,d_UW
ASV_01558,0.4291248971948063,0.08466647304905708,5,d_UW
ASV_01559,0.3538054319328713,0.18815539541665438,3,d_UW
ASV_01565,0.24174147712576988,0.13545409666386285,3,d_UW
ASV_01571,0.41152318680296873,0.03540790836881731,5,d_UW
ASV_01574,0.3413196364241907,0.03273931597125047,3,d_UW
ASV_01578,0.5210193050555583,0.02977302508987224,3,d_UW
ASV_01579,0.4493282677352911,NA,2,d_UW
ASV_01581,0.4497403434401245,NA,2,d_UW
ASV_01582,0.40358587942933855,0.06291711227507919,3,d_UW
ASV_01585,0.455391049638994,NA,2,d_UW
ASV_01587,0.27408166504012565,0.06581498302864108,3,d_UW
ASV_01588,0.45781188174581333,0.028718985275617927,3,d_UW
ASV_01593,0.2271605014016913,0.18575471769125051,4,d_UW
ASV_01594,0.42556253857011883,0.06062321911573375,4,d_UW
ASV_01599,0.4960823436210444,NA,2,d_UW
ASV_01606,0.46455061794452834,NA,2,d_UW
ASV_01607,0.18372222474874078,NA,2,d_UW
ASV_01611,0.5253971222562035,0.082305763997007,4,d_UW
ASV_01612,0.41837687801830414,NA,2,d_UW
ASV_01613,0.4295021441861523,0.03658538953687431,3,d_UW
ASV_01615,0.3920737633178717,NA,2,d_UW
ASV_01616,0.386524261495217,0.03088094889215244,3,d_UW
ASV_01617,0.45563945897524916,0.07731276511074366,4,d_UW
ASV_01618,0.3846982630118362,0.026651955522043032,4,d_UW
ASV_01619,0.41833711878095814,NA,2,d_UW
ASV_01621,0.370643841901784,0.13480734944472583,7,d_UW
ASV_01622,0.39968762993402407,0.06307731117123992,3,d_UW
ASV_01626,0.30118167328606216,0.16095374330796294,3,d_UW
ASV_01627,0.4506199004419754,NA,2,d_UW
ASV_01633,0.3783784721586483,NA,2,d_UW
ASV_01634,0.440908587950839,NA,2,d_UW
ASV_01635,0.5263227300115264,0.06639509334236199,4,d_UW
ASV_01641,0.42557756857168305,NA,2,d_UW
ASV_01643,0.47420228999607505,0.04990890572455532,5,d_UW
ASV_01644,0.2379844164148175,NA,2,d_UW
ASV_01646,0.4233566887832063,NA,2,d_UW
ASV_01650,0.42060202125778257,0.09158000964369137,4,d_UW
ASV_01655,0.3880384254414816,NA,2,d_UW
ASV_01657,0.39689934709612507,NA,2,d_UW
ASV_01663,0.6000120520319931,NA,2,d_UW
ASV_01666,0.41761887022847743,0.012067899510462577,3,d_UW
ASV_01668,0.3838790236352887,0.036614210377803366,3,d_UW
ASV_01671,0.46513788342776174,NA,2,d_UW
ASV_01678,0.3463687446106549,0.25122759224655505,6,d_UW
ASV_01684,0.40169575252509193,0.02292049055267593,3,d_UW
ASV_01686,0.15426199765252468,0.20214909881933646,3,d_UW
ASV_01688,0.4830920129634657,0.03646146631910119,3,d_UW
ASV_01689,0.1633991229863596,NA,2,d_UW
ASV_01692,0.48091862959204157,0.031679083830766355,5,d_UW
ASV_01695,0.41858252095574566,0.03772207009611896,3,d_UW
ASV_01697,0.35784044978651197,0.0835116879877128,4,d_UW
ASV_01699,0.4795831761311784,NA,2,d_UW
ASV_01700,0.4641382042662351,0.03417642844927756,3,d_UW
ASV_01701,0.26704190289084684,NA,2,d_UW
ASV_01703,0.36335632839014276,0.07497422347695688,3,d_UW
ASV_01706,0.40570972643333814,NA,2,d_UW
ASV_01708,0.3963329071642502,0.08696039741555586,3,d_UW
ASV_01716,0.32374439029280155,0.1428317760367276,3,d_UW
ASV_01718,0.3963500673898117,0.08338331987206352,4,d_UW
ASV_01719,0.39047021022681394,0.1018418669203706,3,d_UW
ASV_01720,0.5884013795255076,NA,2,d_UW
ASV_01730,0.46113190914009405,NA,2,d_UW
ASV_01735,0.48272684705342106,0.04541618862720865,5,d_UW
ASV_01736,0.4768236924786725,0.05046472672496261,3,d_UW
ASV_01739,0.353629700190657,NA,2,d_UW
ASV_01741,0.4561830763097514,0.025592607193501066,3,d_UW
ASV_01742,0.40109154773642286,0.07895952978503509,6,d_UW
ASV_01746,0.5922534415138472,NA,2,d_UW
ASV_01756,0.49837119133564556,0.030083534497128764,4,d_UW
ASV_01769,0.45757567275579103,NA,2,d_UW
ASV_01770,0.3758887294859097,0.05361533737590493,3,d_UW
ASV_01774,0.44138531713868756,NA,2,d_UW
ASV_01775,0.41249051171470763,NA,2,d_UW
ASV_01778,0.4209719014291716,NA,2,d_UW
ASV_01779,0.5715675567550034,NA,2,d_UW
ASV_01784,0.4397972746038109,NA,2,d_UW
ASV_01800,0.3177941703506302,NA,2,d_UW
ASV_01801,0.48504446121874367,0.06784828657585541,4,d_UW
ASV_01805,0.4791443758088121,NA,2,d_UW
ASV_01806,0.40931220911686916,0.07333098647374946,6,d_UW
ASV_01809,0.5127184878965025,0.12212141588365098,4,d_UW
ASV_01813,0.2909925447492766,NA,2,d_UW
ASV_01828,0.4380030020820527,NA,2,d_UW
ASV_01839,0.4481850345486226,0.022021856626348375,3,d_UW
ASV_01840,0.3353505094356979,0.23076658599522962,4,d_UW
ASV_01841,0.39286404739893,NA,2,d_UW
ASV_01849,0.5120710718679273,0.030673939948659943,3,d_UW
ASV_01853,0.32136585103664317,NA,2,d_UW
ASV_01856,0.3993519447755156,NA,2,d_UW
ASV_01857,0.413984581082256,0.10900813217951874,4,d_UW
ASV_01860,0.4548132190483929,NA,2,d_UW
ASV_01861,0.5379762473000052,0.04513700433267168,3,d_UW
ASV_01866,0.4151167215671224,0.08993451549055413,3,d_UW
ASV_01867,0.530422420612422,NA,2,d_UW
ASV_01871,0.4236109927966193,NA,2,d_UW
ASV_01875,0.46943685076212915,NA,2,d_UW
ASV_01881,0.5098024096939784,0.05681336038094974,5,d_UW
ASV_01884,0.40071823512602345,0.030047755824539404,4,d_UW
ASV_01889,0.4517716767618102,NA,2,d_UW
ASV_01890,0.5226208847870464,NA,2,d_UW
ASV_01896,0.43608462378919266,NA,2,d_UW
ASV_01898,0.36152628979795276,0.14781364115547108,4,d_UW
ASV_01902,0.37536646242316873,NA,2,d_UW
ASV_01903,0.5064081741163211,NA,2,d_UW
ASV_01906,0.46952026791092816,NA,2,d_UW
ASV_01908,0.4009888623535496,0.022815702226380727,3,d_UW
ASV_01914,0.23710914441342112,0.07528226019735552,3,d_UW
ASV_01919,0.4078783340232648,NA,2,d_UW
ASV_01932,0.35246584816027604,0.06746153402451657,3,d_UW
ASV_01940,0.4661570230673566,0.04931002661930811,3,d_UW
ASV_01941,0.48922360636699036,0.03884805758678607,4,d_UW
ASV_01949,0.2602971935032583,0.15343278284074374,3,d_UW
ASV_01951,0.4137221752813316,NA,2,d_UW
ASV_01952,0.4744925371405181,NA,2,d_UW
ASV_01957,0.4068357559889577,NA,2,d_UW
ASV_01958,0.507569532153042,NA,2,d_UW
ASV_01961,0.3808671232445079,NA,2,d_UW
ASV_01974,0.30641580484725206,0.09317431591197949,3,d_UW
ASV_01986,0.5379526817111786,NA,2,d_UW
ASV_01990,0.42310261470653376,NA,2,d_UW
ASV_01993,0.43381318597588914,NA,2,d_UW
ASV_01997,0.48419649476546767,0.04343367865370652,3,d_UW
ASV_02003,0.410367949839718,NA,2,d_UW
ASV_02007,0.2696595317913294,0.12333047408755013,3,d_UW
ASV_02014,0.5583782844455721,NA,2,d_UW
ASV_02016,0.35147074656368393,0.05286240509415814,3,d_UW
ASV_02020,0.6042636815801741,0.03150587964923129,3,d_UW
ASV_02027,0.4561636873268229,NA,2,d_UW
ASV_02030,0.40709858411534217,0.05612142764303145,3,d_UW
ASV_02034,0.39169728526556435,NA,2,d_UW
ASV_02040,0.4440620609218163,0.042254106789566,3,d_UW
ASV_02046,0.5252351546636869,NA,2,d_UW
ASV_02048,0.48237240323449493,NA,2,d_UW
ASV_02057,0.39922016788180725,0.060490127639888765,4,d_UW
ASV_02065,0.35766273919008706,NA,2,d_UW
ASV_02076,0.31784834262811545,0.10780296232284049,3,d_UW
ASV_02092,0.4275813976834295,NA,2,d_UW
ASV_02103,0.36608682639715595,0.06823744060423026,3,d_UW
ASV_02108,0.5182649052094968,0.0746416035008388,3,d_UW
ASV_02120,0.4442780451548838,NA,2,d_UW
ASV_02126,0.4023299775342064,NA,2,d_UW
ASV_02143,0.4509327212930616,NA,2,d_UW
ASV_02149,0.5627253458435437,NA,2,d_UW
ASV_02163,0.5490980314418734,0.021953866593488247,3,d_UW
ASV_02179,0.3923282790718513,0.08043882375059751,4,d_UW
ASV_02188,0.37555003413380683,NA,2,d_UW
ASV_02192,0.4649609995466576,NA,2,d_UW
ASV_02198,0.4201614928447106,0.03048956224412828,3,d_UW
ASV_02207,0.4202282925729066,NA,2,d_UW
ASV_02209,0.40507512686536684,0.0729011786787594,3,d_UW
ASV_02216,0.3185788501907899,NA,2,d_UW
ASV_02229,0.41250922972097614,NA,2,d_UW
ASV_02232,0.4043285353186016,0.032168005845977635,3,d_UW
ASV_02242,0.4144597906999897,0.052847183309899966,3,d_UW
ASV_02259,0.387957872189859,NA,2,d_UW
ASV_02266,0.3511549340535266,NA,2,d_UW
ASV_02268,0.4953540375109393,NA,2,d_UW
ASV_02272,0.4864216730931774,NA,2,d_UW
ASV_02278,0.47500998766317293,NA,2,d_UW
ASV_02279,0.38541089301363163,NA,2,d_UW
ASV_02285,0.48281846334197565,NA,2,d_UW
ASV_02289,0.49013171624459695,NA,2,d_UW
ASV_02291,0.3735379180179156,NA,2,d_UW
ASV_02300,0.5188048525745672,NA,2,d_UW
ASV_02309,0.4503345549081633,0.011888795474035967,3,d_UW
ASV_02325,0.46478704782126545,NA,2,d_UW
ASV_02334,0.48432323683664547,NA,2,d_UW
ASV_02338,0.4475644898575867,NA,2,d_UW
ASV_02358,0.42747178155534615,NA,2,d_UW
ASV_02364,0.32981892587569306,0.08993986605191776,4,d_UW
ASV_02365,0.44875441024879514,NA,2,d_UW
ASV_02422,0.37531689866817297,0.09048500349803996,4,d_UW
ASV_02428,0.4171512918292558,0.04330523113033719,3,d_UW
ASV_02446,0.4376326058733494,NA,2,d_UW
ASV_02458,0.3631753038149683,NA,2,d_UW
ASV_02468,0.39641191848408064,NA,2,d_UW
ASV_02470,0.3976289874064437,NA,2,d_UW
ASV_02511,0.45484743402407934,NA,2,d_UW
ASV_02529,0.31931040275954303,NA,2,d_UW
ASV_02534,0.44927251398517676,NA,2,d_UW
ASV_02555,0.4419659873135996,NA,2,d_UW
ASV_02567,0.36719776528606585,0.027858027950780125,3,d_UW
ASV_02613,0.38320455220730254,NA,2,d_UW
ASV_02621,0.3793028057548963,NA,2,d_UW
ASV_02682,0.40624563741860586,0.04398044945311531,3,d_UW
ASV_02790,0.33473704334897725,NA,2,d_UW
ASV_02801,0.0948364376017472,NA,2,d_UW
ASV_02853,0.34898956069264375,NA,2,d_UW
ASV_02898,0.41829723814795416,NA,2,d_UW
ASV_02931,0.2301970379133741,NA,2,d_UW
ASV_02952,0.48203863021721316,NA,2,d_UW
ASV_03041,0.3652438708604899,NA,2,d_UW
ASV_03042,0.3246524756916175,NA,2,d_UW
ASV_03079,0.36529946307203276,NA,2,d_UW
ASV_03083,0.0849670540647538,NA,2,d_UW
ASV_03103,0.41604585904951186,NA,2,d_UW
ASV_03252,0.4981138151388774,NA,2,d_UW
