node_id,node_name
1,ASV_00002
2,ASV_00003
3,ASV_00004
4,ASV_00005
5,ASV_00006
6,ASV_00007
7,ASV_00008
8,ASV_00009
9,ASV_00010
10,ASV_00011
11,ASV_00012
12,ASV_00013
13,ASV_00014
14,ASV_00015
15,ASV_00016
16,ASV_00018
17,ASV_00019
18,ASV_00020
19,ASV_00021
20,ASV_00022
21,ASV_00023
22,ASV_00024
23,ASV_00026
24,ASV_00027
25,ASV_00028
26,ASV_00029
27,ASV_00030
28,ASV_00031
29,ASV_00032
30,ASV_00033
31,ASV_00034
32,ASV_00035
33,ASV_00036
34,ASV_00039
35,ASV_00040
36,ASV_00041
37,ASV_00042
38,ASV_00044
39,ASV_00045
40,ASV_00046
41,ASV_00048
42,ASV_00049
43,ASV_00050
44,ASV_00051
45,ASV_00052
46,ASV_00053
47,ASV_00054
48,ASV_00055
49,ASV_00056
50,ASV_00057
51,ASV_00058
52,ASV_00059
53,ASV_00060
54,ASV_00061
55,ASV_00062
56,ASV_00063
57,ASV_00064
58,ASV_00066
59,ASV_00067
60,ASV_00069
61,ASV_00070
62,ASV_00071
63,ASV_00072
64,ASV_00074
65,ASV_00076
66,ASV_00078
67,ASV_00080
68,ASV_00081
69,ASV_00082
70,ASV_00083
71,ASV_00084
72,ASV_00085
73,ASV_00086
74,ASV_00087
75,ASV_00088
76,ASV_00089
77,ASV_00090
78,ASV_00092
79,ASV_00093
80,ASV_00094
81,ASV_00096
82,ASV_00097
83,ASV_00099
84,ASV_00100
85,ASV_00101
86,ASV_00104
87,ASV_00105
88,ASV_00106
89,ASV_00107
90,ASV_00109
91,ASV_00110
92,ASV_00112
93,ASV_00113
94,ASV_00116
95,ASV_00117
96,ASV_00118
97,ASV_00119
98,ASV_00120
99,ASV_00121
100,ASV_00123
101,ASV_00125
102,ASV_00126
103,ASV_00128
104,ASV_00130
105,ASV_00131
106,ASV_00132
107,ASV_00133
108,ASV_00134
109,ASV_00135
110,ASV_00136
111,ASV_00138
112,ASV_00139
113,ASV_00140
114,ASV_00141
115,ASV_00142
116,ASV_00143
117,ASV_00144
118,ASV_00146
119,ASV_00148
120,ASV_00149
121,ASV_00150
122,ASV_00151
123,ASV_00152
124,ASV_00155
125,ASV_00156
126,ASV_00157
127,ASV_00158
128,ASV_00159
129,ASV_00160
130,ASV_00161
131,ASV_00162
132,ASV_00163
133,ASV_00164
134,ASV_00165
135,ASV_00166
136,ASV_00167
137,ASV_00168
138,ASV_00170
139,ASV_00171
140,ASV_00172
141,ASV_00174
142,ASV_00175
143,ASV_00177
144,ASV_00179
145,ASV_00180
146,ASV_00181
147,ASV_00182
148,ASV_00185
149,ASV_00186
150,ASV_00187
151,ASV_00188
152,ASV_00190
153,ASV_00191
154,ASV_00193
155,ASV_00196
156,ASV_00197
157,ASV_00198
158,ASV_00200
159,ASV_00201
160,ASV_00202
161,ASV_00204
162,ASV_00205
163,ASV_00206
164,ASV_00207
165,ASV_00209
166,ASV_00210
167,ASV_00211
168,ASV_00215
169,ASV_00217
170,ASV_00218
171,ASV_00219
172,ASV_00221
173,ASV_00223
174,ASV_00224
175,ASV_00226
176,ASV_00229
177,ASV_00231
178,ASV_00232
179,ASV_00233
180,ASV_00235
181,ASV_00236
182,ASV_00240
183,ASV_00241
184,ASV_00242
185,ASV_00243
186,ASV_00245
187,ASV_00248
188,ASV_00249
189,ASV_00250
190,ASV_00251
191,ASV_00252
192,ASV_00254
193,ASV_00255
194,ASV_00256
195,ASV_00257
196,ASV_00258
197,ASV_00259
198,ASV_00260
199,ASV_00261
200,ASV_00262
201,ASV_00263
202,ASV_00264
203,ASV_00265
204,ASV_00267
205,ASV_00268
206,ASV_00269
207,ASV_00270
208,ASV_00274
209,ASV_00275
210,ASV_00276
211,ASV_00277
212,ASV_00280
213,ASV_00281
214,ASV_00283
215,ASV_00288
216,ASV_00289
217,ASV_00290
218,ASV_00291
219,ASV_00292
220,ASV_00293
221,ASV_00296
222,ASV_00297
223,ASV_00298
224,ASV_00299
225,ASV_00300
226,ASV_00301
227,ASV_00302
228,ASV_00303
229,ASV_00304
230,ASV_00305
231,ASV_00306
232,ASV_00309
233,ASV_00310
234,ASV_00311
235,ASV_00312
236,ASV_00313
237,ASV_00314
238,ASV_00315
239,ASV_00316
240,ASV_00318
241,ASV_00319
242,ASV_00320
243,ASV_00323
244,ASV_00324
245,ASV_00329
246,ASV_00331
247,ASV_00332
248,ASV_00333
249,ASV_00334
250,ASV_00335
251,ASV_00338
252,ASV_00339
253,ASV_00341
254,ASV_00342
255,ASV_00348
256,ASV_00349
257,ASV_00350
258,ASV_00351
259,ASV_00356
260,ASV_00360
261,ASV_00361
262,ASV_00365
263,ASV_00366
264,ASV_00367
265,ASV_00369
266,ASV_00370
267,ASV_00371
268,ASV_00372
269,ASV_00373
270,ASV_00374
271,ASV_00376
272,ASV_00377
273,ASV_00378
274,ASV_00379
275,ASV_00380
276,ASV_00382
277,ASV_00384
278,ASV_00385
279,ASV_00386
280,ASV_00387
281,ASV_00388
282,ASV_00392
283,ASV_00395
284,ASV_00397
285,ASV_00400
286,ASV_00402
287,ASV_00404
288,ASV_00406
289,ASV_00407
290,ASV_00413
291,ASV_00415
292,ASV_00416
293,ASV_00417
294,ASV_00418
295,ASV_00419
296,ASV_00420
297,ASV_00421
298,ASV_00424
299,ASV_00425
300,ASV_00426
301,ASV_00428
302,ASV_00430
303,ASV_00431
304,ASV_00434
305,ASV_00435
306,ASV_00436
307,ASV_00438
308,ASV_00439
309,ASV_00441
310,ASV_00442
311,ASV_00444
312,ASV_00446
313,ASV_00447
314,ASV_00449
315,ASV_00451
316,ASV_00452
317,ASV_00454
318,ASV_00456
319,ASV_00461
320,ASV_00463
321,ASV_00464
322,ASV_00469
323,ASV_00470
324,ASV_00471
325,ASV_00472
326,ASV_00474
327,ASV_00475
328,ASV_00477
329,ASV_00478
330,ASV_00479
331,ASV_00481
332,ASV_00483
333,ASV_00484
334,ASV_00486
335,ASV_00487
336,ASV_00490
337,ASV_00491
338,ASV_00492
339,ASV_00493
340,ASV_00494
341,ASV_00495
342,ASV_00497
343,ASV_00499
344,ASV_00502
345,ASV_00504
346,ASV_00505
347,ASV_00508
348,ASV_00509
349,ASV_00510
350,ASV_00511
351,ASV_00513
352,ASV_00515
353,ASV_00517
354,ASV_00519
355,ASV_00520
356,ASV_00522
357,ASV_00523
358,ASV_00524
359,ASV_00530
360,ASV_00531
361,ASV_00534
362,ASV_00535
363,ASV_00536
364,ASV_00538
365,ASV_00539
366,ASV_00541
367,ASV_00543
368,ASV_00545
369,ASV_00546
370,ASV_00548
371,ASV_00552
372,ASV_00554
373,ASV_00555
374,ASV_00557
375,ASV_00559
376,ASV_00563
377,ASV_00565
378,ASV_00570
379,ASV_00572
380,ASV_00573
381,ASV_00574
382,ASV_00575
383,ASV_00577
384,ASV_00579
385,ASV_00583
386,ASV_00585
387,ASV_00587
388,ASV_00588
389,ASV_00590
390,ASV_00593
391,ASV_00597
392,ASV_00598
393,ASV_00600
394,ASV_00601
395,ASV_00603
396,ASV_00605
397,ASV_00607
398,ASV_00608
399,ASV_00610
400,ASV_00611
401,ASV_00614
402,ASV_00618
403,ASV_00620
404,ASV_00621
405,ASV_00623
406,ASV_00626
407,ASV_00627
408,ASV_00629
409,ASV_00630
410,ASV_00631
411,ASV_00633
412,ASV_00634
413,ASV_00638
414,ASV_00639
415,ASV_00640
416,ASV_00641
417,ASV_00643
418,ASV_00644
419,ASV_00645
420,ASV_00646
421,ASV_00649
422,ASV_00651
423,ASV_00652
424,ASV_00654
425,ASV_00656
426,ASV_00657
427,ASV_00659
428,ASV_00661
429,ASV_00662
430,ASV_00663
431,ASV_00664
432,ASV_00666
433,ASV_00667
434,ASV_00668
435,ASV_00670
436,ASV_00671
437,ASV_00675
438,ASV_00676
439,ASV_00679
440,ASV_00682
441,ASV_00683
442,ASV_00685
443,ASV_00686
444,ASV_00688
445,ASV_00689
446,ASV_00695
447,ASV_00696
448,ASV_00698
449,ASV_00699
450,ASV_00700
451,ASV_00702
452,ASV_00704
453,ASV_00705
454,ASV_00709
455,ASV_00711
456,ASV_00712
457,ASV_00713
458,ASV_00714
459,ASV_00715
460,ASV_00718
461,ASV_00719
462,ASV_00720
463,ASV_00721
464,ASV_00723
465,ASV_00724
466,ASV_00727
467,ASV_00729
468,ASV_00735
469,ASV_00737
470,ASV_00741
471,ASV_00743
472,ASV_00746
473,ASV_00748
474,ASV_00751
475,ASV_00752
476,ASV_00753
477,ASV_00755
478,ASV_00758
479,ASV_00761
480,ASV_00763
481,ASV_00764
482,ASV_00768
483,ASV_00770
484,ASV_00772
485,ASV_00774
486,ASV_00775
487,ASV_00776
488,ASV_00781
489,ASV_00784
490,ASV_00786
491,ASV_00788
492,ASV_00792
493,ASV_00795
494,ASV_00796
495,ASV_00801
496,ASV_00805
497,ASV_00806
498,ASV_00807
499,ASV_00808
500,ASV_00810
501,ASV_00811
502,ASV_00812
503,ASV_00814
504,ASV_00827
505,ASV_00829
506,ASV_00831
507,ASV_00832
508,ASV_00833
509,ASV_00834
510,ASV_00836
511,ASV_00837
512,ASV_00843
513,ASV_00846
514,ASV_00847
515,ASV_00848
516,ASV_00850
517,ASV_00852
518,ASV_00854
519,ASV_00860
520,ASV_00861
521,ASV_00864
522,ASV_00865
523,ASV_00867
524,ASV_00868
525,ASV_00874
526,ASV_00883
527,ASV_00886
528,ASV_00888
529,ASV_00889
530,ASV_00890
531,ASV_00891
532,ASV_00897
533,ASV_00899
534,ASV_00901
535,ASV_00904
536,ASV_00907
537,ASV_00910
538,ASV_00912
539,ASV_00919
540,ASV_00920
541,ASV_00921
542,ASV_00924
543,ASV_00929
544,ASV_00930
545,ASV_00936
546,ASV_00941
547,ASV_00947
548,ASV_00958
549,ASV_00962
550,ASV_00965
551,ASV_00968
552,ASV_00973
553,ASV_00974
554,ASV_00975
555,ASV_00976
556,ASV_00978
557,ASV_00980
558,ASV_00981
559,ASV_00982
560,ASV_00983
561,ASV_00992
562,ASV_00994
563,ASV_00996
564,ASV_01001
565,ASV_01005
566,ASV_01009
567,ASV_01010
568,ASV_01021
569,ASV_01022
570,ASV_01023
571,ASV_01024
572,ASV_01027
573,ASV_01029
574,ASV_01032
575,ASV_01034
576,ASV_01036
577,ASV_01037
578,ASV_01039
579,ASV_01040
580,ASV_01045
581,ASV_01048
582,ASV_01049
583,ASV_01051
584,ASV_01054
585,ASV_01055
586,ASV_01057
587,ASV_01062
588,ASV_01069
589,ASV_01074
590,ASV_01077
591,ASV_01084
592,ASV_01090
593,ASV_01092
594,ASV_01095
595,ASV_01097
596,ASV_01099
597,ASV_01101
598,ASV_01103
599,ASV_01105
600,ASV_01106
601,ASV_01107
602,ASV_01110
603,ASV_01111
604,ASV_01113
605,ASV_01117
606,ASV_01119
607,ASV_01128
608,ASV_01131
609,ASV_01139
610,ASV_01140
611,ASV_01141
612,ASV_01142
613,ASV_01150
614,ASV_01151
615,ASV_01155
616,ASV_01157
617,ASV_01160
618,ASV_01167
619,ASV_01169
620,ASV_01177
621,ASV_01178
622,ASV_01182
623,ASV_01184
624,ASV_01188
625,ASV_01190
626,ASV_01195
627,ASV_01196
628,ASV_01198
629,ASV_01202
630,ASV_01206
631,ASV_01208
632,ASV_01209
633,ASV_01217
634,ASV_01219
635,ASV_01220
636,ASV_01223
637,ASV_01225
638,ASV_01226
639,ASV_01227
640,ASV_01229
641,ASV_01230
642,ASV_01231
643,ASV_01235
644,ASV_01236
645,ASV_01237
646,ASV_01238
647,ASV_01244
648,ASV_01245
649,ASV_01246
650,ASV_01247
651,ASV_01249
652,ASV_01256
653,ASV_01257
654,ASV_01259
655,ASV_01260
656,ASV_01261
657,ASV_01271
658,ASV_01277
659,ASV_01279
660,ASV_01281
661,ASV_01283
662,ASV_01285
663,ASV_01289
664,ASV_01290
665,ASV_01294
666,ASV_01301
667,ASV_01304
668,ASV_01307
669,ASV_01309
670,ASV_01310
671,ASV_01312
672,ASV_01313
673,ASV_01318
674,ASV_01319
675,ASV_01321
676,ASV_01324
677,ASV_01328
678,ASV_01329
679,ASV_01333
680,ASV_01334
681,ASV_01337
682,ASV_01350
683,ASV_01353
684,ASV_01363
685,ASV_01364
686,ASV_01365
687,ASV_01371
688,ASV_01376
689,ASV_01379
690,ASV_01396
691,ASV_01408
692,ASV_01435
693,ASV_01436
694,ASV_01437
695,ASV_01438
696,ASV_01439
697,ASV_01445
698,ASV_01446
699,ASV_01451
700,ASV_01455
701,ASV_01457
702,ASV_01458
703,ASV_01463
704,ASV_01468
705,ASV_01472
706,ASV_01477
707,ASV_01483
708,ASV_01485
709,ASV_01486
710,ASV_01495
711,ASV_01498
712,ASV_01500
713,ASV_01503
714,ASV_01514
715,ASV_01518
716,ASV_01519
717,ASV_01524
718,ASV_01529
719,ASV_01535
720,ASV_01538
721,ASV_01539
722,ASV_01540
723,ASV_01543
724,ASV_01546
725,ASV_01556
726,ASV_01557
727,ASV_01558
728,ASV_01565
729,ASV_01571
730,ASV_01574
731,ASV_01579
732,ASV_01581
733,ASV_01584
734,ASV_01585
735,ASV_01586
736,ASV_01587
737,ASV_01588
738,ASV_01594
739,ASV_01599
740,ASV_01603
741,ASV_01613
742,ASV_01619
743,ASV_01621
744,ASV_01622
745,ASV_01626
746,ASV_01627
747,ASV_01628
748,ASV_01633
749,ASV_01634
750,ASV_01643
751,ASV_01644
752,ASV_01647
753,ASV_01650
754,ASV_01666
755,ASV_01668
756,ASV_01675
757,ASV_01688
758,ASV_01689
759,ASV_01692
760,ASV_01695
761,ASV_01697
762,ASV_01703
763,ASV_01706
764,ASV_01716
765,ASV_01730
766,ASV_01741
767,ASV_01745
768,ASV_01775
769,ASV_01784
770,ASV_01798
771,ASV_01806
772,ASV_01808
773,ASV_01811
774,ASV_01828
775,ASV_01839
776,ASV_01846
777,ASV_01853
778,ASV_01856
779,ASV_01860
780,ASV_01861
781,ASV_01871
782,ASV_01881
783,ASV_01884
784,ASV_01889
785,ASV_01893
786,ASV_01903
787,ASV_01906
788,ASV_01914
789,ASV_01922
790,ASV_01937
791,ASV_01939
792,ASV_01940
793,ASV_01957
794,ASV_01961
795,ASV_01969
796,ASV_01973
797,ASV_01974
798,ASV_01986
799,ASV_01994
800,ASV_02007
801,ASV_02012
802,ASV_02016
803,ASV_02023
804,ASV_02034
805,ASV_02053
806,ASV_02057
807,ASV_02065
808,ASV_02083
809,ASV_02092
810,ASV_02144
811,ASV_02163
812,ASV_02168
813,ASV_02175
814,ASV_02179
815,ASV_02192
816,ASV_02197
817,ASV_02198
818,ASV_02207
819,ASV_02229
820,ASV_02232
821,ASV_02242
822,ASV_02272
823,ASV_02279
824,ASV_02325
825,ASV_02343
826,ASV_02346
827,ASV_02349
828,ASV_02358
829,ASV_02364
830,ASV_02400
831,ASV_02401
832,ASV_02458
833,ASV_02468
834,ASV_02470
835,ASV_02471
836,ASV_02513
837,ASV_02534
838,ASV_02552
839,ASV_02589
840,ASV_02599
841,ASV_02620
842,ASV_02621
843,ASV_02676
844,ASV_02764
845,ASV_02874
846,ASV_02928
847,ASV_02985
848,ASV_03042
849,ASV_03078
850,ASV_03083
851,ASV_03198
852,ASV_03200
853,ASV_03639
