node_id,module,layer_id,flow,node_name,layer_name
1,1,1,1.95613e-4,ASV_00001,IT1
1,1,2,3.73554e-4,ASV_00001,IT2
1,1,3,2.86614e-5,ASV_00001,IT3
1,1,5,7.65211e-4,ASV_00001,UK1
1,1,6,1.33964e-4,ASV_00001,UK2
2,1,1,1.39119e-4,ASV_00002,IT1
2,1,2,3.19273e-4,ASV_00002,IT2
2,1,3,5.35962e-5,ASV_00002,IT3
2,1,4,6.1885e-4,ASV_00002,FI1
2,1,5,7.09939e-4,ASV_00002,UK1
2,1,6,2.06503e-4,ASV_00002,UK2
2,1,7,2.96509e-4,ASV_00002,SE1
3,1,1,2.32498e-4,ASV_00003,IT1
3,1,2,3.30799e-4,ASV_00003,IT2
3,1,3,1.36419e-5,ASV_00003,IT3
3,1,4,2.47491e-4,ASV_00003,FI1
3,1,5,9.07977e-4,ASV_00003,UK1
3,1,6,1.62198e-4,ASV_00003,UK2
3,1,7,1.67427e-4,ASV_00003,SE1
4,1,1,3.05196e-4,ASV_00004,IT1
4,1,2,2.30265e-4,ASV_00004,IT2
4,1,3,2.9194e-5,ASV_00004,IT3
4,1,4,3.78771e-4,ASV_00004,FI1
4,1,5,7.46255e-4,ASV_00004,UK1
4,1,6,1.12075e-4,ASV_00004,UK2
4,1,7,4.06662e-4,ASV_00004,SE1
5,1,1,1.69602e-4,ASV_00005,IT1
5,1,2,3.6087e-4,ASV_00005,IT2
5,1,3,2.31762e-5,ASV_00005,IT3
5,1,4,3.39769e-4,ASV_00005,FI1
5,1,5,0.00102168,ASV_00005,UK1
5,1,6,3.64721e-4,ASV_00005,UK2
5,1,7,3.52823e-4,ASV_00005,SE1
6,1,1,2.90969e-4,ASV_00006,IT1
6,1,2,3.06672e-4,ASV_00006,IT2
6,1,3,3.84949e-5,ASV_00006,IT3
6,1,4,3.75666e-4,ASV_00006,FI1
6,1,5,6.09528e-4,ASV_00006,UK1
6,1,6,1.94199e-4,ASV_00006,UK2
6,1,7,6.3073e-4,ASV_00006,SE1
7,1,1,2.16751e-4,ASV_00007,IT1
7,1,2,2.71194e-4,ASV_00007,IT2
7,1,3,3.03921e-5,ASV_00007,IT3
7,1,4,2.48238e-4,ASV_00007,FI1
7,1,5,6.36223e-4,ASV_00007,UK1
7,1,6,1.03488e-4,ASV_00007,UK2
7,1,7,3.93014e-4,ASV_00007,SE1
8,1,1,1.52987e-4,ASV_00008,IT1
8,1,2,5.20212e-4,ASV_00008,IT2
8,1,3,3.36191e-5,ASV_00008,IT3
8,1,4,4.8247e-4,ASV_00008,FI1
8,1,5,4.12596e-4,ASV_00008,UK1
8,1,6,1.32138e-4,ASV_00008,UK2
8,1,7,4.48036e-4,ASV_00008,SE1
9,1,1,2.20245e-4,ASV_00009,IT1
9,1,2,4.60602e-4,ASV_00009,IT2
9,1,3,4.11356e-5,ASV_00009,IT3
9,1,4,0.00042628400000000003,ASV_00009,FI1
9,1,5,6.04397e-4,ASV_00009,UK1
9,1,6,2.35873e-4,ASV_00009,UK2
9,1,7,1.90841e-4,ASV_00009,SE1
10,1,1,3.00206e-4,ASV_00010,IT1
10,1,2,3.51372e-4,ASV_00010,IT2
10,1,3,4.88497e-5,ASV_00010,IT3
10,1,4,3.19541e-4,ASV_00010,FI1
10,1,5,6.36718e-4,ASV_00010,UK1
10,1,6,1.18479e-4,ASV_00010,UK2
10,1,7,4.35074e-4,ASV_00010,SE1
11,1,1,1.95333e-4,ASV_00011,IT1
11,1,2,1.89587e-4,ASV_00011,IT2
11,1,3,1.76549e-5,ASV_00011,IT3
11,1,4,5.12182e-4,ASV_00011,FI1
11,1,5,8.14743e-4,ASV_00011,UK1
11,1,6,2.17966e-4,ASV_00011,UK2
11,1,7,4.41926e-4,ASV_00011,SE1
12,1,1,2.47605e-4,ASV_00012,IT1
12,1,2,3.83007e-4,ASV_00012,IT2
12,1,4,3.73795e-4,ASV_00012,FI1
12,1,5,8.19156e-4,ASV_00012,UK1
12,1,6,2.15044e-4,ASV_00012,UK2
12,1,7,4.04971e-4,ASV_00012,SE1
13,1,1,2.56887e-4,ASV_00013,IT1
13,1,2,2.57069e-4,ASV_00013,IT2
13,1,3,1.02102e-5,ASV_00013,IT3
13,1,4,3.11234e-4,ASV_00013,FI1
13,1,5,6.33924e-4,ASV_00013,UK1
13,1,6,2.55091e-4,ASV_00013,UK2
13,1,7,2.8353e-4,ASV_00013,SE1
14,1,1,3.24505e-4,ASV_00014,IT1
14,1,2,5.55077e-4,ASV_00014,IT2
14,1,3,2.52212e-5,ASV_00014,IT3
14,1,4,1.37941e-4,ASV_00014,FI1
14,1,5,5.44291e-4,ASV_00014,UK1
14,1,6,1.42586e-4,ASV_00014,UK2
14,1,7,3.32591e-4,ASV_00014,SE1
15,1,1,2.16186e-4,ASV_00015,IT1
15,1,2,1.45203e-4,ASV_00015,IT2
15,1,3,3.42095e-5,ASV_00015,IT3
15,1,4,3.05298e-4,ASV_00015,FI1
15,1,5,5.95357e-4,ASV_00015,UK1
15,1,6,1.23464e-4,ASV_00015,UK2
15,1,7,1.33546e-4,ASV_00015,SE1
16,1,2,6.29107e-4,ASV_00016,IT2
16,1,3,7.39192e-5,ASV_00016,IT3
16,1,4,2.50119e-4,ASV_00016,FI1
16,1,5,5.83262e-4,ASV_00016,UK1
16,1,6,1.67582e-4,ASV_00016,UK2
16,1,7,3.60929e-4,ASV_00016,SE1
17,1,1,1.52163e-4,ASV_00017,IT1
17,1,2,2.48968e-4,ASV_00017,IT2
17,1,3,5.54134e-5,ASV_00017,IT3
17,1,5,5.81281e-4,ASV_00017,UK1
17,1,6,7.44484e-5,ASV_00017,UK2
18,1,1,2.33089e-4,ASV_00018,IT1
18,1,2,3.31249e-4,ASV_00018,IT2
18,1,3,1.47218e-5,ASV_00018,IT3
18,1,4,4.04526e-4,ASV_00018,FI1
18,1,5,0.00108856,ASV_00018,UK1
18,1,6,1.26678e-4,ASV_00018,UK2
18,1,7,3.54273e-4,ASV_00018,SE1
19,1,1,3.62051e-4,ASV_00019,IT1
19,1,2,4.3722e-4,ASV_00019,IT2
19,1,3,3.17315e-5,ASV_00019,IT3
19,1,4,4.9803e-4,ASV_00019,FI1
19,1,5,5.08459e-4,ASV_00019,UK1
19,1,6,1.28348e-4,ASV_00019,UK2
19,1,7,1.48111e-4,ASV_00019,SE1
20,1,1,1.82982e-4,ASV_00020,IT1
20,1,2,1.57355e-4,ASV_00020,IT2
20,1,3,4.00576e-5,ASV_00020,IT3
20,1,4,4.85282e-4,ASV_00020,FI1
20,1,5,9.42892e-4,ASV_00020,UK1
20,1,6,1.66456e-4,ASV_00020,UK2
20,1,7,2.58601e-4,ASV_00020,SE1
21,1,2,4.62746e-4,ASV_00021,IT2
21,1,3,3.90575e-5,ASV_00021,IT3
21,1,4,1.96293e-4,ASV_00021,FI1
21,1,5,7.24993e-4,ASV_00021,UK1
21,1,6,1.90463e-4,ASV_00021,UK2
21,1,7,3.29375e-4,ASV_00021,SE1
22,1,1,3.33589e-4,ASV_00022,IT1
22,1,2,5.2019e-4,ASV_00022,IT2
22,1,3,3.90129e-5,ASV_00022,IT3
22,1,4,5.25507e-4,ASV_00022,FI1
22,1,5,8.23558e-4,ASV_00022,UK1
22,1,6,2.70628e-4,ASV_00022,UK2
22,1,7,1.33802e-4,ASV_00022,SE1
23,1,1,2.6424e-4,ASV_00023,IT1
23,1,2,3.97326e-4,ASV_00023,IT2
23,1,3,2.11336e-5,ASV_00023,IT3
23,1,4,5.46837e-4,ASV_00023,FI1
23,1,5,5.68736e-4,ASV_00023,UK1
23,1,6,1.37447e-4,ASV_00023,UK2
23,1,7,4.68997e-4,ASV_00023,SE1
24,1,1,1.84245e-4,ASV_00024,IT1
24,1,2,3.74382e-4,ASV_00024,IT2
24,1,3,8.54253e-6,ASV_00024,IT3
24,1,4,2.38399e-4,ASV_00024,FI1
24,1,5,8.13441e-4,ASV_00024,UK1
24,1,6,1.88113e-4,ASV_00024,UK2
24,1,7,1.16267e-4,ASV_00024,SE1
25,1,1,1.21515e-4,ASV_00025,IT1
25,1,2,2.01765e-4,ASV_00025,IT2
25,1,3,3.4885e-5,ASV_00025,IT3
25,1,5,8.63436e-4,ASV_00025,UK1
26,1,1,2.1301e-4,ASV_00026,IT1
26,1,2,4.32689e-4,ASV_00026,IT2
26,1,3,1.34769e-5,ASV_00026,IT3
26,1,4,3.88616e-4,ASV_00026,FI1
26,1,5,6.19407e-4,ASV_00026,UK1
26,1,6,7.46451e-5,ASV_00026,UK2
26,1,7,3.1121e-4,ASV_00026,SE1
27,1,7,0.00065026700000000005,ASV_00027,SE1
28,1,1,1.86027e-4,ASV_00028,IT1
28,1,2,3.45448e-4,ASV_00028,IT2
28,1,3,4.20415e-5,ASV_00028,IT3
28,1,4,2.31926e-4,ASV_00028,FI1
28,1,5,6.13933e-4,ASV_00028,UK1
28,1,6,1.22711e-4,ASV_00028,UK2
28,1,7,4.30191e-4,ASV_00028,SE1
29,1,1,3.25368e-4,ASV_00029,IT1
29,1,2,3.28354e-4,ASV_00029,IT2
29,1,3,5.53609e-5,ASV_00029,IT3
29,1,4,1.1845e-4,ASV_00029,FI1
29,1,5,6.1845e-4,ASV_00029,UK1
29,1,6,2.3091e-4,ASV_00029,UK2
29,1,7,2.45299e-4,ASV_00029,SE1
30,1,1,1.24502e-4,ASV_00030,IT1
30,1,2,2.18237e-4,ASV_00030,IT2
30,1,3,4.86284e-5,ASV_00030,IT3
30,1,4,1.95767e-4,ASV_00030,FI1
30,1,5,7.12277e-4,ASV_00030,UK1
30,1,6,1.69289e-4,ASV_00030,UK2
30,1,7,1.99407e-4,ASV_00030,SE1
31,1,1,0.00021775900000000001,ASV_00031,IT1
31,1,2,3.33047e-4,ASV_00031,IT2
31,1,3,2.98958e-5,ASV_00031,IT3
31,1,4,3.65131e-4,ASV_00031,FI1
31,1,5,5.55707e-4,ASV_00031,UK1
31,1,6,1.22184e-4,ASV_00031,UK2
31,1,7,5.03425e-4,ASV_00031,SE1
32,1,1,2.71923e-4,ASV_00032,IT1
32,1,2,5.26853e-4,ASV_00032,IT2
32,1,3,4.51028e-5,ASV_00032,IT3
32,1,4,2.07864e-4,ASV_00032,FI1
32,1,5,7.14768e-4,ASV_00032,UK1
32,1,6,1.30204e-4,ASV_00032,UK2
32,1,7,3.90953e-4,ASV_00032,SE1
33,1,1,3.51355e-4,ASV_00033,IT1
33,1,2,2.83855e-4,ASV_00033,IT2
33,1,3,2.59984e-5,ASV_00033,IT3
33,1,4,1.81704e-4,ASV_00033,FI1
33,1,5,6.76689e-4,ASV_00033,UK1
33,1,6,1.35551e-4,ASV_00033,UK2
33,1,7,1.79655e-4,ASV_00033,SE1
34,1,1,2.83282e-4,ASV_00034,IT1
34,1,2,1.1735e-4,ASV_00034,IT2
34,1,3,4.07289e-5,ASV_00034,IT3
34,1,4,3.00071e-4,ASV_00034,FI1
34,1,5,7.65357e-4,ASV_00034,UK1
34,1,6,9.69055e-5,ASV_00034,UK2
34,1,7,2.98163e-4,ASV_00034,SE1
35,1,1,2.76608e-4,ASV_00035,IT1
35,1,2,3.92434e-4,ASV_00035,IT2
35,1,3,4.63797e-5,ASV_00035,IT3
35,1,4,3.81858e-4,ASV_00035,FI1
35,1,5,7.16774e-4,ASV_00035,UK1
35,1,6,1.58437e-4,ASV_00035,UK2
35,1,7,2.57643e-4,ASV_00035,SE1
36,1,1,9.63885e-5,ASV_00036,IT1
36,1,2,3.23307e-4,ASV_00036,IT2
36,1,3,3.4179e-5,ASV_00036,IT3
36,1,4,4.38866e-4,ASV_00036,FI1
36,1,5,6.54069e-4,ASV_00036,UK1
36,1,6,1.5222e-4,ASV_00036,UK2
36,1,7,3.41545e-4,ASV_00036,SE1
37,1,1,2.99097e-4,ASV_00037,IT1
37,1,2,5.13396e-4,ASV_00037,IT2
37,1,3,3.05158e-5,ASV_00037,IT3
37,1,5,8.75614e-4,ASV_00037,UK1
37,1,6,2.31534e-4,ASV_00037,UK2
37,1,7,3.52947e-4,ASV_00037,SE1
38,1,1,3.08672e-4,ASV_00038,IT1
38,1,2,4.39745e-4,ASV_00038,IT2
38,1,3,3.81181e-5,ASV_00038,IT3
38,1,5,5.88343e-4,ASV_00038,UK1
38,1,6,1.09275e-4,ASV_00038,UK2
39,1,2,2.86429e-4,ASV_00039,IT2
39,1,4,2.31366e-4,ASV_00039,FI1
39,1,5,8.01593e-4,ASV_00039,UK1
39,1,6,1.02708e-4,ASV_00039,UK2
39,1,7,3.46939e-4,ASV_00039,SE1
40,1,1,1.46749e-4,ASV_00040,IT1
40,1,2,3.2879e-4,ASV_00040,IT2
40,1,3,2.87064e-5,ASV_00040,IT3
40,1,4,3.61727e-4,ASV_00040,FI1
40,1,5,9.12552e-4,ASV_00040,UK1
40,1,6,1.41982e-4,ASV_00040,UK2
40,1,7,2.28483e-4,ASV_00040,SE1
41,1,1,1.77052e-4,ASV_00041,IT1
41,1,2,3.17148e-4,ASV_00041,IT2
41,1,3,3.27729e-5,ASV_00041,IT3
41,1,5,5.41635e-4,ASV_00041,UK1
41,1,6,1.48812e-4,ASV_00041,UK2
41,1,7,4.02357e-4,ASV_00041,SE1
42,1,1,1.49521e-4,ASV_00042,IT1
42,1,2,3.05122e-4,ASV_00042,IT2
42,1,3,3.87219e-5,ASV_00042,IT3
42,1,4,1.53749e-4,ASV_00042,FI1
42,1,5,6.64864e-4,ASV_00042,UK1
42,1,6,1.88717e-4,ASV_00042,UK2
42,1,7,3.36014e-4,ASV_00042,SE1
43,1,1,3.19215e-4,ASV_00043,IT1
43,1,2,4.59923e-4,ASV_00043,IT2
43,1,3,1.85312e-5,ASV_00043,IT3
43,1,5,8.59634e-4,ASV_00043,UK1
43,1,6,2.28057e-4,ASV_00043,UK2
44,1,1,2.52146e-4,ASV_00044,IT1
44,1,2,3.06456e-4,ASV_00044,IT2
44,1,4,5.20127e-4,ASV_00044,FI1
44,1,5,5.53601e-4,ASV_00044,UK1
44,1,6,1.23537e-4,ASV_00044,UK2
44,1,7,3.55132e-4,ASV_00044,SE1
45,1,1,2.74021e-4,ASV_00045,IT1
45,1,2,3.5306e-4,ASV_00045,IT2
45,1,4,4.01842e-4,ASV_00045,FI1
45,1,5,5.48532e-4,ASV_00045,UK1
45,1,6,1.71006e-4,ASV_00045,UK2
45,1,7,7.69006e-5,ASV_00045,SE1
46,1,1,1.3695e-4,ASV_00046,IT1
46,1,2,5.03319e-4,ASV_00046,IT2
46,1,3,3.13322e-5,ASV_00046,IT3
46,1,4,4.42029e-4,ASV_00046,FI1
46,1,5,9.13915e-4,ASV_00046,UK1
46,1,6,1.13578e-4,ASV_00046,UK2
46,1,7,2.43227e-4,ASV_00046,SE1
47,1,1,2.58065e-4,ASV_00047,IT1
47,1,2,3.57758e-4,ASV_00047,IT2
47,1,3,3.50183e-5,ASV_00047,IT3
47,1,5,8.19202e-4,ASV_00047,UK1
48,1,1,1.82132e-4,ASV_00048,IT1
48,1,2,4.79857e-4,ASV_00048,IT2
48,1,3,1.71286e-5,ASV_00048,IT3
48,1,4,2.03046e-4,ASV_00048,FI1
48,1,5,8.30835e-4,ASV_00048,UK1
48,1,6,1.61928e-4,ASV_00048,UK2
48,1,7,2.74367e-4,ASV_00048,SE1
49,1,1,1.01205e-4,ASV_00049,IT1
49,1,2,2.0184e-4,ASV_00049,IT2
49,1,3,1.98959e-5,ASV_00049,IT3
49,1,5,7.81921e-4,ASV_00049,UK1
49,1,6,1.79705e-4,ASV_00049,UK2
49,1,7,2.90888e-4,ASV_00049,SE1
50,1,2,4.58458e-4,ASV_00050,IT2
50,1,3,4.76801e-5,ASV_00050,IT3
50,1,4,2.8014e-4,ASV_00050,FI1
50,1,5,6.55357e-4,ASV_00050,UK1
50,1,6,1.17137e-4,ASV_00050,UK2
50,1,7,1.69404e-4,ASV_00050,SE1
51,1,1,3.00219e-4,ASV_00051,IT1
51,1,2,4.03433e-4,ASV_00051,IT2
51,1,3,4.4754e-5,ASV_00051,IT3
51,1,4,1.93659e-4,ASV_00051,FI1
51,1,5,6.5716e-4,ASV_00051,UK1
51,1,6,2.44498e-4,ASV_00051,UK2
51,1,7,4.25933e-4,ASV_00051,SE1
52,1,2,1.44881e-4,ASV_00052,IT2
52,1,3,1.94309e-5,ASV_00052,IT3
52,1,4,3.63868e-4,ASV_00052,FI1
52,1,5,8.2233e-4,ASV_00052,UK1
52,1,6,2.95795e-4,ASV_00052,UK2
52,1,7,2.49477e-4,ASV_00052,SE1
53,1,1,2.59005e-4,ASV_00053,IT1
53,1,2,2.5216e-4,ASV_00053,IT2
53,1,3,2.9376e-5,ASV_00053,IT3
53,1,4,3.0718e-4,ASV_00053,FI1
53,1,5,2.15988e-4,ASV_00053,UK1
53,1,6,1.46294e-4,ASV_00053,UK2
53,1,7,1.92993e-4,ASV_00053,SE1
54,1,1,1.90847e-4,ASV_00054,IT1
54,1,2,2.80373e-4,ASV_00054,IT2
54,1,3,1.59339e-5,ASV_00054,IT3
54,1,4,3.23693e-4,ASV_00054,FI1
54,1,5,8.29805e-4,ASV_00054,UK1
54,1,6,1.25354e-4,ASV_00054,UK2
54,1,7,5.19739e-4,ASV_00054,SE1
55,1,1,3.46577e-4,ASV_00055,IT1
55,1,2,3.69576e-4,ASV_00055,IT2
55,1,3,1.17638e-5,ASV_00055,IT3
55,1,4,3.84182e-4,ASV_00055,FI1
55,1,5,8.35443e-4,ASV_00055,UK1
55,1,6,1.74122e-4,ASV_00055,UK2
55,1,7,3.8873e-4,ASV_00055,SE1
56,1,1,3.10954e-4,ASV_00056,IT1
56,1,2,2.86892e-4,ASV_00056,IT2
56,1,3,2.76056e-5,ASV_00056,IT3
56,1,4,2.61069e-4,ASV_00056,FI1
56,1,5,8.72903e-4,ASV_00056,UK1
56,1,6,1.78519e-4,ASV_00056,UK2
56,1,7,1.18824e-4,ASV_00056,SE1
57,1,1,1.21923e-4,ASV_00057,IT1
57,1,2,3.27487e-4,ASV_00057,IT2
57,1,3,2.02441e-5,ASV_00057,IT3
57,1,4,2.78479e-4,ASV_00057,FI1
57,1,5,7.57042e-4,ASV_00057,UK1
57,1,6,1.87481e-4,ASV_00057,UK2
57,1,7,5.70128e-4,ASV_00057,SE1
58,1,1,2.94541e-4,ASV_00058,IT1
58,1,2,3.4365e-4,ASV_00058,IT2
58,1,3,3.68904e-5,ASV_00058,IT3
58,1,4,2.19208e-4,ASV_00058,FI1
58,1,5,6.65622e-4,ASV_00058,UK1
58,1,6,1.88437e-4,ASV_00058,UK2
58,1,7,2.31712e-4,ASV_00058,SE1
59,1,1,2.33694e-4,ASV_00059,IT1
59,1,2,4.49801e-4,ASV_00059,IT2
59,1,3,1.6341e-5,ASV_00059,IT3
59,1,4,3.34005e-4,ASV_00059,FI1
59,1,5,6.01484e-4,ASV_00059,UK1
59,1,6,1.33468e-4,ASV_00059,UK2
59,1,7,4.1386e-4,ASV_00059,SE1
60,1,2,3.27056e-4,ASV_00060,IT2
60,1,4,3.35286e-4,ASV_00060,FI1
60,1,5,8.02431e-4,ASV_00060,UK1
60,1,6,2.20389e-4,ASV_00060,UK2
60,1,7,5.15632e-4,ASV_00060,SE1
61,1,2,3.80495e-4,ASV_00061,IT2
61,1,4,3.17391e-4,ASV_00061,FI1
61,1,5,5.94619e-4,ASV_00061,UK1
61,1,6,2.65083e-4,ASV_00061,UK2
61,1,7,3.64649e-4,ASV_00061,SE1
62,1,1,2.51842e-4,ASV_00062,IT1
62,1,2,4.55994e-4,ASV_00062,IT2
62,1,3,3.11547e-5,ASV_00062,IT3
62,1,4,2.88276e-4,ASV_00062,FI1
62,1,5,5.52652e-4,ASV_00062,UK1
62,1,6,1.05373e-4,ASV_00062,UK2
62,1,7,2.22848e-4,ASV_00062,SE1
63,1,1,2.88555e-4,ASV_00063,IT1
63,1,2,2.52011e-4,ASV_00063,IT2
63,1,3,4.75697e-5,ASV_00063,IT3
63,1,4,2.11026e-4,ASV_00063,FI1
63,1,5,5.04041e-4,ASV_00063,UK1
63,1,6,1.61225e-4,ASV_00063,UK2
63,1,7,1.37606e-4,ASV_00063,SE1
64,1,1,1.95161e-4,ASV_00064,IT1
64,1,2,2.32036e-4,ASV_00064,IT2
64,1,3,3.43671e-5,ASV_00064,IT3
64,1,4,3.34603e-4,ASV_00064,FI1
64,1,5,9.30792e-4,ASV_00064,UK1
64,1,6,1.89081e-4,ASV_00064,UK2
64,1,7,4.97521e-4,ASV_00064,SE1
65,1,1,2.14169e-4,ASV_00065,IT1
65,1,2,5.43807e-4,ASV_00065,IT2
65,1,3,3.47967e-5,ASV_00065,IT3
65,1,5,8.89964e-4,ASV_00065,UK1
66,1,2,4.87216e-4,ASV_00066,IT2
66,1,4,1.87879e-4,ASV_00066,FI1
66,1,5,5.42061e-4,ASV_00066,UK1
66,1,6,1.89588e-4,ASV_00066,UK2
66,1,7,4.28003e-4,ASV_00066,SE1
67,1,1,2.71251e-4,ASV_00067,IT1
67,1,2,5.56038e-4,ASV_00067,IT2
67,1,3,2.55476e-5,ASV_00067,IT3
67,1,4,4.48829e-4,ASV_00067,FI1
67,1,5,5.01328e-4,ASV_00067,UK1
67,1,6,2.30521e-4,ASV_00067,UK2
67,1,7,4.90848e-4,ASV_00067,SE1
68,1,1,2.4948e-4,ASV_00068,IT1
68,1,2,4.03702e-4,ASV_00068,IT2
68,1,3,4.03779e-5,ASV_00068,IT3
68,1,5,8.92267e-4,ASV_00068,UK1
68,1,6,1.44621e-4,ASV_00068,UK2
69,1,2,3.93939e-4,ASV_00069,IT2
69,1,3,4.13529e-5,ASV_00069,IT3
69,1,4,1.81862e-4,ASV_00069,FI1
69,1,5,8.17638e-4,ASV_00069,UK1
69,1,6,1.0508e-4,ASV_00069,UK2
69,1,7,2.17317e-4,ASV_00069,SE1
70,1,1,3.5533e-4,ASV_00070,IT1
70,1,2,1.97891e-4,ASV_00070,IT2
70,1,3,3.26174e-5,ASV_00070,IT3
70,1,4,1.82071e-4,ASV_00070,FI1
70,1,5,7.77823e-4,ASV_00070,UK1
70,1,6,2.00052e-4,ASV_00070,UK2
70,1,7,6.51305e-4,ASV_00070,SE1
71,1,1,2.93227e-4,ASV_00071,IT1
71,1,2,3.76157e-4,ASV_00071,IT2
71,1,3,6.11497e-6,ASV_00071,IT3
71,1,4,3.82407e-4,ASV_00071,FI1
71,1,5,6.94613e-4,ASV_00071,UK1
71,1,6,2.10634e-4,ASV_00071,UK2
71,1,7,4.17671e-4,ASV_00071,SE1
72,1,2,2.04267e-4,ASV_00072,IT2
72,1,5,7.77489e-4,ASV_00072,UK1
72,1,6,2.46821e-4,ASV_00072,UK2
73,1,1,2.85363e-4,ASV_00073,IT1
73,1,2,2.60999e-4,ASV_00073,IT2
73,1,3,2.31149e-5,ASV_00073,IT3
73,1,5,7.32315e-4,ASV_00073,UK1
73,1,6,1.95003e-4,ASV_00073,UK2
74,1,2,3.11132e-4,ASV_00074,IT2
74,1,5,6.9358e-4,ASV_00074,UK1
74,1,6,1.75269e-4,ASV_00074,UK2
74,1,7,2.8669e-4,ASV_00074,SE1
75,1,1,2.5197e-4,ASV_00075,IT1
75,1,2,3.67432e-4,ASV_00075,IT2
75,1,3,5.40167e-5,ASV_00075,IT3
75,1,5,7.30343e-4,ASV_00075,UK1
75,1,6,1.55216e-4,ASV_00075,UK2
76,1,1,2.16341e-4,ASV_00076,IT1
76,1,2,4.39379e-4,ASV_00076,IT2
76,1,3,1.55709e-5,ASV_00076,IT3
76,1,4,3.42199e-4,ASV_00076,FI1
76,1,5,9.62203e-4,ASV_00076,UK1
76,1,6,3.10158e-4,ASV_00076,UK2
76,1,7,2.53675e-4,ASV_00076,SE1
77,1,1,1.92668e-4,ASV_00077,IT1
77,1,2,2.90833e-4,ASV_00077,IT2
77,1,3,2.28277e-5,ASV_00077,IT3
78,1,1,2.63298e-4,ASV_00078,IT1
78,1,2,4.19661e-4,ASV_00078,IT2
78,1,3,1.16686e-5,ASV_00078,IT3
78,1,4,1.71396e-4,ASV_00078,FI1
78,1,5,7.59255e-4,ASV_00078,UK1
78,1,6,1.65027e-4,ASV_00078,UK2
78,1,7,4.30759e-4,ASV_00078,SE1
79,1,1,3.14175e-4,ASV_00079,IT1
79,1,2,3.92539e-4,ASV_00079,IT2
79,1,3,5.55031e-5,ASV_00079,IT3
79,1,5,6.78746e-4,ASV_00079,UK1
79,1,6,2.08916e-4,ASV_00079,UK2
80,1,2,6.77809e-4,ASV_00080,IT2
80,1,3,6.55542e-5,ASV_00080,IT3
80,1,4,2.60593e-4,ASV_00080,FI1
80,1,5,8.31714e-4,ASV_00080,UK1
80,1,6,1.71506e-4,ASV_00080,UK2
80,1,7,4.86426e-4,ASV_00080,SE1
81,1,1,3.39328e-4,ASV_00081,IT1
81,1,2,4.77295e-4,ASV_00081,IT2
81,1,3,3.86634e-5,ASV_00081,IT3
81,1,4,3.29324e-4,ASV_00081,FI1
81,1,5,8.98266e-4,ASV_00081,UK1
81,1,6,1.4286e-4,ASV_00081,UK2
81,1,7,2.33698e-4,ASV_00081,SE1
82,1,5,4.10312e-4,ASV_00082,UK1
82,1,6,1.1284e-4,ASV_00082,UK2
82,1,7,4.46252e-4,ASV_00082,SE1
83,1,1,2.98389e-4,ASV_00083,IT1
83,1,2,4.28595e-4,ASV_00083,IT2
83,1,3,9.41845e-6,ASV_00083,IT3
83,1,4,3.54088e-4,ASV_00083,FI1
83,1,5,0.00054615900000000005,ASV_00083,UK1
83,1,6,1.86032e-4,ASV_00083,UK2
83,1,7,3.28487e-4,ASV_00083,SE1
84,1,1,2.4603e-4,ASV_00084,IT1
84,1,2,3.25115e-4,ASV_00084,IT2
84,1,3,5.80333e-5,ASV_00084,IT3
84,1,4,2.87444e-4,ASV_00084,FI1
84,1,5,5.5941e-4,ASV_00084,UK1
84,1,6,1.69395e-4,ASV_00084,UK2
84,1,7,2.24142e-4,ASV_00084,SE1
85,1,2,2.02742e-4,ASV_00085,IT2
85,1,4,2.71387e-4,ASV_00085,FI1
85,1,5,9.02303e-4,ASV_00085,UK1
85,1,6,2.34158e-4,ASV_00085,UK2
85,1,7,2.46181e-4,ASV_00085,SE1
86,1,1,3.06668e-4,ASV_00086,IT1
86,1,2,3.91371e-4,ASV_00086,IT2
86,1,3,2.8793e-5,ASV_00086,IT3
86,1,4,1.90686e-4,ASV_00086,FI1
86,1,5,6.13033e-4,ASV_00086,UK1
86,1,6,1.00398e-4,ASV_00086,UK2
86,1,7,1.65575e-4,ASV_00086,SE1
87,1,1,1.95934e-4,ASV_00087,IT1
87,1,2,4.37512e-4,ASV_00087,IT2
87,1,3,1.70318e-5,ASV_00087,IT3
87,1,4,4.4515e-4,ASV_00087,FI1
87,1,5,5.90798e-4,ASV_00087,UK1
87,1,6,1.68109e-4,ASV_00087,UK2
87,1,7,4.01963e-4,ASV_00087,SE1
88,1,1,2.0148e-4,ASV_00088,IT1
88,1,2,5.75525e-4,ASV_00088,IT2
88,1,5,4.85831e-4,ASV_00088,UK1
88,1,6,1.18571e-4,ASV_00088,UK2
88,1,7,4.07846e-4,ASV_00088,SE1
89,1,1,2.64161e-4,ASV_00089,IT1
89,1,2,7.18407e-4,ASV_00089,IT2
89,1,3,6.02884e-5,ASV_00089,IT3
89,1,5,8.23905e-4,ASV_00089,UK1
89,1,6,2.34119e-4,ASV_00089,UK2
90,1,1,2.63388e-4,ASV_00090,IT1
90,1,2,4.57219e-4,ASV_00090,IT2
90,1,3,2.9035e-5,ASV_00090,IT3
90,1,4,1.88266e-4,ASV_00090,FI1
90,1,5,7.87708e-4,ASV_00090,UK1
90,1,6,1.80397e-4,ASV_00090,UK2
90,1,7,2.5581e-4,ASV_00090,SE1
91,1,1,1.43865e-4,ASV_00091,IT1
91,1,2,4.82051e-4,ASV_00091,IT2
91,1,3,4.88926e-5,ASV_00091,IT3
91,1,5,8.54991e-4,ASV_00091,UK1
91,1,6,1.41594e-4,ASV_00091,UK2
92,1,1,2.3511e-4,ASV_00092,IT1
92,1,2,2.96945e-4,ASV_00092,IT2
92,1,3,3.98262e-5,ASV_00092,IT3
92,1,4,3.1961e-4,ASV_00092,FI1
92,1,5,6.10086e-4,ASV_00092,UK1
92,1,6,1.32991e-4,ASV_00092,UK2
92,1,7,3.84922e-4,ASV_00092,SE1
93,1,1,2.20561e-4,ASV_00093,IT1
93,1,2,4.12681e-4,ASV_00093,IT2
93,1,4,3.11984e-4,ASV_00093,FI1
93,1,5,5.26354e-4,ASV_00093,UK1
93,1,6,3.02258e-4,ASV_00093,UK2
93,1,7,2.11583e-4,ASV_00093,SE1
94,1,2,3.43174e-4,ASV_00094,IT2
94,1,4,2.71894e-4,ASV_00094,FI1
94,1,5,6.9895e-4,ASV_00094,UK1
94,1,6,1.70245e-4,ASV_00094,UK2
94,1,7,2.01979e-4,ASV_00094,SE1
95,1,1,3.4089e-4,ASV_00095,IT1
95,1,2,3.61899e-4,ASV_00095,IT2
95,1,3,5.6702e-5,ASV_00095,IT3
95,1,5,7.538e-4,ASV_00095,UK1
95,1,6,1.43421e-4,ASV_00095,UK2
95,1,7,2.27626e-4,ASV_00095,SE1
96,1,1,1.93029e-4,ASV_00096,IT1
96,1,2,6.50489e-4,ASV_00096,IT2
96,1,3,3.59257e-5,ASV_00096,IT3
96,1,4,1.52521e-4,ASV_00096,FI1
96,1,5,7.71709e-4,ASV_00096,UK1
96,1,6,1.21304e-4,ASV_00096,UK2
96,1,7,2.51048e-4,ASV_00096,SE1
97,1,1,2.28017e-4,ASV_00097,IT1
97,1,2,1.82604e-4,ASV_00097,IT2
97,1,3,2.04952e-5,ASV_00097,IT3
97,1,5,0.00105428,ASV_00097,UK1
97,1,6,1.61117e-4,ASV_00097,UK2
97,1,7,4.9568e-4,ASV_00097,SE1
98,1,1,2.41443e-4,ASV_00098,IT1
98,1,2,3.0989e-4,ASV_00098,IT2
98,1,3,6.47475e-5,ASV_00098,IT3
98,1,5,7.02778e-4,ASV_00098,UK1
99,1,1,3.56316e-4,ASV_00099,IT1
99,1,2,3.46351e-4,ASV_00099,IT2
99,1,4,4.79218e-4,ASV_00099,FI1
99,1,5,9.2911e-4,ASV_00099,UK1
99,1,6,1.777e-4,ASV_00099,UK2
100,1,2,3.5215e-4,ASV_00100,IT2
100,1,3,7.32019e-5,ASV_00100,IT3
100,1,4,4.02133e-4,ASV_00100,FI1
100,1,5,7.95057e-4,ASV_00100,UK1
100,1,6,1.36287e-4,ASV_00100,UK2
100,1,7,3.9946e-4,ASV_00100,SE1
101,1,1,1.15329e-4,ASV_00101,IT1
101,1,2,2.42772e-4,ASV_00101,IT2
101,1,4,4.49651e-4,ASV_00101,FI1
101,1,5,9.4478e-4,ASV_00101,UK1
101,1,6,1.76929e-4,ASV_00101,UK2
101,1,7,2.88625e-4,ASV_00101,SE1
102,1,1,3.44186e-4,ASV_00102,IT1
102,1,2,3.48197e-4,ASV_00102,IT2
102,1,3,6.58046e-5,ASV_00102,IT3
102,1,5,7.00037e-4,ASV_00102,UK1
102,1,6,9.44102e-5,ASV_00102,UK2
103,1,1,2.11744e-4,ASV_00103,IT1
103,1,2,4.63226e-4,ASV_00103,IT2
103,1,3,1.50213e-5,ASV_00103,IT3
103,1,5,7.67872e-4,ASV_00103,UK1
103,1,6,2.4925e-4,ASV_00103,UK2
104,1,2,5.51329e-4,ASV_00104,IT2
104,1,3,5.35863e-5,ASV_00104,IT3
104,1,4,2.533e-4,ASV_00104,FI1
104,1,5,5.35263e-4,ASV_00104,UK1
104,1,6,2.01347e-4,ASV_00104,UK2
104,1,7,3.79678e-4,ASV_00104,SE1
105,1,1,1.72862e-4,ASV_00105,IT1
105,1,2,4.36265e-4,ASV_00105,IT2
105,1,3,2.74397e-5,ASV_00105,IT3
105,1,4,3.11748e-4,ASV_00105,FI1
105,1,5,3.21e-4,ASV_00105,UK1
105,1,6,8.83715e-5,ASV_00105,UK2
105,1,7,3.63466e-4,ASV_00105,SE1
106,1,1,2.22566e-4,ASV_00106,IT1
106,1,2,4.84021e-4,ASV_00106,IT2
106,1,4,2.96722e-4,ASV_00106,FI1
106,1,5,7.59785e-4,ASV_00106,UK1
106,1,6,2.85087e-4,ASV_00106,UK2
106,1,7,2.31434e-4,ASV_00106,SE1
107,1,1,3.63678e-4,ASV_00107,IT1
107,1,2,5.71031e-4,ASV_00107,IT2
107,1,3,2.35758e-5,ASV_00107,IT3
107,1,4,2.43248e-4,ASV_00107,FI1
107,1,5,4.33039e-4,ASV_00107,UK1
107,1,6,1.47761e-4,ASV_00107,UK2
107,1,7,3.78825e-4,ASV_00107,SE1
108,1,2,2.49208e-4,ASV_00108,IT2
108,1,5,6.91067e-4,ASV_00108,UK1
108,1,6,1.81057e-4,ASV_00108,UK2
109,1,2,4.39912e-4,ASV_00109,IT2
109,1,4,3.59953e-4,ASV_00109,FI1
109,1,5,5.96586e-4,ASV_00109,UK1
109,1,6,1.75715e-4,ASV_00109,UK2
109,1,7,2.69271e-4,ASV_00109,SE1
110,1,1,3.90508e-4,ASV_00110,IT1
110,1,2,3.31054e-4,ASV_00110,IT2
110,1,5,7.42163e-4,ASV_00110,UK1
110,1,6,1.71096e-4,ASV_00110,UK2
110,1,7,3.02619e-4,ASV_00110,SE1
111,1,1,3.75516e-4,ASV_00111,IT1
111,1,2,3.41815e-4,ASV_00111,IT2
111,1,3,1.48554e-5,ASV_00111,IT3
111,1,5,9.50188e-4,ASV_00111,UK1
112,1,1,1.96749e-4,ASV_00112,IT1
112,1,2,3.59479e-4,ASV_00112,IT2
112,1,3,6.78008e-5,ASV_00112,IT3
112,1,4,4.56284e-4,ASV_00112,FI1
112,1,5,6.39773e-4,ASV_00112,UK1
112,1,6,6.64201e-5,ASV_00112,UK2
112,1,7,3.80935e-4,ASV_00112,SE1
113,1,1,2.32815e-4,ASV_00113,IT1
113,1,2,3.09632e-4,ASV_00113,IT2
113,1,3,4.78725e-5,ASV_00113,IT3
113,1,4,2.25807e-4,ASV_00113,FI1
113,1,5,8.00279e-4,ASV_00113,UK1
113,1,6,1.15848e-4,ASV_00113,UK2
113,1,7,3.14752e-4,ASV_00113,SE1
114,1,1,3.69918e-4,ASV_00114,IT1
115,1,2,3.31083e-4,ASV_00115,IT2
115,1,5,4.87469e-4,ASV_00115,UK1
116,1,1,2.57074e-4,ASV_00116,IT1
116,1,2,3.41068e-4,ASV_00116,IT2
116,1,3,2.56195e-5,ASV_00116,IT3
116,1,4,4.71282e-4,ASV_00116,FI1
116,1,5,6.98424e-4,ASV_00116,UK1
116,1,6,2.14603e-4,ASV_00116,UK2
116,1,7,5.15133e-4,ASV_00116,SE1
117,1,1,2.54753e-4,ASV_00117,IT1
117,1,2,3.31367e-4,ASV_00117,IT2
117,1,3,5.04177e-5,ASV_00117,IT3
117,1,4,4.80329e-4,ASV_00117,FI1
117,1,5,6.19184e-4,ASV_00117,UK1
117,1,6,1.59788e-4,ASV_00117,UK2
118,1,1,3.18086e-4,ASV_00118,IT1
118,1,2,3.86523e-4,ASV_00118,IT2
118,1,4,5.32719e-4,ASV_00118,FI1
118,1,5,4.15958e-4,ASV_00118,UK1
118,1,6,1.95457e-4,ASV_00118,UK2
118,1,7,2.63713e-4,ASV_00118,SE1
119,1,2,2.95062e-4,ASV_00119,IT2
119,1,3,4.08346e-5,ASV_00119,IT3
119,1,4,3.40077e-4,ASV_00119,FI1
119,1,5,8.82796e-4,ASV_00119,UK1
119,1,6,1.8583e-4,ASV_00119,UK2
120,1,1,1.49654e-4,ASV_00120,IT1
120,1,2,3.23369e-4,ASV_00120,IT2
120,1,5,3.98117e-4,ASV_00120,UK1
120,1,6,7.91289e-5,ASV_00120,UK2
120,1,7,2.34801e-4,ASV_00120,SE1
121,1,4,1.77727e-4,ASV_00121,FI1
121,1,5,8.98189e-4,ASV_00121,UK1
121,1,6,1.3686e-4,ASV_00121,UK2
122,1,1,2.04393e-4,ASV_00122,IT1
122,1,2,3.93371e-4,ASV_00122,IT2
122,1,3,6.01506e-5,ASV_00122,IT3
122,1,5,8.71318e-4,ASV_00122,UK1
123,1,2,2.5853e-4,ASV_00123,IT2
123,1,4,2.74309e-4,ASV_00123,FI1
123,1,5,6.62967e-4,ASV_00123,UK1
123,1,6,1.17687e-4,ASV_00123,UK2
123,1,7,2.20204e-4,ASV_00123,SE1
124,1,1,1.77469e-4,ASV_00125,IT1
124,1,2,4.64491e-4,ASV_00125,IT2
124,1,4,2.89828e-4,ASV_00125,FI1
124,1,5,8.20611e-4,ASV_00125,UK1
124,1,6,1.96879e-4,ASV_00125,UK2
124,1,7,2.76015e-4,ASV_00125,SE1
125,1,4,3.32227e-4,ASV_00126,FI1
125,1,5,6.47669e-4,ASV_00126,UK1
125,1,6,1.86747e-4,ASV_00126,UK2
125,1,7,1.37672e-4,ASV_00126,SE1
126,1,1,1.716e-4,ASV_00127,IT1
126,1,2,1.49002e-4,ASV_00127,IT2
126,1,3,3.22836e-5,ASV_00127,IT3
126,1,5,8.1014e-4,ASV_00127,UK1
126,1,6,2.42882e-4,ASV_00127,UK2
127,1,1,2.83935e-4,ASV_00128,IT1
127,1,2,3.56797e-4,ASV_00128,IT2
127,1,3,6.47326e-5,ASV_00128,IT3
127,1,4,3.56268e-4,ASV_00128,FI1
127,1,5,6.05189e-4,ASV_00128,UK1
127,1,6,2.22494e-4,ASV_00128,UK2
127,1,7,1.81335e-4,ASV_00128,SE1
128,1,1,1.85979e-4,ASV_00129,IT1
128,1,2,3.65825e-4,ASV_00129,IT2
128,1,3,4.80979e-5,ASV_00129,IT3
128,1,5,3.62178e-4,ASV_00129,UK1
128,1,6,1.64681e-4,ASV_00129,UK2
129,1,1,3.66956e-4,ASV_00130,IT1
129,1,2,4.58383e-4,ASV_00130,IT2
129,1,3,4.02577e-5,ASV_00130,IT3
129,1,4,2.53805e-4,ASV_00130,FI1
129,1,5,5.73865e-4,ASV_00130,UK1
129,1,6,1.80757e-4,ASV_00130,UK2
130,1,1,2.27581e-4,ASV_00131,IT1
130,1,2,2.58922e-4,ASV_00131,IT2
130,1,3,3.48776e-5,ASV_00131,IT3
130,1,4,3.3216e-4,ASV_00131,FI1
130,1,5,9.09218e-4,ASV_00131,UK1
130,1,6,1.36309e-4,ASV_00131,UK2
130,1,7,4.67821e-4,ASV_00131,SE1
131,1,2,4.26697e-4,ASV_00132,IT2
131,1,5,6.64398e-4,ASV_00132,UK1
131,1,6,1.77661e-4,ASV_00132,UK2
132,1,1,2.23158e-4,ASV_00133,IT1
132,1,2,3.25906e-4,ASV_00133,IT2
132,1,3,4.58171e-5,ASV_00133,IT3
132,1,4,1.79059e-4,ASV_00133,FI1
132,1,5,4.48029e-4,ASV_00133,UK1
132,1,6,1.13832e-4,ASV_00133,UK2
133,1,4,2.79881e-4,ASV_00134,FI1
133,1,5,2.86451e-4,ASV_00134,UK1
133,1,6,2.53132e-4,ASV_00134,UK2
133,1,7,2.73444e-4,ASV_00134,SE1
134,1,3,1.49786e-5,ASV_00135,IT3
134,1,4,2.56337e-4,ASV_00135,FI1
134,1,5,7.5429e-4,ASV_00135,UK1
134,1,6,1.1497e-4,ASV_00135,UK2
134,1,7,3.2415e-4,ASV_00135,SE1
135,1,1,2.49574e-4,ASV_00136,IT1
135,1,2,4.58911e-4,ASV_00136,IT2
135,1,3,3.75844e-5,ASV_00136,IT3
135,1,4,2.96433e-4,ASV_00136,FI1
135,1,5,5.86577e-4,ASV_00136,UK1
135,1,6,2.60759e-4,ASV_00136,UK2
135,1,7,1.88601e-4,ASV_00136,SE1
136,1,1,3.09569e-4,ASV_00137,IT1
136,1,2,2.66799e-4,ASV_00137,IT2
136,1,3,2.89178e-5,ASV_00137,IT3
136,1,5,5.98461e-4,ASV_00137,UK1
136,1,6,1.55893e-4,ASV_00137,UK2
137,1,2,5.69814e-4,ASV_00138,IT2
137,1,4,3.94508e-4,ASV_00138,FI1
137,1,5,6.81351e-4,ASV_00138,UK1
137,1,6,2.03439e-4,ASV_00138,UK2
137,1,7,4.94482e-4,ASV_00138,SE1
138,1,1,1.4568e-4,ASV_00139,IT1
138,1,2,3.50587e-4,ASV_00139,IT2
138,1,5,9.67114e-4,ASV_00139,UK1
138,1,6,1.66402e-4,ASV_00139,UK2
138,1,7,4.68624e-4,ASV_00139,SE1
139,1,1,2.08706e-4,ASV_00140,IT1
139,1,2,2.53826e-4,ASV_00140,IT2
139,1,3,1.48014e-5,ASV_00140,IT3
139,1,4,3.03438e-4,ASV_00140,FI1
139,1,5,8.44293e-4,ASV_00140,UK1
139,1,6,1.79991e-4,ASV_00140,UK2
139,1,7,4.27117e-4,ASV_00140,SE1
140,1,1,2.58456e-4,ASV_00141,IT1
140,1,2,1.82783e-4,ASV_00141,IT2
140,1,3,1.30115e-5,ASV_00141,IT3
140,1,5,5.32689e-4,ASV_00141,UK1
140,1,6,1.42924e-4,ASV_00141,UK2
140,1,7,4.39664e-4,ASV_00141,SE1
141,1,1,1.76458e-4,ASV_00142,IT1
141,1,2,4.33072e-4,ASV_00142,IT2
141,1,3,5.02386e-5,ASV_00142,IT3
141,1,4,1.62794e-4,ASV_00142,FI1
141,1,5,8.85048e-4,ASV_00142,UK1
141,1,6,1.17206e-4,ASV_00142,UK2
141,1,7,3.9943e-4,ASV_00142,SE1
142,1,5,6.50412e-4,ASV_00143,UK1
142,1,6,1.17425e-4,ASV_00143,UK2
142,1,7,3.06118e-4,ASV_00143,SE1
143,1,1,1.32269e-4,ASV_00144,IT1
143,1,2,3.55432e-4,ASV_00144,IT2
143,1,3,5.89938e-5,ASV_00144,IT3
143,1,4,2.76006e-4,ASV_00144,FI1
143,1,5,9.18634e-4,ASV_00144,UK1
143,1,6,7.55604e-5,ASV_00144,UK2
143,1,7,1.99764e-4,ASV_00144,SE1
144,1,1,2.62957e-4,ASV_00145,IT1
144,1,2,2.63545e-4,ASV_00145,IT2
144,1,3,6.33675e-5,ASV_00145,IT3
144,1,5,9.78265e-4,ASV_00145,UK1
145,1,2,1.48845e-4,ASV_00146,IT2
145,1,3,2.81208e-5,ASV_00146,IT3
145,1,4,4.8519e-4,ASV_00146,FI1
145,1,5,7.50916e-4,ASV_00146,UK1
145,1,6,2.73478e-4,ASV_00146,UK2
145,1,7,2.4823e-4,ASV_00146,SE1
146,1,1,3.08866e-4,ASV_00147,IT1
146,1,2,4.96844e-4,ASV_00147,IT2
146,1,3,4.99433e-5,ASV_00147,IT3
146,1,5,6.33974e-4,ASV_00147,UK1
146,1,6,1.10083e-4,ASV_00147,UK2
147,1,1,2.62013e-4,ASV_00148,IT1
147,1,2,3.68808e-4,ASV_00148,IT2
147,1,3,2.79789e-5,ASV_00148,IT3
147,1,4,3.63612e-4,ASV_00148,FI1
147,1,5,9.31797e-4,ASV_00148,UK1
147,1,6,1.51121e-4,ASV_00148,UK2
147,1,7,1.50313e-4,ASV_00148,SE1
148,1,4,3.86792e-4,ASV_00149,FI1
148,1,5,6.93136e-4,ASV_00149,UK1
148,1,6,2.33752e-4,ASV_00149,UK2
148,1,7,2.46203e-4,ASV_00149,SE1
149,1,1,2.2319e-4,ASV_00150,IT1
149,1,2,2.88793e-4,ASV_00150,IT2
149,1,3,2.96225e-5,ASV_00150,IT3
150,1,2,2.21456e-4,ASV_00151,IT2
150,1,3,4.10375e-5,ASV_00151,IT3
150,1,4,4.72868e-4,ASV_00151,FI1
150,1,5,5.23846e-4,ASV_00151,UK1
150,1,6,1.87611e-4,ASV_00151,UK2
150,1,7,1.15515e-4,ASV_00151,SE1
151,1,1,3.19015e-4,ASV_00152,IT1
151,1,2,5.54745e-4,ASV_00152,IT2
151,1,4,3.12003e-4,ASV_00152,FI1
151,1,5,6.69941e-4,ASV_00152,UK1
151,1,6,3.01256e-4,ASV_00152,UK2
151,1,7,2.4688e-4,ASV_00152,SE1
152,1,2,5.18409e-4,ASV_00153,IT2
152,1,3,2.34821e-5,ASV_00153,IT3
152,1,5,8.28421e-4,ASV_00153,UK1
152,1,6,1.59261e-4,ASV_00153,UK2
153,1,1,2.00881e-4,ASV_00154,IT1
153,1,2,3.35384e-4,ASV_00154,IT2
153,1,5,2.81568e-4,ASV_00154,UK1
154,1,1,1.95375e-4,ASV_00155,IT1
154,1,2,2.09512e-4,ASV_00155,IT2
154,1,3,1.01534e-5,ASV_00155,IT3
154,1,4,3.25301e-4,ASV_00155,FI1
154,1,5,7.60299e-4,ASV_00155,UK1
154,1,6,1.46174e-4,ASV_00155,UK2
154,1,7,3.60205e-4,ASV_00155,SE1
155,1,1,3.07662e-4,ASV_00156,IT1
155,1,2,4.61434e-4,ASV_00156,IT2
155,1,4,2.23362e-4,ASV_00156,FI1
155,1,5,8.2368e-4,ASV_00156,UK1
155,1,6,8.93919e-5,ASV_00156,UK2
155,1,7,3.00047e-4,ASV_00156,SE1
156,1,1,2.4407e-4,ASV_00157,IT1
156,1,2,3.93879e-4,ASV_00157,IT2
156,1,3,3.02229e-5,ASV_00157,IT3
156,1,4,2.67837e-4,ASV_00157,FI1
156,1,5,4.3309e-4,ASV_00157,UK1
156,1,6,2.61609e-4,ASV_00157,UK2
156,1,7,2.60137e-4,ASV_00157,SE1
157,1,2,6.42126e-4,ASV_00158,IT2
157,1,4,2.62933e-4,ASV_00158,FI1
157,1,5,7.14056e-4,ASV_00158,UK1
157,1,6,5.80729e-5,ASV_00158,UK2
158,1,1,2.84464e-4,ASV_00159,IT1
158,1,2,1.0645e-4,ASV_00159,IT2
158,1,3,6.27553e-6,ASV_00159,IT3
158,1,5,7.4724e-4,ASV_00159,UK1
158,1,6,1.12409e-4,ASV_00159,UK2
158,1,7,1.53109e-4,ASV_00159,SE1
159,1,1,2.30764e-4,ASV_00160,IT1
159,1,2,0.00040193200000000003,ASV_00160,IT2
159,1,3,2.01195e-5,ASV_00160,IT3
159,1,4,2.38303e-4,ASV_00160,FI1
159,1,5,6.46806e-4,ASV_00160,UK1
159,1,6,1.29987e-4,ASV_00160,UK2
159,1,7,2.28467e-4,ASV_00160,SE1
160,1,2,2.23108e-4,ASV_00161,IT2
160,1,4,2.68131e-4,ASV_00161,FI1
160,1,5,9.33269e-4,ASV_00161,UK1
160,1,6,1.71389e-4,ASV_00161,UK2
160,1,7,3.31631e-4,ASV_00161,SE1
161,1,1,1.4661e-4,ASV_00162,IT1
161,1,2,4.44153e-4,ASV_00162,IT2
161,1,3,4.27735e-5,ASV_00162,IT3
161,1,5,5.81749e-4,ASV_00162,UK1
161,1,6,1.83822e-4,ASV_00162,UK2
162,1,1,2.27326e-4,ASV_00163,IT1
162,1,2,1.87187e-4,ASV_00163,IT2
162,1,3,1.25797e-5,ASV_00163,IT3
162,1,4,2.47449e-4,ASV_00163,FI1
162,1,5,9.47928e-4,ASV_00163,UK1
162,1,6,1.46391e-4,ASV_00163,UK2
162,1,7,3.91913e-4,ASV_00163,SE1
163,1,2,4.07379e-4,ASV_00164,IT2
163,1,4,1.37253e-4,ASV_00164,FI1
163,1,5,5.4787e-4,ASV_00164,UK1
163,1,6,1.61473e-4,ASV_00164,UK2
163,1,7,2.89993e-4,ASV_00164,SE1
164,1,1,2.21445e-4,ASV_00165,IT1
164,1,2,4.44746e-4,ASV_00165,IT2
164,1,5,6.61215e-4,ASV_00165,UK1
164,1,6,2.14211e-4,ASV_00165,UK2
164,1,7,1.95217e-4,ASV_00165,SE1
165,1,1,2.16472e-4,ASV_00166,IT1
165,1,2,5.25035e-4,ASV_00166,IT2
165,1,4,1.65049e-4,ASV_00166,FI1
165,1,5,7.28872e-4,ASV_00166,UK1
165,1,6,1.81034e-4,ASV_00166,UK2
165,1,7,6.08358e-4,ASV_00166,SE1
166,1,2,5.14342e-4,ASV_00167,IT2
166,1,5,8.93552e-4,ASV_00167,UK1
166,1,6,1.94505e-4,ASV_00167,UK2
166,1,7,3.42074e-4,ASV_00167,SE1
167,1,1,3.03652e-4,ASV_00168,IT1
167,1,2,4.49187e-4,ASV_00168,IT2
167,1,4,2.59894e-4,ASV_00168,FI1
167,1,5,0.00107171,ASV_00168,UK1
167,1,6,1.72751e-4,ASV_00168,UK2
168,1,1,1.54169e-4,ASV_00169,IT1
168,1,2,3.00114e-4,ASV_00169,IT2
168,1,3,3.57221e-5,ASV_00169,IT3
168,1,5,7.20899e-4,ASV_00169,UK1
168,1,6,1.06393e-4,ASV_00169,UK2
169,1,2,1.48685e-4,ASV_00170,IT2
169,1,3,2.45934e-5,ASV_00170,IT3
169,1,5,5.1343e-4,ASV_00170,UK1
169,1,6,1.21198e-4,ASV_00170,UK2
169,1,7,2.1669e-4,ASV_00170,SE1
170,1,1,2.62178e-4,ASV_00171,IT1
170,1,2,1.18041e-4,ASV_00171,IT2
170,1,3,1.70021e-5,ASV_00171,IT3
170,1,4,2.81602e-4,ASV_00171,FI1
170,1,5,4.0923e-4,ASV_00171,UK1
170,1,6,1.64926e-4,ASV_00171,UK2
170,1,7,3.0863e-4,ASV_00171,SE1
171,1,2,4.30608e-4,ASV_00172,IT2
171,1,4,3.95652e-4,ASV_00172,FI1
171,1,5,8.05493e-4,ASV_00172,UK1
171,1,6,1.73658e-4,ASV_00172,UK2
171,1,7,1.48547e-4,ASV_00172,SE1
172,1,2,3.82338e-4,ASV_00173,IT2
172,1,5,8.1508e-4,ASV_00173,UK1
172,1,6,1.08645e-4,ASV_00173,UK2
173,1,4,2.72029e-4,ASV_00174,FI1
173,1,5,0.00102471,ASV_00174,UK1
173,1,6,1.76504e-4,ASV_00174,UK2
173,1,7,2.70542e-4,ASV_00174,SE1
174,1,1,1.83237e-4,ASV_00176,IT1
174,1,2,5.39316e-4,ASV_00176,IT2
174,1,3,3.80248e-5,ASV_00176,IT3
174,1,5,6.21513e-4,ASV_00176,UK1
174,1,6,9.04611e-5,ASV_00176,UK2
175,1,1,2.46496e-4,ASV_00177,IT1
175,1,2,3.55582e-4,ASV_00177,IT2
175,1,3,1.27085e-5,ASV_00177,IT3
175,1,4,3.25193e-4,ASV_00177,FI1
175,1,5,5.29552e-4,ASV_00177,UK1
175,1,6,1.55876e-4,ASV_00177,UK2
175,1,7,0.00037782100000000003,ASV_00177,SE1
176,1,1,2.34619e-4,ASV_00178,IT1
176,1,2,2.35831e-4,ASV_00178,IT2
177,1,1,8.58296e-5,ASV_00179,IT1
177,1,2,4.72653e-4,ASV_00179,IT2
177,1,3,2.34188e-5,ASV_00179,IT3
177,1,6,1.66061e-4,ASV_00179,UK2
177,1,7,2.92684e-4,ASV_00179,SE1
178,1,4,4.25086e-4,ASV_00180,FI1
178,1,5,9.49443e-4,ASV_00180,UK1
178,1,6,2.6176e-4,ASV_00180,UK2
178,1,7,2.95138e-4,ASV_00180,SE1
179,1,2,6.13156e-4,ASV_00181,IT2
179,1,4,4.91442e-4,ASV_00181,FI1
179,1,5,8.31651e-4,ASV_00181,UK1
179,1,6,2.59844e-4,ASV_00181,UK2
179,1,7,2.04877e-4,ASV_00181,SE1
180,1,1,1.72634e-4,ASV_00182,IT1
180,1,2,3.16797e-4,ASV_00182,IT2
180,1,4,1.07995e-4,ASV_00182,FI1
180,1,5,7.40821e-4,ASV_00182,UK1
180,1,6,2.03934e-4,ASV_00182,UK2
180,1,7,3.76023e-4,ASV_00182,SE1
181,1,1,2.09086e-4,ASV_00183,IT1
181,1,2,5.48216e-4,ASV_00183,IT2
181,1,3,6.53876e-5,ASV_00183,IT3
181,1,5,9.00072e-4,ASV_00183,UK1
181,1,6,1.17798e-4,ASV_00183,UK2
182,1,1,1.91386e-4,ASV_00184,IT1
182,1,2,2.59345e-4,ASV_00184,IT2
182,1,3,1.26757e-5,ASV_00184,IT3
182,1,5,8.09967e-4,ASV_00184,UK1
182,1,6,1.45095e-4,ASV_00184,UK2
183,1,1,1.67036e-4,ASV_00185,IT1
183,1,2,3.31903e-4,ASV_00185,IT2
183,1,3,4.10123e-5,ASV_00185,IT3
183,1,4,3.41403e-4,ASV_00185,FI1
183,1,5,5.29908e-4,ASV_00185,UK1
183,1,6,2.57931e-4,ASV_00185,UK2
183,1,7,2.63403e-4,ASV_00185,SE1
184,1,1,1.83527e-4,ASV_00186,IT1
184,1,2,3.68919e-4,ASV_00186,IT2
184,1,3,1.30664e-5,ASV_00186,IT3
184,1,5,7.10887e-4,ASV_00186,UK1
184,1,6,1.19938e-4,ASV_00186,UK2
184,1,7,2.11795e-4,ASV_00186,SE1
185,1,1,2.56129e-4,ASV_00187,IT1
185,1,2,5.43947e-4,ASV_00187,IT2
185,1,3,3.11306e-5,ASV_00187,IT3
185,1,4,3.03472e-4,ASV_00187,FI1
185,1,5,6.07892e-4,ASV_00187,UK1
185,1,6,2.33678e-4,ASV_00187,UK2
185,1,7,4.75446e-4,ASV_00187,SE1
186,1,1,1.67265e-4,ASV_00188,IT1
186,1,2,4.3485e-4,ASV_00188,IT2
186,1,3,2.09797e-5,ASV_00188,IT3
186,1,4,2.19708e-4,ASV_00188,FI1
186,1,5,5.54115e-4,ASV_00188,UK1
186,1,6,2.02043e-4,ASV_00188,UK2
187,1,2,3.33511e-4,ASV_00189,IT2
187,1,5,8.64957e-4,ASV_00189,UK1
187,1,6,1.64289e-4,ASV_00189,UK2
188,1,4,1.72279e-4,ASV_00190,FI1
188,1,5,6.79796e-4,ASV_00190,UK1
188,1,6,1.23921e-4,ASV_00190,UK2
189,1,1,2.89455e-4,ASV_00191,IT1
189,1,2,3.74216e-4,ASV_00191,IT2
189,1,5,5.88808e-4,ASV_00191,UK1
189,1,6,1.3645e-4,ASV_00191,UK2
189,1,7,4.91445e-4,ASV_00191,SE1
190,1,1,2.06196e-4,ASV_00192,IT1
190,1,2,4.82818e-4,ASV_00192,IT2
191,1,2,2.1452e-4,ASV_00193,IT2
191,1,5,4.13035e-4,ASV_00193,UK1
191,1,6,1.82261e-4,ASV_00193,UK2
191,1,7,6.67385e-5,ASV_00193,SE1
192,1,2,3.93124e-4,ASV_00194,IT2
192,1,6,2.12734e-4,ASV_00194,UK2
193,1,1,3.681e-4,ASV_00195,IT1
193,1,2,3.82772e-4,ASV_00195,IT2
194,1,1,3.31054e-4,ASV_00196,IT1
194,1,2,3.01466e-4,ASV_00196,IT2
194,1,3,1.98778e-5,ASV_00196,IT3
194,1,4,4.36009e-4,ASV_00196,FI1
194,1,5,6.98861e-4,ASV_00196,UK1
194,1,6,1.83917e-4,ASV_00196,UK2
194,1,7,3.78842e-4,ASV_00196,SE1
195,1,1,1.26309e-4,ASV_00197,IT1
195,1,2,3.37024e-4,ASV_00197,IT2
195,1,3,3.1907e-5,ASV_00197,IT3
195,1,4,2.69084e-4,ASV_00197,FI1
195,1,5,7.18753e-4,ASV_00197,UK1
195,1,6,1.23279e-4,ASV_00197,UK2
195,1,7,8.01043e-5,ASV_00197,SE1
196,1,1,4.09933e-4,ASV_00198,IT1
196,1,2,5.28952e-4,ASV_00198,IT2
196,1,3,1.00812e-5,ASV_00198,IT3
196,1,5,8.84453e-4,ASV_00198,UK1
196,1,6,8.66536e-5,ASV_00198,UK2
196,1,7,5.75416e-4,ASV_00198,SE1
197,1,1,2.14243e-4,ASV_00199,IT1
197,1,2,4.1495e-4,ASV_00199,IT2
197,1,5,8.27939e-4,ASV_00199,UK1
198,1,1,2.79853e-4,ASV_00200,IT1
198,1,2,3.21794e-4,ASV_00200,IT2
198,1,3,4.12632e-5,ASV_00200,IT3
198,1,4,2.22826e-4,ASV_00200,FI1
198,1,5,4.3438e-4,ASV_00200,UK1
198,1,6,2.00229e-4,ASV_00200,UK2
198,1,7,5.56043e-4,ASV_00200,SE1
199,1,4,1.04673e-4,ASV_00201,FI1
199,1,6,2.37352e-4,ASV_00201,UK2
199,1,7,1.61774e-4,ASV_00201,SE1
200,1,1,2.69158e-4,ASV_00202,IT1
200,1,2,6.20166e-4,ASV_00202,IT2
200,1,3,4.49659e-5,ASV_00202,IT3
200,1,5,5.55155e-4,ASV_00202,UK1
200,1,6,1.69644e-4,ASV_00202,UK2
201,1,1,2.16324e-4,ASV_00203,IT1
201,1,2,4.34264e-4,ASV_00203,IT2
201,1,3,2.98914e-5,ASV_00203,IT3
201,1,5,9.55892e-4,ASV_00203,UK1
201,1,6,2.11924e-4,ASV_00203,UK2
202,1,4,1.93992e-4,ASV_00204,FI1
202,1,6,1.25854e-4,ASV_00204,UK2
202,1,7,2.08865e-4,ASV_00204,SE1
203,1,1,2.03172e-4,ASV_00205,IT1
203,1,2,2.76404e-4,ASV_00205,IT2
203,1,5,6.94156e-4,ASV_00205,UK1
203,1,6,1.92268e-4,ASV_00205,UK2
203,1,7,4.05055e-4,ASV_00205,SE1
204,1,1,3.02803e-4,ASV_00206,IT1
204,1,2,3.76655e-4,ASV_00206,IT2
204,1,4,2.92481e-4,ASV_00206,FI1
204,1,5,8.40956e-4,ASV_00206,UK1
204,1,6,2.1849e-4,ASV_00206,UK2
205,1,5,7.93905e-4,ASV_00207,UK1
206,1,2,3.15249e-4,ASV_00208,IT2
206,1,5,0.00103038,ASV_00208,UK1
207,1,6,9.39836e-5,ASV_00209,UK2
208,1,2,4.93278e-4,ASV_00210,IT2
208,1,4,6.39257e-5,ASV_00210,FI1
208,1,5,7.69779e-4,ASV_00210,UK1
208,1,6,2.7598e-4,ASV_00210,UK2
208,1,7,2.52895e-4,ASV_00210,SE1
209,1,2,2.97978e-4,ASV_00211,IT2
209,1,3,2.47576e-5,ASV_00211,IT3
209,1,4,3.78197e-4,ASV_00211,FI1
209,1,6,1.26883e-4,ASV_00211,UK2
209,1,7,2.48558e-4,ASV_00211,SE1
210,1,2,3.14644e-4,ASV_00212,IT2
210,1,5,7.88179e-4,ASV_00212,UK1
210,1,6,1.82302e-4,ASV_00212,UK2
211,1,1,2.08685e-4,ASV_00213,IT1
211,1,2,5.60535e-4,ASV_00213,IT2
211,1,5,7.97618e-4,ASV_00213,UK1
211,1,6,1.41122e-4,ASV_00213,UK2
212,1,2,4.28285e-4,ASV_00214,IT2
212,1,3,5.75926e-5,ASV_00214,IT3
212,1,5,3.0221e-4,ASV_00214,UK1
212,1,6,1.61165e-4,ASV_00214,UK2
213,1,3,5.14991e-5,ASV_00215,IT3
213,1,5,6.03147e-4,ASV_00215,UK1
213,1,6,1.45235e-4,ASV_00215,UK2
214,1,1,2.65844e-4,ASV_00216,IT1
214,1,2,4.15038e-4,ASV_00216,IT2
214,1,5,6.93912e-4,ASV_00216,UK1
215,1,5,6.04544e-4,ASV_00217,UK1
215,1,6,2.45965e-4,ASV_00217,UK2
215,1,7,2.17761e-4,ASV_00217,SE1
216,1,1,2.50827e-4,ASV_00218,IT1
216,1,2,5.02431e-4,ASV_00218,IT2
216,1,3,2.24265e-5,ASV_00218,IT3
216,1,4,1.90142e-4,ASV_00218,FI1
216,1,5,6.61165e-4,ASV_00218,UK1
216,1,6,1.66723e-4,ASV_00218,UK2
216,1,7,3.07401e-4,ASV_00218,SE1
217,1,2,1.62483e-4,ASV_00219,IT2
217,1,4,5.94519e-4,ASV_00219,FI1
217,1,5,8.14877e-4,ASV_00219,UK1
217,1,6,1.2121e-4,ASV_00219,UK2
217,1,7,1.75391e-4,ASV_00219,SE1
218,1,1,2.38464e-4,ASV_00221,IT1
218,1,2,4.78323e-4,ASV_00221,IT2
218,1,3,4.02318e-5,ASV_00221,IT3
218,1,5,7.47378e-4,ASV_00221,UK1
218,1,6,8.04432e-5,ASV_00221,UK2
219,1,1,2.70242e-4,ASV_00222,IT1
219,1,5,7.13786e-4,ASV_00222,UK1
220,1,4,3.47673e-4,ASV_00223,FI1
220,1,5,8.79715e-4,ASV_00223,UK1
220,1,6,1.25058e-4,ASV_00223,UK2
220,1,7,4.78379e-4,ASV_00223,SE1
221,1,4,3.73198e-4,ASV_00224,FI1
221,1,5,8.62534e-4,ASV_00224,UK1
221,1,6,1.01236e-4,ASV_00224,UK2
221,1,7,3.63074e-4,ASV_00224,SE1
222,1,1,2.22933e-4,ASV_00225,IT1
222,1,5,5.18206e-4,ASV_00225,UK1
223,1,1,1.452e-4,ASV_00226,IT1
223,1,2,4.84914e-4,ASV_00226,IT2
223,1,6,1.701e-4,ASV_00226,UK2
224,1,1,2.15915e-4,ASV_00227,IT1
224,1,2,4.99952e-4,ASV_00227,IT2
224,1,3,5.54128e-5,ASV_00227,IT3
224,1,5,0.00105414,ASV_00227,UK1
224,1,6,1.98192e-4,ASV_00227,UK2
225,1,2,2.39015e-4,ASV_00228,IT2
225,1,6,2.238e-4,ASV_00228,UK2
226,1,2,2.29388e-4,ASV_00229,IT2
226,1,5,5.9392e-4,ASV_00229,UK1
226,1,6,9.03405e-5,ASV_00229,UK2
227,1,1,2.00324e-4,ASV_00230,IT1
227,1,2,2.77207e-4,ASV_00230,IT2
227,1,5,6.09362e-4,ASV_00230,UK1
227,1,6,1.54052e-4,ASV_00230,UK2
228,1,2,4.709e-4,ASV_00231,IT2
228,1,4,2.39286e-4,ASV_00231,FI1
228,1,5,9.21538e-4,ASV_00231,UK1
228,1,6,2.07949e-4,ASV_00231,UK2
228,1,7,4.68487e-4,ASV_00231,SE1
229,1,1,3.1443e-4,ASV_00232,IT1
229,1,2,4.37375e-4,ASV_00232,IT2
229,1,3,3.53705e-5,ASV_00232,IT3
229,1,4,3.48189e-4,ASV_00232,FI1
229,1,5,9.27424e-4,ASV_00232,UK1
229,1,6,1.9702e-4,ASV_00232,UK2
229,1,7,5.41432e-5,ASV_00232,SE1
230,1,1,3.99535e-4,ASV_00233,IT1
230,1,2,5.74751e-4,ASV_00233,IT2
230,1,3,4.0706e-5,ASV_00233,IT3
230,1,4,3.65037e-4,ASV_00233,FI1
230,1,5,7.81728e-4,ASV_00233,UK1
230,1,6,3.07918e-4,ASV_00233,UK2
230,1,7,3.87891e-4,ASV_00233,SE1
231,1,2,6.21336e-4,ASV_00235,IT2
231,1,4,5.82651e-4,ASV_00235,FI1
231,1,5,7.32876e-4,ASV_00235,UK1
231,1,6,1.55523e-4,ASV_00235,UK2
231,1,7,1.84495e-4,ASV_00235,SE1
232,1,5,8.1399e-4,ASV_00236,UK1
232,1,6,2.86241e-4,ASV_00236,UK2
232,1,7,3.31437e-4,ASV_00236,SE1
233,1,2,2.80318e-4,ASV_00237,IT2
233,1,7,2.16068e-4,ASV_00237,SE1
234,1,1,2.06504e-4,ASV_00238,IT1
234,1,2,3.51796e-4,ASV_00238,IT2
234,1,3,5.05588e-5,ASV_00238,IT3
234,1,5,5.60118e-4,ASV_00238,UK1
234,1,6,3.17087e-4,ASV_00238,UK2
235,1,2,3.41104e-4,ASV_00239,IT2
235,1,5,7.06616e-4,ASV_00239,UK1
235,1,6,2.09256e-4,ASV_00239,UK2
236,1,2,2.24467e-4,ASV_00240,IT2
236,1,4,2.36705e-4,ASV_00240,FI1
236,1,5,6.88977e-4,ASV_00240,UK1
236,1,6,1.52447e-4,ASV_00240,UK2
236,1,7,4.25921e-4,ASV_00240,SE1
237,1,4,2.18773e-4,ASV_00241,FI1
237,1,5,5.65768e-4,ASV_00241,UK1
237,1,6,1.21959e-4,ASV_00241,UK2
237,1,7,4.65214e-4,ASV_00241,SE1
238,1,2,5.50408e-4,ASV_00242,IT2
238,1,3,3.72751e-5,ASV_00242,IT3
238,1,4,2.38572e-4,ASV_00242,FI1
238,1,5,6.87373e-4,ASV_00242,UK1
238,1,6,9.97992e-5,ASV_00242,UK2
238,1,7,4.78199e-4,ASV_00242,SE1
239,1,1,1.55405e-4,ASV_00243,IT1
239,1,2,2.79615e-4,ASV_00243,IT2
239,1,4,4.20976e-4,ASV_00243,FI1
239,1,5,7.44007e-4,ASV_00243,UK1
239,1,6,2.17492e-4,ASV_00243,UK2
239,1,7,3.7978e-4,ASV_00243,SE1
240,1,1,2.39854e-4,ASV_00244,IT1
240,1,2,3.30432e-4,ASV_00244,IT2
240,1,3,1.6151e-5,ASV_00244,IT3
240,1,5,7.46263e-4,ASV_00244,UK1
240,1,6,1.08277e-4,ASV_00244,UK2
241,1,5,7.84446e-4,ASV_00245,UK1
241,1,6,1.03931e-4,ASV_00245,UK2
242,1,2,2.61949e-4,ASV_00246,IT2
242,1,5,5.48931e-4,ASV_00246,UK1
243,1,2,8.57345e-5,ASV_00247,IT2
243,1,5,6.88452e-4,ASV_00247,UK1
244,1,4,3.78445e-4,ASV_00248,FI1
244,1,6,1.68093e-4,ASV_00248,UK2
244,1,7,3.39498e-4,ASV_00248,SE1
245,1,1,3.55004e-4,ASV_00249,IT1
245,1,2,4.6862e-4,ASV_00249,IT2
245,1,3,3.68819e-5,ASV_00249,IT3
245,1,4,2.69569e-4,ASV_00249,FI1
245,1,5,5.30024e-4,ASV_00249,UK1
245,1,6,1.86066e-4,ASV_00249,UK2
245,1,7,2.97764e-4,ASV_00249,SE1
246,1,1,1.53359e-4,ASV_00250,IT1
246,1,2,2.90111e-4,ASV_00250,IT2
246,1,3,3.70522e-5,ASV_00250,IT3
246,1,4,2.97712e-4,ASV_00250,FI1
246,1,5,5.89035e-4,ASV_00250,UK1
246,1,6,1.28833e-4,ASV_00250,UK2
246,1,7,4.0072e-4,ASV_00250,SE1
247,1,2,5.82508e-4,ASV_00251,IT2
247,1,5,7.22829e-4,ASV_00251,UK1
247,1,6,1.52623e-4,ASV_00251,UK2
247,1,7,2.1258e-4,ASV_00251,SE1
248,1,2,4.41183e-4,ASV_00252,IT2
248,1,6,9.69838e-5,ASV_00252,UK2
248,1,7,1.03369e-4,ASV_00252,SE1
249,1,2,3.34498e-4,ASV_00253,IT2
249,1,5,8.81132e-4,ASV_00253,UK1
249,1,6,1.58063e-4,ASV_00253,UK2
250,1,1,3.36237e-4,ASV_00254,IT1
250,1,2,1.91409e-4,ASV_00254,IT2
250,1,3,5.49228e-5,ASV_00254,IT3
250,1,5,9.16911e-4,ASV_00254,UK1
250,1,6,1.89582e-4,ASV_00254,UK2
250,1,7,1.53453e-4,ASV_00254,SE1
251,1,4,3.58729e-4,ASV_00255,FI1
251,1,6,1.30037e-4,ASV_00255,UK2
251,1,7,3.89381e-4,ASV_00255,SE1
252,1,4,3.75697e-4,ASV_00256,FI1
252,1,5,5.07851e-4,ASV_00256,UK1
252,1,6,2.4252e-4,ASV_00256,UK2
252,1,7,1.41651e-4,ASV_00256,SE1
253,1,1,2.41404e-4,ASV_00257,IT1
253,1,2,2.75882e-4,ASV_00257,IT2
253,1,4,4.71741e-4,ASV_00257,FI1
253,1,5,5.84414e-4,ASV_00257,UK1
253,1,6,2.33104e-4,ASV_00257,UK2
253,1,7,2.08399e-4,ASV_00257,SE1
254,1,4,3.53346e-4,ASV_00258,FI1
254,1,6,1.56913e-4,ASV_00258,UK2
254,1,7,2.47495e-4,ASV_00258,SE1
255,1,1,2.59964e-4,ASV_00259,IT1
255,1,2,5.2977e-4,ASV_00259,IT2
255,1,3,6.64998e-6,ASV_00259,IT3
255,1,5,6.17386e-4,ASV_00259,UK1
255,1,6,1.20334e-4,ASV_00259,UK2
256,1,4,2.34764e-4,ASV_00260,FI1
256,1,5,9.61268e-4,ASV_00260,UK1
256,1,6,9.90733e-5,ASV_00260,UK2
256,1,7,4.07346e-4,ASV_00260,SE1
257,1,4,2.14284e-4,ASV_00261,FI1
257,1,5,6.1463e-4,ASV_00261,UK1
257,1,6,9.90656e-5,ASV_00261,UK2
257,1,7,3.05461e-4,ASV_00261,SE1
258,1,2,5.7116e-4,ASV_00262,IT2
258,1,3,4.03708e-5,ASV_00262,IT3
258,1,4,2.85424e-4,ASV_00262,FI1
258,1,5,8.04547e-4,ASV_00262,UK1
258,1,6,1.64222e-4,ASV_00262,UK2
258,1,7,4.66264e-4,ASV_00262,SE1
259,1,1,3.35626e-4,ASV_00263,IT1
259,1,2,3.5864e-4,ASV_00263,IT2
259,1,5,6.00351e-4,ASV_00263,UK1
259,1,6,2.19409e-4,ASV_00263,UK2
260,1,1,2.36101e-4,ASV_00264,IT1
260,1,2,4.38549e-4,ASV_00264,IT2
260,1,3,2.66224e-5,ASV_00264,IT3
260,1,5,6.99098e-4,ASV_00264,UK1
260,1,6,2.8094e-4,ASV_00264,UK2
261,1,2,2.6131e-4,ASV_00265,IT2
261,1,4,2.03113e-4,ASV_00265,FI1
261,1,5,7.82809e-4,ASV_00265,UK1
261,1,6,1.31919e-4,ASV_00265,UK2
261,1,7,1.27426e-4,ASV_00265,SE1
262,1,1,2.72092e-4,ASV_00266,IT1
262,1,2,3.81059e-4,ASV_00266,IT2
262,1,3,6.53165e-5,ASV_00266,IT3
262,1,5,9.04384e-4,ASV_00266,UK1
262,1,6,2.21339e-4,ASV_00266,UK2
263,1,2,2.51639e-4,ASV_00267,IT2
263,1,4,3.67933e-4,ASV_00267,FI1
263,1,5,5.58254e-4,ASV_00267,UK1
263,1,6,1.52075e-4,ASV_00267,UK2
263,1,7,1.93446e-4,ASV_00267,SE1
264,1,6,1.40927e-4,ASV_00268,UK2
264,1,7,4.38005e-4,ASV_00268,SE1
265,1,1,3.21786e-4,ASV_00269,IT1
265,1,2,2.89181e-4,ASV_00269,IT2
265,1,4,2.63147e-4,ASV_00269,FI1
265,1,5,7.59389e-4,ASV_00269,UK1
265,1,6,1.59764e-4,ASV_00269,UK2
265,1,7,5.01489e-4,ASV_00269,SE1
266,1,2,4.06284e-4,ASV_00270,IT2
266,1,3,5.15598e-5,ASV_00270,IT3
266,1,4,3.39579e-4,ASV_00270,FI1
266,1,5,7.47847e-4,ASV_00270,UK1
266,1,6,1.04766e-4,ASV_00270,UK2
267,1,1,2.71826e-4,ASV_00271,IT1
267,1,2,2.33559e-4,ASV_00271,IT2
268,1,1,2.06517e-4,ASV_00272,IT1
268,1,2,4.78446e-4,ASV_00272,IT2
268,1,5,9.11189e-4,ASV_00272,UK1
268,1,6,9.60227e-5,ASV_00272,UK2
269,1,1,1.14654e-4,ASV_00273,IT1
269,1,2,2.66953e-4,ASV_00273,IT2
269,1,3,1.31337e-5,ASV_00273,IT3
269,1,5,8.5613e-4,ASV_00273,UK1
269,1,6,7.95025e-5,ASV_00273,UK2
270,1,2,4.60767e-4,ASV_00274,IT2
270,1,4,5.7162e-4,ASV_00274,FI1
270,1,6,1.63032e-4,ASV_00274,UK2
270,1,7,2.07147e-4,ASV_00274,SE1
271,1,2,2.99523e-4,ASV_00275,IT2
271,1,4,4.11357e-4,ASV_00275,FI1
271,1,5,7.19285e-4,ASV_00275,UK1
271,1,6,2.33078e-4,ASV_00275,UK2
271,1,7,2.87711e-4,ASV_00275,SE1
272,1,1,3.535e-4,ASV_00276,IT1
272,1,2,5.10619e-4,ASV_00276,IT2
272,1,4,0.00030654500000000003,ASV_00276,FI1
272,1,5,7.81387e-4,ASV_00276,UK1
272,1,6,1.93622e-4,ASV_00276,UK2
272,1,7,1.84306e-4,ASV_00276,SE1
273,1,2,1.71256e-4,ASV_00277,IT2
273,1,4,1.97141e-4,ASV_00277,FI1
273,1,5,8.95498e-4,ASV_00277,UK1
273,1,6,1.72169e-4,ASV_00277,UK2
273,1,7,1.26281e-4,ASV_00277,SE1
274,1,1,1.59679e-4,ASV_00278,IT1
274,1,2,3.3248e-4,ASV_00278,IT2
274,1,3,1.22953e-5,ASV_00278,IT3
274,1,5,7.88972e-4,ASV_00278,UK1
274,1,6,1.55332e-4,ASV_00278,UK2
275,1,1,1.99542e-4,ASV_00279,IT1
275,1,2,2.45372e-4,ASV_00279,IT2
275,1,3,4.0498e-5,ASV_00279,IT3
275,1,5,6.74833e-4,ASV_00279,UK1
276,1,1,2.21667e-4,ASV_00280,IT1
276,1,2,3.53325e-4,ASV_00280,IT2
276,1,4,2.48767e-4,ASV_00280,FI1
276,1,5,4.59271e-4,ASV_00280,UK1
276,1,6,1.82354e-4,ASV_00280,UK2
276,1,7,1.60264e-4,ASV_00280,SE1
277,1,4,2.16321e-4,ASV_00281,FI1
277,1,6,1.27322e-4,ASV_00281,UK2
277,1,7,2.27513e-4,ASV_00281,SE1
278,1,2,3.62774e-4,ASV_00282,IT2
278,1,6,1.76111e-4,ASV_00282,UK2
279,1,2,2.78103e-4,ASV_00283,IT2
279,1,4,2.51063e-4,ASV_00283,FI1
279,1,6,1.61466e-4,ASV_00283,UK2
280,1,2,2.86035e-4,ASV_00284,IT2
281,1,1,2.43505e-4,ASV_00285,IT1
281,1,2,5.15938e-4,ASV_00285,IT2
281,1,5,0.00101128,ASV_00285,UK1
281,1,6,1.07832e-4,ASV_00285,UK2
282,1,2,7.05673e-4,ASV_00286,IT2
282,1,3,1.62636e-5,ASV_00286,IT3
282,1,5,8.33604e-4,ASV_00286,UK1
282,1,6,9.42059e-5,ASV_00286,UK2
283,1,1,2.57579e-4,ASV_00287,IT1
283,1,2,6.06891e-4,ASV_00287,IT2
283,1,5,7.56228e-4,ASV_00287,UK1
283,1,6,1.2782e-4,ASV_00287,UK2
284,1,1,2.38418e-4,ASV_00288,IT1
284,1,2,4.69123e-4,ASV_00288,IT2
284,1,3,3.04414e-5,ASV_00288,IT3
284,1,4,3.06893e-4,ASV_00288,FI1
284,1,5,8.82636e-4,ASV_00288,UK1
284,1,6,1.22008e-4,ASV_00288,UK2
284,1,7,3.27119e-4,ASV_00288,SE1
285,1,4,3.80635e-4,ASV_00289,FI1
285,1,5,8.75215e-4,ASV_00289,UK1
285,1,6,1.77272e-4,ASV_00289,UK2
285,1,7,3.49842e-4,ASV_00289,SE1
286,1,1,3.17039e-4,ASV_00290,IT1
286,1,2,2.20205e-4,ASV_00290,IT2
286,1,3,4.32249e-5,ASV_00290,IT3
286,1,4,2.90787e-4,ASV_00290,FI1
286,1,5,3.5583e-4,ASV_00290,UK1
286,1,6,1.15129e-4,ASV_00290,UK2
286,1,7,1.59474e-4,ASV_00290,SE1
287,1,2,2.82938e-4,ASV_00291,IT2
288,1,2,6.0027e-4,ASV_00292,IT2
288,1,4,2.12358e-4,ASV_00292,FI1
288,1,5,0.00106376,ASV_00292,UK1
288,1,6,1.9966e-4,ASV_00292,UK2
288,1,7,3.04146e-4,ASV_00292,SE1
289,1,1,1.83929e-4,ASV_00293,IT1
289,1,2,2.73257e-4,ASV_00293,IT2
289,1,5,8.35387e-4,ASV_00293,UK1
289,1,6,1.34881e-4,ASV_00293,UK2
289,1,7,2.93591e-4,ASV_00293,SE1
290,1,1,2.02999e-4,ASV_00294,IT1
290,1,2,4.87915e-4,ASV_00294,IT2
290,1,3,2.81174e-5,ASV_00294,IT3
290,1,5,8.41286e-4,ASV_00294,UK1
290,1,6,1.41747e-4,ASV_00294,UK2
290,1,7,1.83739e-4,ASV_00294,SE1
291,1,1,3.33512e-4,ASV_00295,IT1
291,1,2,3.40848e-4,ASV_00295,IT2
291,1,3,2.34652e-5,ASV_00295,IT3
291,1,5,6.47071e-4,ASV_00295,UK1
291,1,6,1.10742e-4,ASV_00295,UK2
292,1,1,2.24319e-4,ASV_00296,IT1
292,1,2,3.34075e-4,ASV_00296,IT2
292,1,4,2.39277e-4,ASV_00296,FI1
292,1,5,9.60557e-4,ASV_00296,UK1
292,1,6,1.45021e-4,ASV_00296,UK2
292,1,7,4.11383e-4,ASV_00296,SE1
293,1,1,2.18424e-4,ASV_00297,IT1
293,1,2,2.13192e-4,ASV_00297,IT2
293,1,4,4.70725e-4,ASV_00297,FI1
293,1,5,7.73662e-4,ASV_00297,UK1
293,1,6,1.71517e-4,ASV_00297,UK2
293,1,7,2.07518e-4,ASV_00297,SE1
294,1,2,5.65045e-4,ASV_00298,IT2
294,1,4,2.6397e-4,ASV_00298,FI1
294,1,5,4.49489e-4,ASV_00298,UK1
294,1,6,2.48064e-4,ASV_00298,UK2
294,1,7,3.04951e-4,ASV_00298,SE1
295,1,1,2.10868e-4,ASV_00299,IT1
295,1,2,4.06725e-4,ASV_00299,IT2
295,1,4,3.21263e-4,ASV_00299,FI1
295,1,5,5.8977e-4,ASV_00299,UK1
295,1,6,2.81071e-4,ASV_00299,UK2
296,1,2,1.86445e-4,ASV_00300,IT2
296,1,5,8.93218e-4,ASV_00300,UK1
296,1,6,1.71389e-4,ASV_00300,UK2
297,1,4,1.79681e-4,ASV_00301,FI1
297,1,6,2.27788e-4,ASV_00301,UK2
297,1,7,4.37481e-4,ASV_00301,SE1
298,1,6,2.4019e-4,ASV_00302,UK2
299,1,2,3.20853e-4,ASV_00303,IT2
299,1,4,2.71744e-4,ASV_00303,FI1
299,1,5,7.21825e-4,ASV_00303,UK1
299,1,6,1.60527e-4,ASV_00303,UK2
299,1,7,1.81568e-4,ASV_00303,SE1
300,1,2,2.1794e-4,ASV_00304,IT2
300,1,5,9.91567e-4,ASV_00304,UK1
300,1,6,1.59276e-4,ASV_00304,UK2
301,1,2,6.3766e-4,ASV_00305,IT2
301,1,6,1.82678e-4,ASV_00305,UK2
302,1,1,3.55451e-4,ASV_00307,IT1
302,1,2,4.55793e-4,ASV_00307,IT2
302,1,3,2.78345e-5,ASV_00307,IT3
302,1,6,1.64436e-4,ASV_00307,UK2
303,1,1,3.00672e-4,ASV_00308,IT1
303,1,2,2.95203e-4,ASV_00308,IT2
303,1,3,6.10362e-5,ASV_00308,IT3
303,1,5,5.35122e-4,ASV_00308,UK1
304,1,2,4.45212e-4,ASV_00309,IT2
304,1,4,1.97413e-4,ASV_00309,FI1
304,1,5,8.1683e-4,ASV_00309,UK1
304,1,6,1.44367e-4,ASV_00309,UK2
304,1,7,2.48998e-4,ASV_00309,SE1
305,1,4,2.91515e-4,ASV_00310,FI1
305,1,5,6.52672e-4,ASV_00310,UK1
305,1,6,1.42295e-4,ASV_00310,UK2
306,1,1,1.52499e-4,ASV_00311,IT1
306,1,2,4.36708e-4,ASV_00311,IT2
306,1,3,1.38353e-5,ASV_00311,IT3
306,1,4,2.87733e-4,ASV_00311,FI1
306,1,5,6.60525e-4,ASV_00311,UK1
306,1,6,2.33167e-4,ASV_00311,UK2
307,1,1,3.4079e-4,ASV_00312,IT1
307,1,2,1.53275e-4,ASV_00312,IT2
307,1,3,1.90991e-5,ASV_00312,IT3
307,1,5,8.70288e-4,ASV_00312,UK1
308,1,1,3.48115e-4,ASV_00313,IT1
308,1,2,2.00215e-4,ASV_00313,IT2
308,1,3,1.87772e-5,ASV_00313,IT3
308,1,5,6.93067e-4,ASV_00313,UK1
308,1,6,1.93492e-4,ASV_00313,UK2
308,1,7,2.91392e-4,ASV_00313,SE1
309,1,6,1.47768e-4,ASV_00314,UK2
309,1,7,1.47288e-4,ASV_00314,SE1
310,1,1,1.67423e-4,ASV_00315,IT1
310,1,2,6.46227e-4,ASV_00315,IT2
310,1,3,2.95223e-5,ASV_00315,IT3
310,1,4,2.95251e-4,ASV_00315,FI1
310,1,5,5.31188e-4,ASV_00315,UK1
310,1,6,1.69807e-4,ASV_00315,UK2
310,1,7,1.23331e-4,ASV_00315,SE1
311,1,5,4.91774e-4,ASV_00316,UK1
311,1,6,2.26954e-4,ASV_00316,UK2
312,1,1,3.39076e-4,ASV_00317,IT1
312,1,2,6.07773e-4,ASV_00317,IT2
313,1,1,2.86431e-4,ASV_00318,IT1
313,1,2,3.82499e-4,ASV_00318,IT2
313,1,3,3.23955e-5,ASV_00318,IT3
313,1,4,2.39935e-4,ASV_00318,FI1
313,1,5,7.28146e-4,ASV_00318,UK1
313,1,6,1.90181e-4,ASV_00318,UK2
313,1,7,1.3696e-4,ASV_00318,SE1
314,1,4,2.1339e-4,ASV_00319,FI1
314,1,6,3.07817e-4,ASV_00319,UK2
315,1,2,3.98904e-4,ASV_00320,IT2
315,1,5,8.05357e-4,ASV_00320,UK1
315,1,6,2.38988e-4,ASV_00320,UK2
316,1,2,2.82633e-4,ASV_00321,IT2
316,1,5,7.95833e-4,ASV_00321,UK1
316,1,6,2.66093e-4,ASV_00321,UK2
317,1,6,1.17854e-4,ASV_00322,UK2
318,1,1,1.9979e-4,ASV_00323,IT1
318,1,2,6.23258e-4,ASV_00323,IT2
318,1,4,3.68441e-4,ASV_00323,FI1
318,1,5,9.60385e-4,ASV_00323,UK1
318,1,6,1.63585e-4,ASV_00323,UK2
318,1,7,1.39582e-4,ASV_00323,SE1
319,1,1,1.50247e-4,ASV_00324,IT1
319,1,2,7.0813e-4,ASV_00324,IT2
319,1,3,2.71211e-5,ASV_00324,IT3
319,1,4,4.10019e-4,ASV_00324,FI1
319,1,5,7.40715e-4,ASV_00324,UK1
319,1,6,9.22037e-5,ASV_00324,UK2
319,1,7,3.35545e-4,ASV_00324,SE1
320,1,1,2.17285e-4,ASV_00325,IT1
320,1,2,6.35128e-4,ASV_00325,IT2
320,1,5,6.02143e-4,ASV_00325,UK1
320,1,6,1.24369e-4,ASV_00325,UK2
321,1,1,2.58937e-4,ASV_00326,IT1
321,1,2,3.80496e-4,ASV_00326,IT2
321,1,3,6.84974e-5,ASV_00326,IT3
321,1,5,7.03956e-4,ASV_00326,UK1
321,1,6,3.60402e-4,ASV_00326,UK2
322,1,1,1.94663e-4,ASV_00327,IT1
322,1,2,6.19348e-4,ASV_00327,IT2
322,1,3,4.93038e-5,ASV_00327,IT3
323,1,1,3.31682e-4,ASV_00328,IT1
323,1,2,3.08783e-4,ASV_00328,IT2
323,1,5,9.24176e-4,ASV_00328,UK1
323,1,6,1.60759e-4,ASV_00328,UK2
323,1,7,1.64709e-4,ASV_00328,SE1
324,1,4,1.61387e-4,ASV_00329,FI1
324,1,6,1.83674e-4,ASV_00329,UK2
324,1,7,3.10386e-4,ASV_00329,SE1
325,1,1,4.07752e-4,ASV_00330,IT1
325,1,2,7.69829e-4,ASV_00330,IT2
325,1,5,3.08305e-4,ASV_00330,UK1
326,1,1,2.25652e-4,ASV_00331,IT1
326,1,2,3.6846e-4,ASV_00331,IT2
326,1,3,4.94048e-5,ASV_00331,IT3
326,1,4,2.98361e-4,ASV_00331,FI1
326,1,5,3.61272e-4,ASV_00331,UK1
326,1,6,2.32004e-4,ASV_00331,UK2
326,1,7,1.94518e-4,ASV_00331,SE1
327,1,2,1.75573e-4,ASV_00332,IT2
327,1,6,1.44211e-4,ASV_00332,UK2
327,1,7,3.18575e-4,ASV_00332,SE1
328,1,1,8.97211e-5,ASV_00333,IT1
328,1,2,3.89002e-4,ASV_00333,IT2
328,1,3,2.25853e-5,ASV_00333,IT3
328,1,5,0.00108948,ASV_00333,UK1
328,1,6,1.39687e-4,ASV_00333,UK2
329,1,2,5.1929e-4,ASV_00334,IT2
329,1,6,5.00123e-5,ASV_00334,UK2
329,1,7,1.06689e-4,ASV_00334,SE1
330,1,1,2.75916e-4,ASV_00335,IT1
330,1,2,1.40453e-4,ASV_00335,IT2
330,1,3,3.82134e-5,ASV_00335,IT3
330,1,4,1.96339e-4,ASV_00335,FI1
330,1,5,8.63517e-4,ASV_00335,UK1
330,1,6,1.59144e-4,ASV_00335,UK2
330,1,7,4.41296e-4,ASV_00335,SE1
331,1,1,1.67343e-4,ASV_00336,IT1
331,1,2,5.56798e-4,ASV_00336,IT2
331,1,3,2.0251e-5,ASV_00336,IT3
331,1,5,4.83775e-4,ASV_00336,UK1
332,1,1,1.26346e-4,ASV_00337,IT1
332,1,2,1.82316e-4,ASV_00337,IT2
332,1,3,1.61437e-5,ASV_00337,IT3
332,1,5,9.67406e-4,ASV_00337,UK1
332,1,6,2.37916e-4,ASV_00337,UK2
333,1,4,2.92073e-4,ASV_00338,FI1
333,1,5,8.71663e-4,ASV_00338,UK1
333,1,6,1.3517e-4,ASV_00338,UK2
334,1,2,3.22723e-4,ASV_00339,IT2
334,1,4,4.78971e-4,ASV_00339,FI1
334,1,6,1.53573e-4,ASV_00339,UK2
335,1,2,2.50357e-4,ASV_00340,IT2
335,1,3,1.30573e-5,ASV_00340,IT3
335,1,5,6.07255e-4,ASV_00340,UK1
335,1,6,9.58637e-5,ASV_00340,UK2
336,1,4,2.53411e-4,ASV_00341,FI1
336,1,5,8.57488e-4,ASV_00341,UK1
336,1,6,7.72529e-5,ASV_00341,UK2
336,1,7,3.08241e-4,ASV_00341,SE1
337,1,1,1.66514e-4,ASV_00342,IT1
337,1,2,2.021e-4,ASV_00342,IT2
337,1,4,2.12993e-4,ASV_00342,FI1
337,1,5,6.68501e-4,ASV_00342,UK1
337,1,6,1.76692e-4,ASV_00342,UK2
337,1,7,2.63091e-4,ASV_00342,SE1
338,1,1,2.18346e-4,ASV_00343,IT1
338,1,2,3.86731e-4,ASV_00343,IT2
339,1,1,2.36232e-4,ASV_00345,IT1
339,1,2,2.75846e-4,ASV_00345,IT2
339,1,3,4.24623e-5,ASV_00345,IT3
339,1,5,6.48751e-4,ASV_00345,UK1
340,1,2,5.05695e-4,ASV_00346,IT2
340,1,6,1.01405e-4,ASV_00346,UK2
341,1,2,6.18261e-4,ASV_00347,IT2
342,1,4,2.4493e-4,ASV_00348,FI1
342,1,7,2.28875e-4,ASV_00348,SE1
343,1,4,3.10757e-4,ASV_00349,FI1
343,1,6,1.82501e-4,ASV_00349,UK2
343,1,7,4.23497e-4,ASV_00349,SE1
344,1,2,3.77929e-4,ASV_00350,IT2
344,1,4,2.33935e-4,ASV_00350,FI1
344,1,5,9.56316e-4,ASV_00350,UK1
344,1,6,9.35721e-5,ASV_00350,UK2
344,1,7,9.16672e-5,ASV_00350,SE1
345,1,4,2.56693e-4,ASV_00351,FI1
345,1,6,1.27839e-4,ASV_00351,UK2
345,1,7,3.55619e-4,ASV_00351,SE1
346,1,1,1.613e-4,ASV_00352,IT1
346,1,2,4.18471e-4,ASV_00352,IT2
346,1,3,6.12183e-5,ASV_00352,IT3
346,1,5,9.64364e-4,ASV_00352,UK1
346,1,6,1.23812e-4,ASV_00352,UK2
347,1,1,2.30025e-4,ASV_00353,IT1
347,1,2,2.85434e-4,ASV_00353,IT2
348,1,1,3.01103e-4,ASV_00354,IT1
348,1,2,2.65416e-4,ASV_00354,IT2
348,1,3,3.44158e-5,ASV_00354,IT3
348,1,5,8.03789e-4,ASV_00354,UK1
349,1,1,1.85657e-4,ASV_00355,IT1
349,1,2,0.00048346800000000003,ASV_00355,IT2
349,1,5,7.35429e-4,ASV_00355,UK1
349,1,6,2.12217e-4,ASV_00355,UK2
350,1,1,1.87519e-4,ASV_00356,IT1
350,1,2,2.99116e-4,ASV_00356,IT2
350,1,3,5.58863e-5,ASV_00356,IT3
350,1,4,4.4224e-4,ASV_00356,FI1
350,1,5,3.8332e-4,ASV_00356,UK1
350,1,6,2.78067e-4,ASV_00356,UK2
350,1,7,1.74942e-4,ASV_00356,SE1
351,1,2,5.24483e-4,ASV_00357,IT2
352,1,6,3.12326e-4,ASV_00358,UK2
353,1,1,2.46408e-4,ASV_00359,IT1
353,1,2,3.43448e-4,ASV_00359,IT2
353,1,5,5.57048e-4,ASV_00359,UK1
354,1,4,2.86373e-4,ASV_00360,FI1
354,1,6,1.6696e-4,ASV_00360,UK2
354,1,7,2.48118e-4,ASV_00360,SE1
355,1,2,2.9572e-4,ASV_00361,IT2
355,1,4,2.42352e-4,ASV_00361,FI1
355,1,6,1.66515e-4,ASV_00361,UK2
355,1,7,2.60596e-4,ASV_00361,SE1
356,1,6,1.11421e-4,ASV_00362,UK2
357,1,6,1.46734e-4,ASV_00363,UK2
357,1,7,2.41552e-4,ASV_00363,SE1
358,1,6,2.95225e-4,ASV_00364,UK2
358,1,7,2.28277e-4,ASV_00364,SE1
359,1,1,2.74189e-4,ASV_00365,IT1
359,1,2,5.76168e-4,ASV_00365,IT2
359,1,4,4.32506e-4,ASV_00365,FI1
359,1,5,4.30819e-4,ASV_00365,UK1
359,1,6,3.17718e-4,ASV_00365,UK2
359,1,7,2.27352e-4,ASV_00365,SE1
360,1,7,4.04719e-4,ASV_00366,SE1
361,1,2,3.7409e-4,ASV_00367,IT2
361,1,6,8.15255e-5,ASV_00367,UK2
361,1,7,3.87345e-4,ASV_00367,SE1
362,1,1,1.98349e-4,ASV_00368,IT1
362,1,2,2.84444e-4,ASV_00368,IT2
362,1,5,9.17962e-4,ASV_00368,UK1
362,1,6,2.62457e-4,ASV_00368,UK2
363,1,2,5.6023e-4,ASV_00369,IT2
363,1,5,5.77936e-4,ASV_00369,UK1
363,1,6,1.13574e-4,ASV_00369,UK2
363,1,7,3.02887e-4,ASV_00369,SE1
364,1,5,5.62069e-4,ASV_00370,UK1
364,1,6,2.9869e-4,ASV_00370,UK2
365,1,5,8.16407e-4,ASV_00371,UK1
365,1,6,1.24973e-4,ASV_00371,UK2
365,1,7,2.88917e-4,ASV_00371,SE1
366,1,2,3.72803e-4,ASV_00372,IT2
366,1,6,1.56895e-4,ASV_00372,UK2
367,1,1,2.0101e-4,ASV_00373,IT1
367,1,2,2.4599e-4,ASV_00373,IT2
367,1,5,8.09351e-4,ASV_00373,UK1
367,1,6,2.76473e-4,ASV_00373,UK2
367,1,7,3.17501e-4,ASV_00373,SE1
368,1,5,6.66208e-4,ASV_00374,UK1
368,1,6,1.76008e-4,ASV_00374,UK2
368,1,7,6.26974e-4,ASV_00374,SE1
369,1,6,1.45055e-4,ASV_00375,UK2
370,1,2,3.28302e-4,ASV_00376,IT2
370,1,4,4.11338e-4,ASV_00376,FI1
370,1,5,6.58995e-4,ASV_00376,UK1
370,1,6,1.41555e-4,ASV_00376,UK2
370,1,7,4.72326e-4,ASV_00376,SE1
371,1,2,3.87953e-4,ASV_00377,IT2
371,1,3,1.73118e-5,ASV_00377,IT3
371,1,4,3.1228e-4,ASV_00377,FI1
371,1,5,5.90514e-4,ASV_00377,UK1
371,1,6,1.60313e-4,ASV_00377,UK2
372,1,1,2.98605e-4,ASV_00378,IT1
372,1,2,4.26669e-4,ASV_00378,IT2
372,1,5,6.63748e-4,ASV_00378,UK1
372,1,6,1.47465e-4,ASV_00378,UK2
373,1,4,4.37547e-4,ASV_00379,FI1
373,1,6,1.99849e-4,ASV_00379,UK2
373,1,7,4.88726e-4,ASV_00379,SE1
374,1,1,2.71217e-4,ASV_00380,IT1
374,1,2,5.88108e-4,ASV_00380,IT2
374,1,5,6.53443e-4,ASV_00380,UK1
374,1,6,2.28365e-4,ASV_00380,UK2
375,1,1,2.89149e-4,ASV_00381,IT1
375,1,2,6.74528e-4,ASV_00381,IT2
375,1,3,2.95088e-5,ASV_00381,IT3
375,1,5,5.14441e-4,ASV_00381,UK1
375,1,6,2.39204e-4,ASV_00381,UK2
376,1,1,2.21607e-4,ASV_00382,IT1
376,1,2,3.65488e-4,ASV_00382,IT2
376,1,5,7.4573e-4,ASV_00382,UK1
376,1,6,1.29976e-4,ASV_00382,UK2
376,1,7,2.58127e-4,ASV_00382,SE1
377,1,1,1.94156e-4,ASV_00383,IT1
378,1,1,2.17962e-4,ASV_00384,IT1
378,1,2,5.15247e-4,ASV_00384,IT2
378,1,3,1.69014e-5,ASV_00384,IT3
378,1,4,3.64036e-4,ASV_00384,FI1
378,1,5,7.60942e-4,ASV_00384,UK1
378,1,6,1.90087e-4,ASV_00384,UK2
378,1,7,3.89828e-4,ASV_00384,SE1
379,1,4,1.72557e-4,ASV_00385,FI1
379,1,5,6.68834e-4,ASV_00385,UK1
379,1,6,2.03337e-4,ASV_00385,UK2
379,1,7,1.51532e-4,ASV_00385,SE1
380,1,6,1.15281e-4,ASV_00386,UK2
380,1,7,1.8046e-4,ASV_00386,SE1
381,1,2,4.31015e-4,ASV_00387,IT2
381,1,4,1.38286e-4,ASV_00387,FI1
381,1,5,9.25667e-4,ASV_00387,UK1
381,1,6,5.58499e-5,ASV_00387,UK2
381,1,7,2.16722e-4,ASV_00387,SE1
382,1,4,0.00028961600000000003,ASV_00388,FI1
382,1,6,7.83085e-5,ASV_00388,UK2
383,1,2,4.04783e-4,ASV_00389,IT2
383,1,6,2.44075e-4,ASV_00389,UK2
384,1,1,1.55807e-4,ASV_00390,IT1
384,1,2,2.52663e-4,ASV_00390,IT2
384,1,5,7.00934e-4,ASV_00390,UK1
384,1,6,2.53812e-4,ASV_00390,UK2
385,1,1,3.12343e-4,ASV_00391,IT1
385,1,2,3.22518e-4,ASV_00391,IT2
385,1,5,7.71245e-4,ASV_00391,UK1
385,1,6,2.07339e-4,ASV_00391,UK2
386,1,4,2.02668e-4,ASV_00392,FI1
386,1,5,7.95096e-4,ASV_00392,UK1
386,1,6,3.70085e-4,ASV_00392,UK2
386,1,7,6.2139e-4,ASV_00392,SE1
387,1,1,2.9901e-4,ASV_00393,IT1
387,1,2,4.56372e-4,ASV_00393,IT2
387,1,5,9.61787e-4,ASV_00393,UK1
387,1,6,9.1809e-5,ASV_00393,UK2
388,1,5,5.4263e-4,ASV_00394,UK1
388,1,6,2.68465e-4,ASV_00394,UK2
389,1,2,2.99301e-4,ASV_00395,IT2
389,1,3,5.37033e-6,ASV_00395,IT3
389,1,6,1.43848e-4,ASV_00395,UK2
389,1,7,4.83843e-4,ASV_00395,SE1
390,1,1,3.06227e-4,ASV_00396,IT1
391,1,2,2.38523e-4,ASV_00397,IT2
391,1,4,5.71611e-4,ASV_00397,FI1
391,1,5,9.18454e-4,ASV_00397,UK1
392,1,2,1.27887e-4,ASV_00398,IT2
392,1,5,7.31737e-4,ASV_00398,UK1
392,1,6,2.86495e-4,ASV_00398,UK2
393,1,2,2.07727e-4,ASV_00399,IT2
393,1,3,3.52438e-5,ASV_00399,IT3
393,1,5,8.245e-4,ASV_00399,UK1
393,1,6,1.03742e-4,ASV_00399,UK2
394,1,2,1.93255e-4,ASV_00400,IT2
394,1,6,1.19616e-4,ASV_00400,UK2
394,1,7,3.20333e-4,ASV_00400,SE1
395,1,1,1.57714e-4,ASV_00402,IT1
395,1,2,1.26915e-4,ASV_00402,IT2
395,1,3,4.39045e-5,ASV_00402,IT3
395,1,5,8.94264e-4,ASV_00402,UK1
395,1,6,5.07801e-5,ASV_00402,UK2
396,1,2,4.89484e-4,ASV_00403,IT2
397,1,1,2.3533e-4,ASV_00404,IT1
397,1,2,4.72017e-4,ASV_00404,IT2
397,1,3,1.91021e-5,ASV_00404,IT3
397,1,6,2.33008e-4,ASV_00404,UK2
398,1,2,3.31989e-4,ASV_00406,IT2
398,1,4,3.27234e-4,ASV_00406,FI1
398,1,5,9.28737e-4,ASV_00406,UK1
398,1,6,1.50755e-4,ASV_00406,UK2
398,1,7,4.43238e-4,ASV_00406,SE1
399,1,2,4.12218e-4,ASV_00407,IT2
399,1,6,9.53348e-5,ASV_00407,UK2
400,1,2,6.49955e-4,ASV_00409,IT2
400,1,6,3.85816e-4,ASV_00409,UK2
401,1,1,2.45527e-4,ASV_00410,IT1
401,1,2,2.89873e-4,ASV_00410,IT2
401,1,5,6.82919e-4,ASV_00410,UK1
401,1,6,1.96231e-4,ASV_00410,UK2
401,1,7,2.02749e-4,ASV_00410,SE1
402,1,1,2.46453e-4,ASV_00411,IT1
402,1,2,4.59156e-4,ASV_00411,IT2
402,1,5,7.50914e-4,ASV_00411,UK1
402,1,6,2.28909e-4,ASV_00411,UK2
403,1,2,5.54256e-4,ASV_00412,IT2
404,1,6,1.48691e-4,ASV_00413,UK2
405,1,2,3.17672e-4,ASV_00415,IT2
405,1,6,2.3666e-4,ASV_00415,UK2
405,1,7,3.13141e-4,ASV_00415,SE1
406,1,2,2.64133e-4,ASV_00416,IT2
406,1,5,7.70358e-4,ASV_00416,UK1
406,1,6,1.12653e-4,ASV_00416,UK2
406,1,7,5.66663e-4,ASV_00416,SE1
407,1,6,8.68905e-5,ASV_00417,UK2
407,1,7,4.45028e-4,ASV_00417,SE1
408,1,2,4.49131e-4,ASV_00418,IT2
409,1,6,1.46665e-4,ASV_00419,UK2
409,1,7,3.32832e-4,ASV_00419,SE1
410,1,6,1.33351e-4,ASV_00420,UK2
411,1,1,2.71727e-4,ASV_00421,IT1
411,1,2,6.12201e-4,ASV_00421,IT2
411,1,4,3.6481e-4,ASV_00421,FI1
411,1,5,5.32554e-4,ASV_00421,UK1
411,1,6,1.40852e-4,ASV_00421,UK2
412,1,2,4.58544e-4,ASV_00422,IT2
412,1,5,3.0026e-4,ASV_00422,UK1
413,1,2,2.25626e-4,ASV_00423,IT2
414,1,6,2.12461e-4,ASV_00424,UK2
414,1,7,2.33871e-4,ASV_00424,SE1
415,1,2,7.45101e-4,ASV_00425,IT2
415,1,3,3.64117e-5,ASV_00425,IT3
415,1,4,4.16218e-4,ASV_00425,FI1
415,1,5,5.26415e-4,ASV_00425,UK1
415,1,6,1.4398e-4,ASV_00425,UK2
416,1,2,5.6699e-4,ASV_00426,IT2
416,1,4,1.65732e-4,ASV_00426,FI1
416,1,5,6.26004e-4,ASV_00426,UK1
416,1,6,1.72799e-4,ASV_00426,UK2
416,1,7,4.58535e-4,ASV_00426,SE1
417,1,2,2.2555e-4,ASV_00428,IT2
417,1,5,8.41785e-4,ASV_00428,UK1
417,1,6,2.26851e-4,ASV_00428,UK2
418,1,2,4.14415e-4,ASV_00429,IT2
418,1,5,7.28599e-4,ASV_00429,UK1
418,1,6,1.52851e-4,ASV_00429,UK2
419,1,5,6.91919e-4,ASV_00430,UK1
420,1,6,1.24551e-4,ASV_00431,UK2
420,1,7,3.98766e-4,ASV_00431,SE1
421,1,6,1.7645e-4,ASV_00434,UK2
422,1,4,3.78906e-4,ASV_00435,FI1
422,1,6,2.0042e-4,ASV_00435,UK2
422,1,7,1.97338e-4,ASV_00435,SE1
423,1,5,8.94357e-4,ASV_00436,UK1
423,1,6,2.16463e-4,ASV_00436,UK2
424,1,1,1.51858e-4,ASV_00437,IT1
424,1,2,3.18774e-4,ASV_00437,IT2
424,1,5,8.12812e-4,ASV_00437,UK1
424,1,6,1.54296e-4,ASV_00437,UK2
425,1,2,3.68744e-4,ASV_00438,IT2
425,1,3,1.94606e-5,ASV_00438,IT3
425,1,6,1.8277e-4,ASV_00438,UK2
425,1,7,3.05043e-4,ASV_00438,SE1
426,1,6,1.41868e-4,ASV_00439,UK2
427,1,1,3.13429e-4,ASV_00440,IT1
427,1,2,4.4044e-4,ASV_00440,IT2
428,1,2,5.91953e-4,ASV_00441,IT2
428,1,3,2.48773e-5,ASV_00441,IT3
428,1,6,1.31458e-4,ASV_00441,UK2
428,1,7,2.01272e-4,ASV_00441,SE1
429,1,2,3.58579e-4,ASV_00442,IT2
429,1,4,5.59549e-4,ASV_00442,FI1
429,1,5,7.78464e-4,ASV_00442,UK1
429,1,6,7.94768e-5,ASV_00442,UK2
429,1,7,2.18873e-4,ASV_00442,SE1
430,1,2,3.56534e-4,ASV_00443,IT2
430,1,5,8.92051e-4,ASV_00443,UK1
431,1,2,3.30619e-4,ASV_00444,IT2
431,1,5,5.96663e-4,ASV_00444,UK1
431,1,6,1.41766e-4,ASV_00444,UK2
431,1,7,3.11511e-4,ASV_00444,SE1
432,1,2,4.12298e-4,ASV_00445,IT2
432,1,5,5.68762e-4,ASV_00445,UK1
433,1,7,1.55186e-4,ASV_00446,SE1
434,1,1,1.24552e-4,ASV_00447,IT1
434,1,2,2.24881e-4,ASV_00447,IT2
434,1,3,4.82899e-5,ASV_00447,IT3
434,1,5,7.07334e-4,ASV_00447,UK1
434,1,6,1.1824e-4,ASV_00447,UK2
434,1,7,2.15684e-4,ASV_00447,SE1
435,1,6,1.15239e-4,ASV_00448,UK2
436,1,1,2.3612e-4,ASV_00449,IT1
436,1,4,4.43942e-4,ASV_00449,FI1
436,1,7,1.94473e-4,ASV_00449,SE1
437,1,2,5.18902e-4,ASV_00450,IT2
437,1,6,1.16774e-4,ASV_00450,UK2
438,1,1,3.41808e-4,ASV_00451,IT1
438,1,2,4.47863e-4,ASV_00451,IT2
439,1,1,2.3895e-4,ASV_00452,IT1
439,1,2,3.9072e-4,ASV_00452,IT2
439,1,3,2.58604e-5,ASV_00452,IT3
439,1,4,3.30852e-4,ASV_00452,FI1
439,1,5,9.47224e-4,ASV_00452,UK1
439,1,6,1.15598e-4,ASV_00452,UK2
439,1,7,2.21475e-4,ASV_00452,SE1
440,1,2,4.64103e-4,ASV_00453,IT2
440,1,6,3.00796e-4,ASV_00453,UK2
441,1,1,2.5358e-4,ASV_00454,IT1
441,1,2,2.90511e-4,ASV_00454,IT2
441,1,5,0.00113097,ASV_00454,UK1
441,1,6,2.43867e-4,ASV_00454,UK2
442,1,2,2.504e-4,ASV_00455,IT2
442,1,5,7.47139e-4,ASV_00455,UK1
443,1,6,2.06074e-4,ASV_00456,UK2
443,1,7,2.22006e-4,ASV_00456,SE1
444,1,5,8.80875e-4,ASV_00457,UK1
444,1,6,2.5356e-4,ASV_00457,UK2
445,1,2,6.02048e-4,ASV_00458,IT2
445,1,3,5.4387e-5,ASV_00458,IT3
445,1,5,6.88151e-4,ASV_00458,UK1
445,1,6,1.93201e-4,ASV_00458,UK2
446,1,2,2.61505e-4,ASV_00459,IT2
446,1,6,1.31881e-4,ASV_00459,UK2
447,1,1,1.14803e-4,ASV_00460,IT1
447,1,2,3.22018e-4,ASV_00460,IT2
448,1,4,4.8412e-4,ASV_00461,FI1
448,1,5,5.59583e-4,ASV_00461,UK1
448,1,6,1.64072e-4,ASV_00461,UK2
449,1,5,8.51711e-4,ASV_00462,UK1
449,1,6,2.38883e-4,ASV_00462,UK2
450,1,2,5.43851e-4,ASV_00463,IT2
450,1,5,5.88932e-4,ASV_00463,UK1
451,1,1,2.61249e-4,ASV_00464,IT1
451,1,2,4.48893e-4,ASV_00464,IT2
451,1,3,7.00498e-5,ASV_00464,IT3
451,1,4,2.9352e-4,ASV_00464,FI1
451,1,5,7.72643e-4,ASV_00464,UK1
451,1,6,1.46596e-4,ASV_00464,UK2
451,1,7,2.94467e-4,ASV_00464,SE1
452,1,2,3.81012e-4,ASV_00465,IT2
453,1,6,3.76214e-5,ASV_00466,UK2
454,1,2,2.49038e-4,ASV_00467,IT2
454,1,6,3.15843e-4,ASV_00467,UK2
455,1,1,2.32247e-4,ASV_00468,IT1
455,1,2,4.11517e-4,ASV_00468,IT2
455,1,5,7.68475e-4,ASV_00468,UK1
455,1,6,1.76053e-4,ASV_00468,UK2
456,1,7,3.2868e-4,ASV_00470,SE1
457,1,2,5.06392e-4,ASV_00471,IT2
457,1,5,6.03619e-4,ASV_00471,UK1
457,1,6,1.13301e-4,ASV_00471,UK2
457,1,7,6.51669e-4,ASV_00471,SE1
458,1,4,8.60466e-5,ASV_00472,FI1
458,1,7,3.11439e-4,ASV_00472,SE1
459,1,2,3.40701e-4,ASV_00474,IT2
459,1,4,4.50303e-4,ASV_00474,FI1
459,1,5,9.03514e-4,ASV_00474,UK1
459,1,6,1.60512e-4,ASV_00474,UK2
459,1,7,1.84028e-4,ASV_00474,SE1
460,1,4,4.93408e-4,ASV_00475,FI1
460,1,5,6.42418e-4,ASV_00475,UK1
460,1,6,1.99526e-4,ASV_00475,UK2
460,1,7,3.25529e-4,ASV_00475,SE1
461,1,1,1.85341e-4,ASV_00476,IT1
461,1,2,4.06141e-4,ASV_00476,IT2
461,1,5,6.69095e-4,ASV_00476,UK1
462,1,2,5.46887e-4,ASV_00477,IT2
462,1,4,2.99999e-4,ASV_00477,FI1
462,1,5,9.21185e-4,ASV_00477,UK1
462,1,6,8.4562e-5,ASV_00477,UK2
462,1,7,2.00614e-4,ASV_00477,SE1
463,1,4,2.87445e-4,ASV_00478,FI1
463,1,6,2.27128e-4,ASV_00478,UK2
463,1,7,2.3022e-4,ASV_00478,SE1
464,1,2,6.23793e-4,ASV_00479,IT2
464,1,6,2.59791e-4,ASV_00479,UK2
465,1,4,4.59516e-4,ASV_00481,FI1
465,1,6,3.02138e-4,ASV_00481,UK2
465,1,7,1.14548e-4,ASV_00481,SE1
466,1,1,2.64972e-4,ASV_00482,IT1
466,1,2,5.04962e-4,ASV_00482,IT2
466,1,3,8.558e-5,ASV_00482,IT3
467,1,2,2.2038e-4,ASV_00483,IT2
467,1,4,3.16668e-4,ASV_00483,FI1
467,1,5,9.14225e-4,ASV_00483,UK1
467,1,6,1.69045e-4,ASV_00483,UK2
467,1,7,1.8731e-4,ASV_00483,SE1
468,1,6,1.55408e-4,ASV_00484,UK2
468,1,7,3.37875e-4,ASV_00484,SE1
469,1,2,3.05621e-4,ASV_00485,IT2
470,1,2,3.77977e-4,ASV_00486,IT2
470,1,4,1.89284e-4,ASV_00486,FI1
470,1,5,7.14856e-4,ASV_00486,UK1
470,1,6,1.40207e-4,ASV_00486,UK2
470,1,7,2.08373e-4,ASV_00486,SE1
471,1,4,1.16648e-4,ASV_00487,FI1
471,1,5,7.41123e-4,ASV_00487,UK1
471,1,6,1.68742e-4,ASV_00487,UK2
471,1,7,2.85165e-4,ASV_00487,SE1
472,1,2,4.37747e-4,ASV_00488,IT2
473,1,1,2.35679e-4,ASV_00490,IT1
473,1,2,2.30711e-4,ASV_00490,IT2
473,1,5,7.15162e-4,ASV_00490,UK1
473,1,6,1.65482e-4,ASV_00490,UK2
473,1,7,2.41588e-4,ASV_00490,SE1
474,1,6,2.00904e-4,ASV_00492,UK2
475,1,1,2.23904e-4,ASV_00493,IT1
475,1,2,6.25504e-4,ASV_00493,IT2
475,1,4,7.9375e-5,ASV_00493,FI1
475,1,5,6.10968e-4,ASV_00493,UK1
475,1,6,2.06056e-4,ASV_00493,UK2
475,1,7,5.62525e-4,ASV_00493,SE1
476,1,2,3.94441e-4,ASV_00494,IT2
476,1,4,1.92021e-4,ASV_00494,FI1
476,1,5,6.07573e-4,ASV_00494,UK1
476,1,6,8.70516e-5,ASV_00494,UK2
476,1,7,4.89135e-4,ASV_00494,SE1
477,1,2,4.21304e-4,ASV_00495,IT2
477,1,4,3.43922e-4,ASV_00495,FI1
477,1,5,7.94388e-4,ASV_00495,UK1
477,1,6,2.73761e-4,ASV_00495,UK2
477,1,7,1.48125e-4,ASV_00495,SE1
478,1,2,3.84164e-4,ASV_00496,IT2
478,1,6,1.40629e-4,ASV_00496,UK2
479,1,4,2.41217e-4,ASV_00497,FI1
479,1,6,1.26012e-4,ASV_00497,UK2
479,1,7,3.06859e-4,ASV_00497,SE1
480,1,2,2.84793e-4,ASV_00498,IT2
481,1,4,3.06604e-4,ASV_00499,FI1
481,1,5,7.83912e-4,ASV_00499,UK1
482,1,1,1.88228e-4,ASV_00501,IT1
482,1,2,4.23156e-4,ASV_00501,IT2
482,1,3,4.60877e-5,ASV_00501,IT3
482,1,5,6.02318e-4,ASV_00501,UK1
482,1,6,1.35378e-4,ASV_00501,UK2
483,1,6,7.14138e-5,ASV_00502,UK2
483,1,7,3.19357e-4,ASV_00502,SE1
484,1,2,3.7089e-4,ASV_00503,IT2
485,1,1,1.6171e-4,ASV_00504,IT1
485,1,2,2.69219e-4,ASV_00504,IT2
485,1,3,3.36395e-5,ASV_00504,IT3
485,1,4,1.87891e-4,ASV_00504,FI1
485,1,6,1.09119e-4,ASV_00504,UK2
485,1,7,3.16502e-4,ASV_00504,SE1
486,1,4,3.55147e-4,ASV_00505,FI1
486,1,7,2.98885e-4,ASV_00505,SE1
487,1,2,4.11353e-4,ASV_00506,IT2
487,1,5,8.95329e-4,ASV_00506,UK1
488,1,2,4.80744e-4,ASV_00507,IT2
488,1,5,6.53792e-4,ASV_00507,UK1
488,1,6,1.20684e-4,ASV_00507,UK2
489,1,1,1.54152e-4,ASV_00508,IT1
489,1,2,2.91717e-4,ASV_00508,IT2
489,1,5,4.66696e-4,ASV_00508,UK1
489,1,7,3.33669e-4,ASV_00508,SE1
490,1,7,4.16001e-4,ASV_00509,SE1
491,1,5,7.89932e-4,ASV_00510,UK1
491,1,6,2.0942e-4,ASV_00510,UK2
492,1,2,3.05275e-4,ASV_00511,IT2
492,1,5,8.23005e-4,ASV_00511,UK1
492,1,6,1.52153e-4,ASV_00511,UK2
493,1,2,1.6837e-4,ASV_00512,IT2
493,1,5,8.95003e-4,ASV_00512,UK1
493,1,6,1.00442e-4,ASV_00512,UK2
494,1,2,3.16567e-4,ASV_00513,IT2
494,1,4,2.92315e-4,ASV_00513,FI1
494,1,5,6.0929e-4,ASV_00513,UK1
495,1,1,2.65793e-4,ASV_00514,IT1
495,1,2,5.8338e-4,ASV_00514,IT2
496,1,7,2.69273e-4,ASV_00515,SE1
497,1,2,2.93209e-4,ASV_00517,IT2
497,1,4,2.53676e-4,ASV_00517,FI1
497,1,5,7.6004e-4,ASV_00517,UK1
497,1,6,1.59399e-4,ASV_00517,UK2
497,1,7,3.32653e-4,ASV_00517,SE1
498,1,2,3.60323e-4,ASV_00518,IT2
499,1,5,5.86326e-4,ASV_00519,UK1
500,1,2,3.10578e-4,ASV_00520,IT2
500,1,6,1.25682e-4,ASV_00520,UK2
500,1,7,1.93475e-4,ASV_00520,SE1
501,1,2,4.78696e-4,ASV_00521,IT2
502,1,5,4.43747e-4,ASV_00522,UK1
502,1,6,2.45225e-4,ASV_00522,UK2
503,1,4,1.73365e-4,ASV_00523,FI1
504,1,2,2.6911e-4,ASV_00524,IT2
504,1,5,6.75607e-4,ASV_00524,UK1
504,1,6,1.58278e-4,ASV_00524,UK2
504,1,7,2.12133e-4,ASV_00524,SE1
505,1,5,8.65654e-4,ASV_00526,UK1
506,1,1,2.62879e-4,ASV_00527,IT1
506,1,3,4.88574e-5,ASV_00527,IT3
506,1,5,0.00100067,ASV_00527,UK1
506,1,6,1.19545e-4,ASV_00527,UK2
507,1,2,7.01905e-4,ASV_00528,IT2
507,1,5,9.99741e-4,ASV_00528,UK1
508,1,1,8.55054e-5,ASV_00529,IT1
508,1,2,2.71682e-4,ASV_00529,IT2
508,1,5,7.7163e-4,ASV_00529,UK1
508,1,6,2.19847e-4,ASV_00529,UK2
509,1,1,2.62918e-4,ASV_00530,IT1
509,1,2,4.89132e-4,ASV_00530,IT2
509,1,5,5.81963e-4,ASV_00530,UK1
510,1,4,3.60492e-4,ASV_00531,FI1
510,1,6,1.12589e-4,ASV_00531,UK2
511,1,6,2.03257e-4,ASV_00532,UK2
512,1,2,4.17396e-4,ASV_00533,IT2
513,1,2,2.26781e-4,ASV_00534,IT2
513,1,7,3.67912e-4,ASV_00534,SE1
514,1,4,2.70256e-4,ASV_00535,FI1
514,1,6,1.64991e-4,ASV_00535,UK2
514,1,7,3.32525e-4,ASV_00535,SE1
515,1,2,5.41521e-4,ASV_00536,IT2
515,1,4,2.94051e-4,ASV_00536,FI1
515,1,6,1.78352e-4,ASV_00536,UK2
516,1,1,3.05853e-4,ASV_00537,IT1
516,1,5,8.24465e-4,ASV_00537,UK1
517,1,4,2.98088e-4,ASV_00538,FI1
517,1,5,8.86957e-4,ASV_00538,UK1
517,1,6,1.06811e-4,ASV_00538,UK2
518,1,6,9.61037e-5,ASV_00540,UK2
519,1,2,4.08444e-4,ASV_00541,IT2
519,1,4,1.40271e-4,ASV_00541,FI1
519,1,5,6.95128e-4,ASV_00541,UK1
519,1,6,1.07176e-4,ASV_00541,UK2
519,1,7,3.70668e-4,ASV_00541,SE1
520,1,1,1.64977e-4,ASV_00542,IT1
520,1,2,2.24618e-4,ASV_00542,IT2
520,1,3,2.1226e-5,ASV_00542,IT3
520,1,5,6.20882e-4,ASV_00542,UK1
521,1,2,3.19811e-4,ASV_00543,IT2
521,1,4,4.47742e-4,ASV_00543,FI1
521,1,6,1.41648e-4,ASV_00543,UK2
521,1,7,3.1429e-4,ASV_00543,SE1
522,1,2,1.20424e-4,ASV_00544,IT2
523,1,6,2.16422e-4,ASV_00545,UK2
524,1,4,3.91611e-4,ASV_00546,FI1
524,1,6,1.19669e-4,ASV_00546,UK2
524,1,7,3.17289e-4,ASV_00546,SE1
525,1,2,4.31839e-4,ASV_00548,IT2
525,1,4,3.14956e-4,ASV_00548,FI1
525,1,6,1.61294e-4,ASV_00548,UK2
525,1,7,4.6287e-4,ASV_00548,SE1
526,1,1,9.86955e-5,ASV_00550,IT1
526,1,2,5.01719e-4,ASV_00550,IT2
526,1,3,2.96115e-5,ASV_00550,IT3
526,1,5,6.40955e-4,ASV_00550,UK1
526,1,6,1.77314e-4,ASV_00550,UK2
527,1,2,3.88652e-4,ASV_00551,IT2
527,1,5,6.99068e-4,ASV_00551,UK1
528,1,6,2.48763e-4,ASV_00552,UK2
528,1,7,1.04076e-4,ASV_00552,SE1
529,1,2,3.1416e-4,ASV_00554,IT2
529,1,4,4.03102e-4,ASV_00554,FI1
529,1,5,9.10312e-4,ASV_00554,UK1
529,1,6,5.26037e-5,ASV_00554,UK2
529,1,7,2.35395e-4,ASV_00554,SE1
530,1,1,1.89856e-4,ASV_00555,IT1
530,1,2,3.81759e-4,ASV_00555,IT2
530,1,6,2.3215e-4,ASV_00555,UK2
531,1,1,2.86476e-4,ASV_00556,IT1
531,1,2,2.39285e-4,ASV_00556,IT2
531,1,5,0.00102907,ASV_00556,UK1
532,1,4,2.91353e-4,ASV_00557,FI1
532,1,6,1.07285e-4,ASV_00557,UK2
532,1,7,9.39745e-5,ASV_00557,SE1
533,1,6,2.25485e-4,ASV_00558,UK2
534,1,2,2.24959e-4,ASV_00559,IT2
534,1,6,2.05045e-4,ASV_00559,UK2
534,1,7,1.86351e-4,ASV_00559,SE1
535,1,2,3.14988e-4,ASV_00561,IT2
536,1,5,8.95972e-4,ASV_00562,UK1
537,1,2,3.28698e-4,ASV_00563,IT2
537,1,4,1.91076e-4,ASV_00563,FI1
537,1,6,2.754e-4,ASV_00563,UK2
537,1,7,3.23053e-4,ASV_00563,SE1
538,1,1,2.70919e-4,ASV_00564,IT1
538,1,5,8.69032e-4,ASV_00564,UK1
539,1,6,9.05286e-5,ASV_00565,UK2
540,1,2,1.47222e-4,ASV_00566,IT2
540,1,5,9.49945e-4,ASV_00566,UK1
540,1,6,1.27887e-4,ASV_00566,UK2
541,1,2,3.06611e-4,ASV_00568,IT2
541,1,5,4.69128e-4,ASV_00568,UK1
541,1,6,1.56377e-4,ASV_00568,UK2
542,1,2,4.83253e-4,ASV_00569,IT2
542,1,5,6.32467e-4,ASV_00569,UK1
543,1,1,3.5121e-4,ASV_00570,IT1
543,1,2,4.1918e-4,ASV_00570,IT2
543,1,4,3.02569e-4,ASV_00570,FI1
543,1,5,9.05963e-4,ASV_00570,UK1
543,1,6,1.3709e-4,ASV_00570,UK2
543,1,7,2.37772e-4,ASV_00570,SE1
544,1,1,2.25122e-4,ASV_00571,IT1
544,1,2,1.91716e-4,ASV_00571,IT2
545,1,2,4.11268e-4,ASV_00572,IT2
545,1,3,3.22313e-5,ASV_00572,IT3
545,1,6,1.7894e-4,ASV_00572,UK2
546,1,1,1.69742e-4,ASV_00574,IT1
546,1,2,4.3578e-4,ASV_00574,IT2
546,1,3,2.75226e-5,ASV_00574,IT3
546,1,5,8.54895e-4,ASV_00574,UK1
546,1,6,2.07955e-4,ASV_00574,UK2
546,1,7,1.79681e-4,ASV_00574,SE1
547,1,4,1.64651e-4,ASV_00575,FI1
547,1,6,2.17431e-4,ASV_00575,UK2
547,1,7,2.53608e-4,ASV_00575,SE1
548,1,1,2.30595e-4,ASV_00576,IT1
548,1,2,3.2e-4,ASV_00576,IT2
548,1,5,7.3603e-4,ASV_00576,UK1
548,1,6,1.17164e-4,ASV_00576,UK2
549,1,5,7.69681e-4,ASV_00577,UK1
549,1,6,1.44535e-4,ASV_00577,UK2
550,1,2,6.09572e-4,ASV_00581,IT2
550,1,5,8.37994e-4,ASV_00581,UK1
550,1,6,2.06319e-4,ASV_00581,UK2
551,1,6,2.84961e-4,ASV_00582,UK2
552,1,4,3.96055e-4,ASV_00583,FI1
552,1,7,9.67714e-5,ASV_00583,SE1
553,1,5,7.46302e-4,ASV_00584,UK1
553,1,6,1.22824e-4,ASV_00584,UK2
554,1,6,2.30746e-4,ASV_00585,UK2
555,1,6,1.0979e-4,ASV_00586,UK2
556,1,2,4.96409e-4,ASV_00587,IT2
556,1,4,3.86759e-4,ASV_00587,FI1
556,1,5,7.88573e-4,ASV_00587,UK1
556,1,6,1.21716e-4,ASV_00587,UK2
556,1,7,2.71894e-4,ASV_00587,SE1
557,1,5,6.18865e-4,ASV_00589,UK1
557,1,6,1.57512e-4,ASV_00589,UK2
558,1,7,2.021e-4,ASV_00590,SE1
559,1,5,5.71551e-4,ASV_00591,UK1
559,1,6,6.50321e-5,ASV_00591,UK2
560,1,2,4.45917e-4,ASV_00592,IT2
561,1,6,1.06113e-4,ASV_00593,UK2
561,1,7,1.66786e-4,ASV_00593,SE1
562,1,1,2.45956e-4,ASV_00594,IT1
562,1,2,4.91514e-4,ASV_00594,IT2
563,1,1,1.84873e-4,ASV_00595,IT1
563,1,2,1.432e-4,ASV_00595,IT2
563,1,5,8.47455e-4,ASV_00595,UK1
563,1,6,2.11839e-4,ASV_00595,UK2
564,1,1,1.85414e-4,ASV_00596,IT1
564,1,2,4.93368e-4,ASV_00596,IT2
565,1,6,2.99813e-4,ASV_00597,UK2
566,1,4,2.65113e-4,ASV_00600,FI1
566,1,6,1.29008e-4,ASV_00600,UK2
566,1,7,4.57733e-4,ASV_00600,SE1
567,1,4,4.65692e-4,ASV_00601,FI1
567,1,7,2.83783e-4,ASV_00601,SE1
568,1,6,1.24259e-4,ASV_00602,UK2
569,1,4,2.73653e-4,ASV_00603,FI1
569,1,6,2.11091e-4,ASV_00603,UK2
569,1,7,8.88622e-5,ASV_00603,SE1
570,1,5,8.38555e-4,ASV_00604,UK1
570,1,6,8.2046e-5,ASV_00604,UK2
571,1,4,2.59146e-4,ASV_00607,FI1
571,1,5,4.91967e-4,ASV_00607,UK1
571,1,6,1.33809e-4,ASV_00607,UK2
571,1,7,1.5377e-4,ASV_00607,SE1
572,1,4,5.28135e-4,ASV_00610,FI1
572,1,7,4.35398e-4,ASV_00610,SE1
573,1,2,3.87039e-4,ASV_00611,IT2
573,1,5,4.84666e-4,ASV_00611,UK1
574,1,2,5.81908e-4,ASV_00612,IT2
574,1,5,6.74187e-4,ASV_00612,UK1
575,1,1,1.54054e-4,ASV_00613,IT1
575,1,2,5.3523e-4,ASV_00613,IT2
576,1,7,2.0432e-4,ASV_00614,SE1
577,1,2,4.21188e-4,ASV_00615,IT2
577,1,5,8.6309e-4,ASV_00615,UK1
578,1,2,3.06827e-4,ASV_00618,IT2
578,1,5,8.29517e-4,ASV_00618,UK1
578,1,6,1.11397e-4,ASV_00618,UK2
579,1,1,1.36121e-4,ASV_00619,IT1
580,1,2,4.18565e-4,ASV_00620,IT2
580,1,4,2.73171e-4,ASV_00620,FI1
580,1,5,6.74913e-4,ASV_00620,UK1
580,1,6,1.68763e-4,ASV_00620,UK2
581,1,4,2.33272e-4,ASV_00621,FI1
581,1,7,5.30892e-4,ASV_00621,SE1
582,1,1,1.53259e-4,ASV_00622,IT1
582,1,2,3.03207e-4,ASV_00622,IT2
582,1,5,7.67924e-4,ASV_00622,UK1
582,1,6,2.69066e-4,ASV_00622,UK2
583,1,4,3.31308e-4,ASV_00626,FI1
583,1,6,1.16854e-4,ASV_00626,UK2
584,1,4,3.4838e-4,ASV_00627,FI1
584,1,5,0.00101976,ASV_00627,UK1
584,1,6,1.12835e-4,ASV_00627,UK2
584,1,7,2.50889e-4,ASV_00627,SE1
585,1,2,4.20304e-4,ASV_00628,IT2
585,1,5,8.50455e-4,ASV_00628,UK1
585,1,6,1.73191e-4,ASV_00628,UK2
586,1,6,2.00256e-4,ASV_00629,UK2
587,1,2,3.95415e-4,ASV_00630,IT2
587,1,4,2.99293e-4,ASV_00630,FI1
587,1,6,1.12945e-4,ASV_00630,UK2
587,1,7,2.0545e-4,ASV_00630,SE1
588,1,7,4.18116e-4,ASV_00631,SE1
589,1,2,3.94028e-4,ASV_00633,IT2
589,1,6,1.49901e-4,ASV_00633,UK2
590,1,1,1.98316e-4,ASV_00635,IT1
590,1,2,2.52264e-4,ASV_00635,IT2
590,1,5,0.00105219,ASV_00635,UK1
590,1,6,2.47912e-4,ASV_00635,UK2
591,1,2,3.21367e-4,ASV_00636,IT2
591,1,3,2.76565e-5,ASV_00636,IT3
592,1,6,1.46758e-4,ASV_00637,UK2
593,1,2,3.32824e-4,ASV_00638,IT2
593,1,4,3.25393e-4,ASV_00638,FI1
593,1,6,1.82363e-4,ASV_00638,UK2
593,1,7,3.15655e-4,ASV_00638,SE1
594,1,6,3.44497e-4,ASV_00639,UK2
595,1,4,3.95126e-4,ASV_00640,FI1
595,1,6,1.14481e-4,ASV_00640,UK2
595,1,7,3.00136e-4,ASV_00640,SE1
596,1,2,2.33038e-4,ASV_00641,IT2
596,1,4,2.00574e-4,ASV_00641,FI1
596,1,5,9.73311e-4,ASV_00641,UK1
596,1,6,1.61145e-4,ASV_00641,UK2
596,1,7,1.77948e-4,ASV_00641,SE1
597,1,2,2.85311e-4,ASV_00643,IT2
597,1,4,3.38253e-4,ASV_00643,FI1
597,1,5,9.90645e-4,ASV_00643,UK1
597,1,6,1.79467e-4,ASV_00643,UK2
597,1,7,2.12653e-4,ASV_00643,SE1
598,1,4,3.52497e-4,ASV_00644,FI1
598,1,7,1.44097e-4,ASV_00644,SE1
599,1,2,3.49834e-4,ASV_00645,IT2
599,1,4,8.22044e-5,ASV_00645,FI1
599,1,6,2.30159e-4,ASV_00645,UK2
599,1,7,1.88607e-4,ASV_00645,SE1
600,1,6,1.24976e-4,ASV_00647,UK2
600,1,7,2.28581e-4,ASV_00647,SE1
601,1,4,1.94026e-4,ASV_00649,FI1
601,1,7,2.51427e-4,ASV_00649,SE1
602,1,2,2.51044e-4,ASV_00651,IT2
602,1,4,4.18309e-4,ASV_00651,FI1
602,1,5,6.79768e-4,ASV_00651,UK1
602,1,6,2.4607e-4,ASV_00651,UK2
603,1,7,2.43499e-4,ASV_00652,SE1
604,1,6,2.89165e-4,ASV_00653,UK2
605,1,1,2.02852e-4,ASV_00654,IT1
605,1,2,3.65317e-4,ASV_00654,IT2
605,1,3,2.52505e-5,ASV_00654,IT3
605,1,5,6.05724e-4,ASV_00654,UK1
605,1,6,1.45608e-4,ASV_00654,UK2
605,1,7,3.91599e-4,ASV_00654,SE1
606,1,1,2.82424e-4,ASV_00656,IT1
606,1,2,5.11749e-4,ASV_00656,IT2
606,1,4,3.50644e-4,ASV_00656,FI1
606,1,5,3.76264e-4,ASV_00656,UK1
606,1,6,1.80665e-4,ASV_00656,UK2
606,1,7,4.98652e-4,ASV_00656,SE1
607,1,5,9.6311e-4,ASV_00657,UK1
607,1,6,1.22628e-4,ASV_00657,UK2
608,1,7,3.5606e-4,ASV_00659,SE1
609,1,6,1.82402e-4,ASV_00660,UK2
610,1,2,5.40837e-4,ASV_00662,IT2
610,1,4,5.49781e-4,ASV_00662,FI1
610,1,7,4.34885e-4,ASV_00662,SE1
611,1,6,1.78026e-4,ASV_00663,UK2
612,1,2,3.17095e-4,ASV_00665,IT2
612,1,6,2.35895e-4,ASV_00665,UK2
613,1,2,5.26017e-4,ASV_00666,IT2
613,1,4,4.65638e-4,ASV_00666,FI1
613,1,7,3.03591e-4,ASV_00666,SE1
614,1,2,5.63961e-4,ASV_00668,IT2
615,1,6,2.17966e-4,ASV_00669,UK2
616,1,6,1.76521e-4,ASV_00670,UK2
617,1,1,2.88424e-4,ASV_00671,IT1
617,1,2,3.24015e-4,ASV_00671,IT2
617,1,5,0.00105719,ASV_00671,UK1
617,1,6,2.40747e-4,ASV_00671,UK2
617,1,7,3.46583e-4,ASV_00671,SE1
618,1,2,4.62714e-4,ASV_00673,IT2
618,1,5,7.43288e-4,ASV_00673,UK1
618,1,6,1.4824e-4,ASV_00673,UK2
619,1,1,3.26961e-4,ASV_00674,IT1
620,1,7,3.55785e-4,ASV_00675,SE1
621,1,2,3.69996e-4,ASV_00676,IT2
621,1,6,1.92121e-4,ASV_00676,UK2
622,1,2,3.84669e-4,ASV_00679,IT2
622,1,5,7.30253e-4,ASV_00679,UK1
623,1,4,2.2987e-4,ASV_00682,FI1
623,1,6,1.55715e-4,ASV_00682,UK2
624,1,4,2.38829e-4,ASV_00683,FI1
624,1,7,5.00329e-4,ASV_00683,SE1
625,1,7,3.7638e-4,ASV_00685,SE1
626,1,2,5.09811e-4,ASV_00686,IT2
626,1,6,1.57434e-4,ASV_00686,UK2
626,1,7,8.77924e-5,ASV_00686,SE1
627,1,2,2.09185e-4,ASV_00687,IT2
628,1,6,1.94616e-4,ASV_00688,UK2
628,1,7,2.07337e-4,ASV_00688,SE1
629,1,4,5.07652e-4,ASV_00689,FI1
629,1,6,9.88404e-5,ASV_00689,UK2
629,1,7,2.84369e-4,ASV_00689,SE1
630,1,1,2.30234e-4,ASV_00690,IT1
630,1,5,0.0010342,ASV_00690,UK1
631,1,6,1.80864e-4,ASV_00693,UK2
631,1,7,5.95581e-4,ASV_00693,SE1
632,1,6,1.61511e-4,ASV_00694,UK2
633,1,6,1.35585e-4,ASV_00695,UK2
634,1,1,2.78169e-4,ASV_00697,IT1
634,1,2,1.77592e-4,ASV_00697,IT2
634,1,5,5.78894e-4,ASV_00697,UK1
635,1,6,1.78141e-4,ASV_00699,UK2
636,1,5,6.96412e-4,ASV_00700,UK1
636,1,7,8.23955e-5,ASV_00700,SE1
637,1,5,8.17766e-4,ASV_00701,UK1
638,1,4,2.75093e-4,ASV_00704,FI1
638,1,7,1.45496e-4,ASV_00704,SE1
639,1,4,2.3672e-4,ASV_00705,FI1
639,1,6,1.40784e-4,ASV_00705,UK2
640,1,5,7.8058e-4,ASV_00708,UK1
641,1,2,5.39939e-4,ASV_00709,IT2
641,1,6,1.97182e-4,ASV_00709,UK2
641,1,7,2.4789e-4,ASV_00709,SE1
642,1,7,5.38477e-4,ASV_00711,SE1
643,1,4,2.72446e-4,ASV_00712,FI1
643,1,7,1.55678e-4,ASV_00712,SE1
644,1,1,3.35095e-4,ASV_00714,IT1
644,1,2,2.47144e-4,ASV_00714,IT2
645,1,4,1.88699e-4,ASV_00715,FI1
646,1,2,3.36778e-4,ASV_00718,IT2
647,1,2,4.56529e-4,ASV_00721,IT2
647,1,5,9.25503e-4,ASV_00721,UK1
647,1,6,1.49968e-4,ASV_00721,UK2
647,1,7,2.63758e-4,ASV_00721,SE1
648,1,7,1.65611e-4,ASV_00722,SE1
649,1,4,6.8165e-4,ASV_00723,FI1
649,1,6,2.81187e-4,ASV_00723,UK2
649,1,7,4.10682e-4,ASV_00723,SE1
650,1,2,4.70528e-4,ASV_00724,IT2
651,1,2,5.20394e-4,ASV_00726,IT2
651,1,6,1.70828e-4,ASV_00726,UK2
651,1,7,2.84984e-4,ASV_00726,SE1
652,1,2,3.54776e-4,ASV_00727,IT2
652,1,4,3.71635e-4,ASV_00727,FI1
652,1,5,9.05891e-4,ASV_00727,UK1
652,1,6,1.46196e-4,ASV_00727,UK2
652,1,7,2.57901e-4,ASV_00727,SE1
653,1,1,3.39775e-4,ASV_00728,IT1
653,1,2,3.95326e-4,ASV_00728,IT2
653,1,6,1.02365e-4,ASV_00728,UK2
654,1,4,1.62566e-4,ASV_00729,FI1
655,1,6,9.85903e-5,ASV_00730,UK2
656,1,1,2.36613e-4,ASV_00732,IT1
656,1,2,4.62509e-4,ASV_00732,IT2
656,1,3,1.26603e-5,ASV_00732,IT3
657,1,5,8.19525e-4,ASV_00733,UK1
657,1,6,9.84273e-5,ASV_00733,UK2
658,1,2,4.02956e-4,ASV_00734,IT2
659,1,7,2.44339e-4,ASV_00735,SE1
660,1,5,5.92321e-4,ASV_00736,UK1
660,1,6,1.45114e-4,ASV_00736,UK2
660,1,7,4.45346e-4,ASV_00736,SE1
661,1,6,9.64419e-5,ASV_00737,UK2
661,1,7,4.64536e-4,ASV_00737,SE1
662,1,6,1.53984e-4,ASV_00742,UK2
663,1,4,2.32149e-4,ASV_00743,FI1
663,1,6,9.59246e-5,ASV_00743,UK2
663,1,7,4.19267e-4,ASV_00743,SE1
664,1,5,8.70459e-4,ASV_00744,UK1
664,1,6,1.11166e-4,ASV_00744,UK2
665,1,5,8.86844e-4,ASV_00745,UK1
666,1,4,3.41099e-4,ASV_00746,FI1
666,1,7,4.02914e-4,ASV_00746,SE1
667,1,6,3.11892e-4,ASV_00747,UK2
667,1,7,2.66764e-4,ASV_00747,SE1
668,1,5,5.69859e-4,ASV_00751,UK1
668,1,6,1.01941e-4,ASV_00751,UK2
668,1,7,2.92478e-4,ASV_00751,SE1
669,1,6,1.69395e-4,ASV_00752,UK2
670,1,4,1.13389e-4,ASV_00753,FI1
671,1,2,3.40351e-4,ASV_00755,IT2
671,1,5,7.87404e-4,ASV_00755,UK1
671,1,6,8.05692e-5,ASV_00755,UK2
672,1,1,2.50658e-4,ASV_00757,IT1
672,1,2,1.84998e-4,ASV_00757,IT2
672,1,6,1.26888e-4,ASV_00757,UK2
673,1,2,1.51914e-4,ASV_00758,IT2
673,1,4,4.39422e-4,ASV_00758,FI1
673,1,5,8.27955e-4,ASV_00758,UK1
674,1,2,3.03279e-4,ASV_00760,IT2
675,1,4,3.51532e-4,ASV_00761,FI1
675,1,6,1.68423e-4,ASV_00761,UK2
676,1,6,2.42662e-4,ASV_00762,UK2
677,1,4,2.28257e-4,ASV_00763,FI1
677,1,6,1.34769e-4,ASV_00763,UK2
677,1,7,2.4038e-4,ASV_00763,SE1
678,1,4,1.3432e-4,ASV_00764,FI1
678,1,7,3.29585e-4,ASV_00764,SE1
679,1,2,4.84298e-4,ASV_00769,IT2
679,1,5,7.04976e-4,ASV_00769,UK1
679,1,6,2.31459e-4,ASV_00769,UK2
680,1,5,5.86528e-4,ASV_00770,UK1
680,1,6,1.18766e-4,ASV_00770,UK2
681,1,2,4.37691e-4,ASV_00772,IT2
681,1,4,1.4154e-4,ASV_00772,FI1
681,1,5,5.56312e-4,ASV_00772,UK1
681,1,6,2.08425e-4,ASV_00772,UK2
682,1,4,3.53387e-4,ASV_00774,FI1
682,1,7,5.1097e-4,ASV_00774,SE1
683,1,4,4.13975e-4,ASV_00775,FI1
683,1,7,3.0546e-4,ASV_00775,SE1
684,1,2,1.6069e-4,ASV_00778,IT2
684,1,5,5.8369e-4,ASV_00778,UK1
685,1,5,7.32565e-4,ASV_00779,UK1
686,1,2,4.56455e-4,ASV_00781,IT2
686,1,6,1.92788e-4,ASV_00781,UK2
687,1,2,5.98992e-4,ASV_00782,IT2
687,1,3,9.67072e-6,ASV_00782,IT3
688,1,4,2.68518e-4,ASV_00786,FI1
688,1,7,1.07992e-4,ASV_00786,SE1
689,1,1,2.22205e-4,ASV_00787,IT1
690,1,7,2.76531e-4,ASV_00788,SE1
691,1,2,3.34249e-4,ASV_00789,IT2
691,1,5,5.41967e-4,ASV_00789,UK1
692,1,6,1.58956e-4,ASV_00790,UK2
693,1,7,5.2668e-4,ASV_00792,SE1
694,1,2,6.28898e-4,ASV_00793,IT2
694,1,6,2.60358e-4,ASV_00793,UK2
695,1,7,2.62499e-4,ASV_00794,SE1
696,1,4,3.18336e-4,ASV_00795,FI1
696,1,6,1.15861e-4,ASV_00795,UK2
696,1,7,2.44957e-4,ASV_00795,SE1
697,1,6,7.80291e-5,ASV_00797,UK2
698,1,2,4.96087e-4,ASV_00798,IT2
699,1,6,1.56252e-4,ASV_00799,UK2
700,1,2,3.1489e-4,ASV_00801,IT2
700,1,6,1.0972e-4,ASV_00801,UK2
700,1,7,3.80817e-4,ASV_00801,SE1
701,1,2,2.76512e-4,ASV_00802,IT2
702,1,7,5.62461e-4,ASV_00803,SE1
703,1,6,1.59697e-4,ASV_00804,UK2
703,1,7,2.61275e-4,ASV_00804,SE1
704,1,4,3.16967e-4,ASV_00805,FI1
705,1,2,1.4825e-4,ASV_00806,IT2
705,1,5,7.85998e-4,ASV_00806,UK1
705,1,6,1.65457e-4,ASV_00806,UK2
706,1,2,3.94805e-4,ASV_00807,IT2
706,1,4,2.46567e-4,ASV_00807,FI1
706,1,6,4.70962e-5,ASV_00807,UK2
706,1,7,1.3642e-4,ASV_00807,SE1
707,1,2,2.578e-4,ASV_00808,IT2
707,1,6,1.3884e-4,ASV_00808,UK2
708,1,2,3.70541e-4,ASV_00809,IT2
708,1,6,2.15399e-4,ASV_00809,UK2
709,1,6,1.69031e-4,ASV_00810,UK2
709,1,7,1.01926e-4,ASV_00810,SE1
710,1,2,4.78669e-4,ASV_00811,IT2
711,1,5,6.77051e-4,ASV_00812,UK1
711,1,6,1.90673e-4,ASV_00812,UK2
712,1,5,0.00100739,ASV_00813,UK1
713,1,5,7.90237e-4,ASV_00814,UK1
713,1,6,1.66752e-4,ASV_00814,UK2
713,1,7,2.64628e-4,ASV_00814,SE1
714,1,2,1.60886e-4,ASV_00815,IT2
714,1,5,7.80009e-4,ASV_00815,UK1
715,1,1,2.17042e-4,ASV_00817,IT1
715,1,2,6.04666e-4,ASV_00817,IT2
715,1,5,9.11792e-4,ASV_00817,UK1
716,1,5,5.40047e-4,ASV_00819,UK1
717,1,2,2.87331e-4,ASV_00821,IT2
717,1,5,8.92705e-4,ASV_00821,UK1
717,1,6,1.98393e-4,ASV_00821,UK2
718,1,1,3.60606e-4,ASV_00822,IT1
718,1,2,3.08398e-4,ASV_00822,IT2
719,1,6,1.07037e-4,ASV_00825,UK2
719,1,7,3.2546e-4,ASV_00825,SE1
720,1,4,2.34858e-4,ASV_00827,FI1
721,1,5,7.64906e-4,ASV_00828,UK1
722,1,2,4.73115e-4,ASV_00829,IT2
722,1,6,2.85994e-4,ASV_00829,UK2
723,1,5,7.30304e-4,ASV_00832,UK1
723,1,6,8.98314e-5,ASV_00832,UK2
724,1,6,1.22163e-4,ASV_00833,UK2
724,1,7,3.00203e-4,ASV_00833,SE1
725,1,6,1.25247e-4,ASV_00834,UK2
725,1,7,4.27461e-4,ASV_00834,SE1
726,1,1,1.00529e-4,ASV_00835,IT1
727,1,6,1.09353e-4,ASV_00837,UK2
728,1,1,2.4587e-4,ASV_00842,IT1
728,1,2,2.20757e-4,ASV_00842,IT2
729,1,2,5.36407e-4,ASV_00843,IT2
729,1,3,2.91279e-5,ASV_00843,IT3
729,1,5,7.63916e-4,ASV_00843,UK1
729,1,7,4.22469e-4,ASV_00843,SE1
730,1,2,3.06782e-4,ASV_00845,IT2
731,1,2,3.38109e-4,ASV_00848,IT2
731,1,6,1.88007e-4,ASV_00848,UK2
732,1,1,2.52302e-4,ASV_00849,IT1
733,1,5,6.49553e-4,ASV_00851,UK1
734,1,5,6.7692e-4,ASV_00852,UK1
734,1,6,1.12386e-4,ASV_00852,UK2
735,1,6,1.06125e-4,ASV_00854,UK2
735,1,7,2.14603e-4,ASV_00854,SE1
736,1,6,2.32796e-4,ASV_00855,UK2
737,1,6,2.03091e-4,ASV_00856,UK2
738,1,7,1.65494e-4,ASV_00860,SE1
739,1,5,5.84527e-4,ASV_00864,UK1
740,1,2,3.50419e-4,ASV_00865,IT2
740,1,4,3.98674e-4,ASV_00865,FI1
740,1,6,2.2177e-4,ASV_00865,UK2
740,1,7,4.20453e-4,ASV_00865,SE1
741,1,4,2.67599e-4,ASV_00868,FI1
741,1,7,1.47297e-4,ASV_00868,SE1
742,1,2,6.23552e-4,ASV_00869,IT2
743,1,2,4.32036e-4,ASV_00873,IT2
744,1,6,1.79885e-4,ASV_00874,UK2
744,1,7,2.86244e-4,ASV_00874,SE1
745,1,2,2.6964e-4,ASV_00875,IT2
746,1,6,7.05497e-5,ASV_00879,UK2
747,1,1,2.20447e-4,ASV_00880,IT1
747,1,2,1.97143e-4,ASV_00880,IT2
747,1,5,8.39967e-4,ASV_00880,UK1
747,1,6,2.16299e-4,ASV_00880,UK2
748,1,5,6.98119e-4,ASV_00881,UK1
748,1,6,9.99302e-5,ASV_00881,UK2
749,1,4,2.39899e-4,ASV_00883,FI1
750,1,6,1.66419e-4,ASV_00885,UK2
751,1,6,1.50609e-4,ASV_00887,UK2
752,1,4,3.67243e-4,ASV_00888,FI1
752,1,6,2.16412e-4,ASV_00888,UK2
752,1,7,5.33221e-4,ASV_00888,SE1
753,1,2,5.7059e-4,ASV_00890,IT2
753,1,4,3.03229e-4,ASV_00890,FI1
753,1,5,4.82221e-4,ASV_00890,UK1
753,1,6,2.13317e-4,ASV_00890,UK2
754,1,2,3.16341e-4,ASV_00891,IT2
754,1,6,2.15627e-4,ASV_00891,UK2
754,1,7,3.98305e-4,ASV_00891,SE1
755,1,6,1.29906e-4,ASV_00897,UK2
755,1,7,3.71854e-4,ASV_00897,SE1
756,1,5,7.35029e-4,ASV_00902,UK1
757,1,6,2.0073e-4,ASV_00904,UK2
758,1,2,3.50323e-4,ASV_00906,IT2
759,1,6,1.50595e-4,ASV_00907,UK2
760,1,2,2.85742e-4,ASV_00909,IT2
761,1,4,1.9152e-4,ASV_00910,FI1
761,1,7,1.68588e-4,ASV_00910,SE1
762,1,2,3.88898e-4,ASV_00912,IT2
762,1,5,7.60936e-4,ASV_00912,UK1
762,1,6,1.31605e-4,ASV_00912,UK2
762,1,7,3.38512e-4,ASV_00912,SE1
763,1,7,5.34676e-4,ASV_00913,SE1
764,1,7,2.88165e-4,ASV_00914,SE1
765,1,6,2.16955e-4,ASV_00920,UK2
765,1,7,4.47915e-4,ASV_00920,SE1
766,1,2,3.56915e-4,ASV_00924,IT2
767,1,6,2.58467e-4,ASV_00928,UK2
767,1,7,2.42966e-4,ASV_00928,SE1
768,1,2,3.95544e-4,ASV_00929,IT2
768,1,5,8.28529e-4,ASV_00929,UK1
769,1,4,2.2933e-4,ASV_00930,FI1
769,1,7,3.01015e-4,ASV_00930,SE1
770,1,1,2.27249e-4,ASV_00931,IT1
770,1,2,1.92886e-4,ASV_00931,IT2
770,1,6,2.83083e-4,ASV_00931,UK2
771,1,2,6.51332e-4,ASV_00935,IT2
772,1,6,8.10264e-5,ASV_00936,UK2
773,1,7,1.44487e-4,ASV_00939,SE1
774,1,6,2.34646e-4,ASV_00949,UK2
775,1,2,3.68158e-4,ASV_00952,IT2
775,1,6,1.9455e-4,ASV_00952,UK2
776,1,6,6.82743e-5,ASV_00957,UK2
777,1,2,6.07797e-5,ASV_00958,IT2
777,1,5,8.17229e-4,ASV_00958,UK1
778,1,1,1.36673e-4,ASV_00959,IT1
778,1,2,2.39763e-4,ASV_00959,IT2
778,1,5,7.05446e-4,ASV_00959,UK1
778,1,6,1.80776e-4,ASV_00959,UK2
779,1,6,1.57273e-4,ASV_00960,UK2
780,1,4,1.58998e-4,ASV_00962,FI1
781,1,2,4.59955e-4,ASV_00966,IT2
781,1,3,1.24813e-5,ASV_00966,IT3
782,1,6,1.24429e-4,ASV_00968,UK2
783,1,4,4.34728e-4,ASV_00973,FI1
783,1,7,2.23721e-4,ASV_00973,SE1
784,1,6,1.25715e-4,ASV_00976,UK2
784,1,7,2.83239e-4,ASV_00976,SE1
785,1,6,1.23325e-4,ASV_00978,UK2
785,1,7,2.81761e-4,ASV_00978,SE1
786,1,6,1.32544e-4,ASV_00979,UK2
787,1,6,2.26523e-4,ASV_00982,UK2
788,1,7,3.24246e-4,ASV_00983,SE1
789,1,2,3.39168e-4,ASV_00984,IT2
790,1,1,1.44378e-4,ASV_00987,IT1
790,1,2,3.44173e-4,ASV_00987,IT2
790,1,5,9.00106e-4,ASV_00987,UK1
790,1,6,1.41944e-4,ASV_00987,UK2
791,1,2,3.69508e-4,ASV_00989,IT2
792,1,5,8.1221e-4,ASV_00990,UK1
793,1,6,1.34397e-4,ASV_00996,UK2
793,1,7,2.31275e-4,ASV_00996,SE1
794,1,1,2.82175e-4,ASV_01003,IT1
795,1,7,3.96393e-4,ASV_01004,SE1
796,1,6,1.93e-4,ASV_01007,UK2
797,1,4,4.52575e-4,ASV_01009,FI1
797,1,7,3.5998e-4,ASV_01009,SE1
798,1,7,5.21959e-4,ASV_01016,SE1
799,1,2,1.21003e-4,ASV_01018,IT2
800,1,6,1.54907e-4,ASV_01022,UK2
800,1,7,1.44567e-4,ASV_01022,SE1
801,1,2,1.88535e-4,ASV_01023,IT2
802,1,6,1.82611e-4,ASV_01027,UK2
803,1,7,3.67627e-4,ASV_01029,SE1
804,1,5,9.55261e-4,ASV_01031,UK1
804,1,7,3.79658e-4,ASV_01031,SE1
805,1,4,2.86645e-4,ASV_01032,FI1
806,1,7,3.71151e-4,ASV_01037,SE1
807,1,6,1.47015e-4,ASV_01040,UK2
807,1,7,3.05299e-4,ASV_01040,SE1
808,1,6,2.13075e-4,ASV_01044,UK2
809,1,7,3.8676e-4,ASV_01046,SE1
810,1,1,1.57411e-4,ASV_01048,IT1
810,1,2,3.27957e-4,ASV_01048,IT2
810,1,7,2.5159e-4,ASV_01048,SE1
811,1,4,4.18986e-4,ASV_01049,FI1
812,1,7,2.7879e-4,ASV_01053,SE1
813,1,7,2.67378e-4,ASV_01054,SE1
814,1,6,1.92197e-4,ASV_01057,UK2
815,1,6,2.15411e-4,ASV_01060,UK2
816,1,5,6.49456e-4,ASV_01062,UK1
816,1,6,1.62697e-4,ASV_01062,UK2
817,1,1,1.72655e-4,ASV_01065,IT1
817,1,2,5.97606e-4,ASV_01065,IT2
817,1,5,8.77727e-4,ASV_01065,UK1
817,1,6,1.5431e-4,ASV_01065,UK2
818,1,5,8.42085e-4,ASV_01066,UK1
819,1,2,7.40861e-4,ASV_01071,IT2
819,1,5,6.09096e-4,ASV_01071,UK1
820,1,4,1.98348e-4,ASV_01074,FI1
820,1,7,2.09389e-4,ASV_01074,SE1
821,1,7,1.72575e-4,ASV_01077,SE1
822,1,6,1.1612e-4,ASV_01078,UK2
823,1,6,2.23857e-4,ASV_01085,UK2
824,1,1,1.40071e-4,ASV_01087,IT1
824,1,2,4.43088e-4,ASV_01087,IT2
824,1,5,8.83693e-4,ASV_01087,UK1
825,1,5,8.18556e-4,ASV_01089,UK1
826,1,2,5.51005e-4,ASV_01090,IT2
826,1,5,7.4779e-4,ASV_01090,UK1
826,1,6,1.74377e-4,ASV_01090,UK2
826,1,7,3.1074e-4,ASV_01090,SE1
827,1,2,3.72914e-4,ASV_01092,IT2
828,1,6,2.37139e-4,ASV_01094,UK2
828,1,7,4.0719e-4,ASV_01094,SE1
829,1,4,2.17852e-4,ASV_01099,FI1
830,1,2,4.13083e-4,ASV_01101,IT2
830,1,5,8.07508e-4,ASV_01101,UK1
830,1,6,1.68392e-4,ASV_01101,UK2
831,1,7,3.63499e-4,ASV_01105,SE1
832,1,7,2.73969e-4,ASV_01107,SE1
833,1,4,3.87644e-4,ASV_01111,FI1
833,1,7,1.57009e-4,ASV_01111,SE1
834,1,2,3.36652e-4,ASV_01119,IT2
835,1,7,3.35771e-4,ASV_01123,SE1
836,1,2,3.51549e-4,ASV_01124,IT2
837,1,7,2.63854e-4,ASV_01128,SE1
838,1,7,5.54815e-4,ASV_01131,SE1
839,1,7,5.65058e-4,ASV_01140,SE1
840,1,7,4.13761e-4,ASV_01141,SE1
841,1,5,7.7097e-4,ASV_01150,UK1
842,1,2,2.3799e-4,ASV_01152,IT2
842,1,3,2.62601e-5,ASV_01152,IT3
843,1,2,6.67863e-4,ASV_01153,IT2
844,1,6,9.65086e-5,ASV_01159,UK2
844,1,7,2.89547e-4,ASV_01159,SE1
845,1,1,2.68629e-4,ASV_01164,IT1
846,1,6,2.08204e-4,ASV_01169,UK2
846,1,7,2.6761e-4,ASV_01169,SE1
847,1,7,2.58527e-4,ASV_01176,SE1
848,1,4,3.18901e-4,ASV_01178,FI1
848,1,6,2.17768e-4,ASV_01178,UK2
848,1,7,2.81411e-4,ASV_01178,SE1
849,1,2,3.94759e-4,ASV_01179,IT2
850,1,6,8.68308e-5,ASV_01181,UK2
851,1,7,4.64587e-4,ASV_01182,SE1
852,1,4,5.20075e-4,ASV_01188,FI1
852,1,6,2.36936e-4,ASV_01188,UK2
853,1,6,2.29966e-4,ASV_01195,UK2
854,1,7,2.64701e-4,ASV_01196,SE1
855,1,1,1.38113e-4,ASV_01204,IT1
855,1,2,7.39446e-4,ASV_01204,IT2
855,1,5,5.32042e-4,ASV_01204,UK1
855,1,6,1.54923e-4,ASV_01204,UK2
856,1,7,3.06789e-4,ASV_01205,SE1
857,1,7,2.01557e-4,ASV_01207,SE1
858,1,6,1.66634e-4,ASV_01208,UK2
858,1,7,3.45887e-4,ASV_01208,SE1
859,1,7,2.7115e-4,ASV_01220,SE1
860,1,2,2.58941e-4,ASV_01223,IT2
861,1,7,3.68101e-4,ASV_01230,SE1
862,1,6,1.68239e-4,ASV_01236,UK2
863,1,4,1.44359e-4,ASV_01245,FI1
864,1,7,1.36694e-4,ASV_01246,SE1
865,1,4,2.83569e-4,ASV_01247,FI1
866,1,2,3.0167e-4,ASV_01249,IT2
866,1,4,2.15192e-4,ASV_01249,FI1
867,1,2,3.19625e-4,ASV_01250,IT2
867,1,5,9.2556e-4,ASV_01250,UK1
868,1,2,5.51658e-4,ASV_01253,IT2
869,1,4,1.99411e-4,ASV_01257,FI1
870,1,2,3.55542e-4,ASV_01267,IT2
871,1,6,2.47979e-4,ASV_01268,UK2
872,1,2,3.72085e-4,ASV_01276,IT2
873,1,2,3.68297e-4,ASV_01288,IT2
873,1,5,4.52107e-4,ASV_01288,UK1
873,1,6,1.81322e-4,ASV_01288,UK2
874,1,7,3.11324e-4,ASV_01289,SE1
875,1,7,1.74537e-4,ASV_01294,SE1
876,1,7,2.2781e-4,ASV_01312,SE1
877,1,2,3.46514e-4,ASV_01328,IT2
877,1,5,4.84658e-4,ASV_01328,UK1
877,1,6,9.99092e-5,ASV_01328,UK2
878,1,2,6.14261e-4,ASV_01342,IT2
879,1,2,3.9824e-4,ASV_01349,IT2
880,1,6,1.0198e-4,ASV_01353,UK2
881,1,7,1.64692e-4,ASV_01363,SE1
882,1,2,4.57027e-4,ASV_01368,IT2
882,1,5,6.88676e-4,ASV_01368,UK1
883,1,7,1.82985e-4,ASV_01375,SE1
884,1,7,2.93465e-4,ASV_01378,SE1
885,1,2,4.91101e-4,ASV_01385,IT2
886,1,7,1.5167e-4,ASV_01396,SE1
887,1,7,2.87728e-4,ASV_01408,SE1
888,1,7,2.14747e-4,ASV_01416,SE1
889,1,1,2.19753e-4,ASV_01417,IT1
889,1,2,2.87648e-4,ASV_01417,IT2
890,1,7,2.35566e-4,ASV_01421,SE1
891,1,2,3.82579e-4,ASV_01426,IT2
892,1,4,2.23926e-4,ASV_01439,FI1
893,1,6,2.09694e-4,ASV_01446,UK2
894,1,2,3.03845e-4,ASV_01458,IT2
894,1,6,1.04649e-4,ASV_01458,UK2
895,1,2,2.76204e-4,ASV_01459,IT2
896,1,7,2.73379e-4,ASV_01482,SE1
897,1,4,8.52695e-5,ASV_01483,FI1
897,1,7,2.80951e-4,ASV_01483,SE1
898,1,2,2.5034e-4,ASV_01491,IT2
899,1,7,2.97498e-4,ASV_01495,SE1
900,1,6,1.37369e-4,ASV_01496,UK2
901,1,2,5.55571e-4,ASV_01503,IT2
901,1,4,4.95152e-4,ASV_01503,FI1
901,1,6,1.49297e-4,ASV_01503,UK2
902,1,2,2.84038e-4,ASV_01508,IT2
903,1,2,6.40833e-4,ASV_01512,IT2
904,1,7,3.32773e-5,ASV_01514,SE1
905,1,1,2.65315e-4,ASV_01522,IT1
906,1,5,6.56454e-4,ASV_01533,UK1
907,1,2,3.14545e-4,ASV_01541,IT2
908,1,5,8.12284e-4,ASV_01542,UK1
909,1,7,5.16201e-4,ASV_01549,SE1
910,1,6,1.14357e-4,ASV_01556,UK2
910,1,7,2.47034e-4,ASV_01556,SE1
911,1,4,3.9421e-4,ASV_01558,FI1
911,1,7,2.56789e-4,ASV_01558,SE1
912,1,6,1.73602e-4,ASV_01559,UK2
913,1,6,1.80349e-4,ASV_01571,UK2
914,1,2,5.33067e-4,ASV_01578,IT2
915,1,4,3.06517e-4,ASV_01579,FI1
916,1,7,3.4854e-4,ASV_01581,SE1
917,1,6,1.23488e-4,ASV_01594,UK2
918,1,4,4.97001e-4,ASV_01603,FI1
919,1,6,1.79582e-4,ASV_01611,UK2
920,1,6,1.37845e-4,ASV_01621,UK2
921,1,7,4.52705e-4,ASV_01635,SE1
922,1,7,1.68481e-4,ASV_01684,SE1
923,1,7,2.14498e-4,ASV_01692,SE1
924,1,7,2.53864e-4,ASV_01706,SE1
925,1,7,4.2543e-4,ASV_01780,SE1
926,1,6,9.3813e-5,ASV_01799,UK2
927,1,2,4.28027e-4,ASV_01840,IT2
928,1,7,2.51946e-4,ASV_01861,SE1
929,1,6,0.00011323999999999999,ASV_01881,UK2
930,1,2,2.31424e-4,ASV_01941,IT2
931,1,6,1.85122e-4,ASV_01952,UK2
932,1,7,5.61951e-4,ASV_01956,SE1
933,1,7,1.70095e-4,ASV_01986,SE1
934,1,2,3.45998e-4,ASV_02020,IT2
935,1,7,2.51236e-4,ASV_02027,SE1
936,1,7,2.95125e-4,ASV_02038,SE1
937,1,6,7.98325e-5,ASV_02040,UK2
938,1,4,3.06588e-4,ASV_02092,FI1
939,1,7,1.72804e-4,ASV_02120,SE1
940,1,2,3.70757e-4,ASV_02149,IT2
941,1,7,3.38179e-4,ASV_02163,SE1
942,1,6,1.40681e-4,ASV_02182,UK2
943,1,7,6.88202e-4,ASV_02272,SE1
944,1,2,3.1234e-4,ASV_02332,IT2
945,1,7,3.61789e-4,ASV_02358,SE1
946,1,7,3.06677e-4,ASV_02424,SE1
