from,PF_J,PF_J_sd,num_layers,run
ASV_00001,0.059019690246718735,0.04594458093187478,5,410
ASV_00002,0.06578181060175954,0.05182558572877326,7,410
ASV_00003,0.056739444033561036,0.043315038754544365,7,410
ASV_00004,0.05575686456806786,0.03735932213728494,7,410
ASV_00005,0.06417333547742253,0.03508411361204357,7,410
ASV_00006,0.0725977829469509,0.056988015905659176,7,410
ASV_00007,0.048382153315066845,0.030869811598739805,7,410
ASV_00008,0.08379894899278183,0.05723056357053569,7,410
ASV_00009,0.05638430593875629,0.03889976910655581,7,410
ASV_00010,0.06748780917352314,0.03593633052586573,7,410
ASV_00011,0.05071616490704805,0.030541513200348896,7,410
ASV_00012,0.07818394888730641,0.04562353003218873,6,410
ASV_00013,0.06093749219001514,0.032947727216840306,7,410
ASV_00014,0.07422178235938687,0.051676027985881105,7,410
ASV_00015,0.048742354917742335,0.03410248657390059,7,410
ASV_00016,0.03725602923343332,0.030211819825804065,6,410
ASV_00017,0.04451485331512102,0.030052199759667234,5,410
ASV_00018,0.05189196503583023,0.029048924221393897,7,410
ASV_00019,0.06341356580833842,0.04685001330625047,7,410
ASV_00020,0.05308738357249808,0.04003329052268136,7,410
ASV_00021,0.05379459643944145,0.04544606288313828,6,410
ASV_00022,0.06026798437274766,0.044968959204090456,7,410
ASV_00023,0.06610400103826712,0.03721131210067564,7,410
ASV_00024,0.054710673853192275,0.03580918292193358,7,410
ASV_00025,0.0858404603248223,0.05656733587873125,4,410
ASV_00026,0.05972418858061204,0.04400663668731078,7,410
ASV_00028,0.05492348291502223,0.04366602354135972,7,410
ASV_00029,0.06269439401594107,0.03557106952864729,7,410
ASV_00030,0.0560000251414969,0.03863081108608167,7,410
ASV_00031,0.0695863631627669,0.03996311468271238,7,410
ASV_00032,0.05636372131866441,0.036332389511698544,7,410
ASV_00033,0.06781396642348421,0.04927063798471735,7,410
ASV_00034,0.052594314818663425,0.035320175918138734,7,410
ASV_00035,0.04236415823797153,0.030981733910109582,7,410
ASV_00036,0.0661407565598459,0.044861020988028286,7,410
ASV_00037,0.061686815808441015,0.0542951275141979,6,410
ASV_00038,0.06620956292828073,0.07752895175299121,5,410
ASV_00039,0.07400028050623181,0.030479934013317004,5,410
ASV_00040,0.05286875291154393,0.0439113923751083,7,410
ASV_00041,0.06367977569458148,0.04107649017194585,6,410
ASV_00042,0.05538183412710583,0.04104865700135194,7,410
ASV_00043,0.08098264586920353,0.05358296031655596,5,410
ASV_00044,0.0518829650363882,0.039613366423456343,7,410
ASV_00045,0.07383089032691219,0.02735600709763584,6,410
ASV_00046,0.06756225207994065,0.04349057456349327,7,410
ASV_00047,0.06035466897135089,0.04313569656846456,4,410
ASV_00048,0.06864922008783705,0.06279301837091385,7,410
ASV_00049,0.05277469119021283,0.03619248837201068,6,410
ASV_00050,0.061621933461119306,0.042673498071135046,6,410
ASV_00051,0.07570434674932555,0.04400602101817741,7,410
ASV_00052,0.05942791109320429,0.026426600933297333,6,410
ASV_00053,0.06942649076198448,0.0536726388977445,7,410
ASV_00054,0.0649048249962902,0.041832327481775906,7,410
ASV_00055,0.07477802473364498,0.048714624621526134,7,410
ASV_00056,0.060141860929890725,0.03757745416035744,7,410
ASV_00057,0.04265870829880408,0.03721063688265549,7,410
ASV_00058,0.07704789997180748,0.04576668254514381,7,410
ASV_00059,0.06339057379487241,0.03774702521512119,7,410
ASV_00060,0.07662989812642769,0.03299053728991224,5,410
ASV_00061,0.09162629096670259,0.056879611788572364,5,410
ASV_00062,0.07006057980567593,0.043261929232256226,7,410
ASV_00063,0.0605457101323619,0.05189142243199458,7,410
ASV_00064,0.08913447773621495,0.064185958887954,7,410
ASV_00065,0.06380645469443547,0.0447384450714926,4,410
ASV_00066,0.07674611422629225,0.03384049116188697,5,410
ASV_00067,0.04186680211048072,0.03135086469243566,7,410
ASV_00068,0.04126765169528326,0.031136688886802596,5,410
ASV_00069,0.06793790436346418,0.04534433466475919,6,410
ASV_00070,0.0735917291343072,0.05299385516014182,7,410
ASV_00071,0.06372610205530971,0.04431283987164182,7,410
ASV_00072,0.11908689740762542,0.08004726526594967,3,410
ASV_00073,0.06915199041999323,0.05319957951558636,5,410
ASV_00074,0.045086203297150386,0.016222402102723927,4,410
ASV_00075,0.055484044484069184,0.040243829354430556,5,410
ASV_00076,0.05455577682388622,0.03870595078801587,7,410
ASV_00077,0.04430533862367436,0.058246274114314336,3,410
ASV_00078,0.07299638904578773,0.05756561790866651,7,410
ASV_00079,0.05968783497547917,0.058318422933860754,5,410
ASV_00080,0.060020958093752914,0.04607267793390502,6,410
ASV_00081,0.07083431707879073,0.05660614189723997,7,410
ASV_00082,0.1081686792846287,0.032973424522970834,3,410
ASV_00083,0.08328332588259788,0.04869760650373674,7,410
ASV_00084,0.05449575548583354,0.03709565764879085,7,410
ASV_00085,0.06595297255931512,0.04064204193539247,5,410
ASV_00086,0.0589818983820821,0.05293816410057179,7,410
ASV_00087,0.07273915851114293,0.053526173604368066,7,410
ASV_00088,0.07831947692223559,0.03800749134574261,5,410
ASV_00089,0.06976502993305479,0.06501596242881415,5,410
ASV_00090,0.05427783153685564,0.040268881759322486,7,410
ASV_00091,0.053367293216727604,0.04222785534006859,5,410
ASV_00092,0.047376034371093896,0.03951147222602573,7,410
ASV_00093,0.08767618200320132,0.042523313682530324,6,410
ASV_00094,0.07104062116102765,0.035797181263867654,5,410
ASV_00095,0.05267210313955698,0.032236135542737576,6,410
ASV_00096,0.07799020435885373,0.046044028404494765,7,410
ASV_00097,0.0672862264247741,0.056213002702105525,6,410
ASV_00098,0.06731863969312636,0.04940910527660999,4,410
ASV_00099,0.11285632941386894,0.06013270762762453,5,410
ASV_00100,0.06199711934066078,0.043667703757014925,6,410
ASV_00101,0.0918769550984543,0.03970527484692768,6,410
ASV_00102,0.0768236808516358,0.057418186400748965,5,410
ASV_00103,0.054680399531974774,0.043378608422610904,5,410
ASV_00104,0.04392943001003713,0.033085479127709,6,410
ASV_00105,0.05376273303254165,0.029101262141254768,7,410
ASV_00106,0.0844948563243955,0.03656457484953111,6,410
ASV_00107,0.06386311111941376,0.05133043428179634,7,410
ASV_00108,0.09896116579451701,0.046303727746507685,3,410
ASV_00109,0.08826656218975394,0.042932218662279815,5,410
ASV_00110,0.09493287501578548,0.05786601996013824,5,410
ASV_00111,0.07168695316936212,0.06649580899668175,4,410
ASV_00112,0.05484644400601744,0.03173882755313986,7,410
ASV_00113,0.07277331693473357,0.050305772628820494,7,410
ASV_00115,0.24940617577197144,NA,2,410
ASV_00116,0.06226734227654239,0.04553386943593076,7,410
ASV_00117,0.07804817357041711,0.06315852964664125,6,410
ASV_00118,0.07679285078839344,0.04344687152829574,6,410
ASV_00119,0.07738473826412547,0.05685130015266025,5,410
ASV_00120,0.08266979761357796,0.04554238887893318,5,410
ASV_00121,0.08679155084989092,0.02471175861133149,3,410
ASV_00122,0.07417512539455919,0.04195029561056636,4,410
ASV_00123,0.08137052080134313,0.03356254189270264,5,410
ASV_00125,0.07108437462355542,0.03854831712199514,6,410
ASV_00126,0.06957665052690572,0.028262341648229425,4,410
ASV_00127,0.06843449822120579,0.04711257656761018,5,410
ASV_00128,0.07588074963668848,0.04187486674029965,7,410
ASV_00129,0.06798697108555811,0.05599974134409004,5,410
ASV_00130,0.06936379047720988,0.04465000086231134,6,410
ASV_00131,0.038058295191327585,0.029422717197778375,7,410
ASV_00132,0.10120973539618823,0.08407428546212722,3,410
ASV_00133,0.053928651488439325,0.044154396273633253,6,410
ASV_00134,0.08616939873360746,0.033391160295643825,4,410
ASV_00135,0.06901142417084002,0.040780833767780966,5,410
ASV_00136,0.07411084944151218,0.05051164487703099,7,410
ASV_00137,0.06627130979566036,0.039680537364152044,5,410
ASV_00138,0.07966902414123841,0.0450124413392547,5,410
ASV_00139,0.07566127232778555,0.047832256261749806,5,410
ASV_00140,0.06466528684815291,0.04377957477174981,7,410
ASV_00141,0.07398584398290947,0.0409145085561238,6,410
ASV_00142,0.06201981757805408,0.03681582158569168,7,410
ASV_00143,0.06566241709018865,0.02288646090064781,3,410
ASV_00144,0.07456582597864522,0.06077119002208797,7,410
ASV_00145,0.08063545373908215,0.06927851652020707,4,410
ASV_00146,0.06656664075950713,0.051304439404372786,6,410
ASV_00147,0.05493123728087481,0.0494759746890233,5,410
ASV_00148,0.06578992320185599,0.04295092868774616,7,410
ASV_00149,0.08280069887117347,0.030846102803640415,4,410
ASV_00150,0.054564886805105996,0.057759617955328586,3,410
ASV_00151,0.07861120750655541,0.05442473328187844,6,410
ASV_00152,0.10382080567785686,0.050058227381770154,6,410
ASV_00153,0.05255068336728239,0.03611576509397578,4,410
ASV_00154,0.08815900944933201,0.03353531301123608,3,410
ASV_00155,0.06108557367404329,0.04177310962525488,7,410
ASV_00156,0.05287678842889547,0.02569444052955003,6,410
ASV_00157,0.07558649675607523,0.060637942683430826,7,410
ASV_00158,0.09462030420703448,0.0679492802545434,4,410
ASV_00159,0.052656729096804536,0.051912026564977586,6,410
ASV_00160,0.07981461067305848,0.05184689199897336,7,410
ASV_00161,0.0846440646765727,0.034757599261492425,5,410
ASV_00162,0.05246132118177985,0.03348554627595402,5,410
ASV_00163,0.05951362009626345,0.04241803863125599,7,410
ASV_00164,0.0814815967108947,0.026905170110223513,5,410
ASV_00165,0.06803880717663041,0.03062861214502242,5,410
ASV_00166,0.09216392261549125,0.044819088652551284,6,410
ASV_00167,0.09645043566905158,0.03440594046095548,4,410
ASV_00168,0.08570122725147364,0.035221862894927895,5,410
ASV_00169,0.06407069375313112,0.06042464498663387,5,410
ASV_00170,0.05964525910484022,0.03250786136803389,5,410
ASV_00171,0.08692988436623864,0.065648655789526,7,410
ASV_00172,0.0822536628306135,0.041082694379102475,5,410
ASV_00173,0.07190253367846544,0.05749710345842813,3,410
ASV_00174,0.13436209876218716,0.04925461596971869,4,410
ASV_00176,0.07018154753736303,0.049720253874621305,5,410
ASV_00177,0.07481562444486892,0.04922290473197957,7,410
ASV_00178,0.1598513011152417,NA,2,410
ASV_00179,0.05270798787771771,0.022691737828273464,5,410
ASV_00180,0.05437014945838475,0.03946676901508745,4,410
ASV_00181,0.06430099181070832,0.03967744362188327,5,410
ASV_00182,0.068195800392431,0.038562150670478905,6,410
ASV_00183,0.08017921385254227,0.07119020211074767,5,410
ASV_00184,0.041041326932095265,0.03202566367623592,5,410
ASV_00185,0.04419285762883243,0.03602337493145051,7,410
ASV_00186,0.06247290030137235,0.04471122128640112,6,410
ASV_00187,0.06986394062429035,0.050847508661515606,7,410
ASV_00188,0.07131882583838577,0.04001187476011137,6,410
ASV_00189,0.0836129237160651,0.050315141228100595,3,410
ASV_00190,0.06299635961222605,0.015489390986202507,3,410
ASV_00191,0.09691441938440963,0.06232723261554051,5,410
ASV_00192,0.08849557522123896,NA,2,410
ASV_00193,0.0798259822334823,0.07183255504659088,4,410
ASV_00194,0.08947368421052637,NA,2,410
ASV_00195,0.0912863070539418,NA,2,410
ASV_00196,0.0627900332330428,0.03364980765970856,7,410
ASV_00197,0.057618384670712466,0.03736648049668563,7,410
ASV_00198,0.05501442643482211,0.03884566346904935,6,410
ASV_00199,0.13235543235543235,0.014700226248704007,3,410
ASV_00200,0.05234452710299802,0.03631812233888478,7,410
ASV_00201,0.07467717037484482,0.008943374899621848,3,410
ASV_00202,0.06325848258557908,0.05826999013897093,5,410
ASV_00203,0.051407395363290656,0.041335740665822955,5,410
ASV_00204,0.11178284081509889,0.06606187441338386,3,410
ASV_00205,0.0685142631584579,0.0358885318207728,5,410
ASV_00206,0.07962764935861458,0.0515908963493914,5,410
ASV_00208,0.1058394160583942,NA,2,410
ASV_00210,0.06951259854193495,0.049059244186017516,5,410
ASV_00211,0.031086924075104362,0.015167123621992696,5,410
ASV_00212,0.10734006067226058,0.027882803350906312,3,410
ASV_00213,0.0957925059108873,0.05361919708896578,4,410
ASV_00214,0.042931014161544566,0.025985596189064958,4,410
ASV_00215,0.027735152031827266,0.04074069999689854,3,410
ASV_00216,0.15951221436101146,0.031623502763770184,3,410
ASV_00217,0.0837546921222065,0.032704281206359966,3,410
ASV_00218,0.07077566747936373,0.052113786135004767,7,410
ASV_00219,0.05194802401748636,0.0348364510011987,5,410
ASV_00221,0.06730792914531322,0.033397645975957825,5,410
ASV_00222,0.19590643274853792,NA,2,410
ASV_00223,0.09280301564977035,0.043290511865794,4,410
ASV_00224,0.057955865502173444,0.02048342285999997,4,410
ASV_00225,0.11279826464208242,NA,2,410
ASV_00226,0.07100363356784145,0.020367434482165863,3,410
ASV_00227,0.06286553809167039,0.040770467938782314,5,410
ASV_00228,0.0984455958549223,NA,2,410
ASV_00229,0.10416446584066523,0.060639329709318276,3,410
ASV_00230,0.11862983308925944,0.06310485026492633,4,410
ASV_00231,0.08250050349671091,0.03185350716431627,5,410
ASV_00232,0.05916029071928015,0.0506929655924615,7,410
ASV_00233,0.05903439237601951,0.03631000302329763,7,410
ASV_00235,0.05514667571432906,0.03978004732186355,5,410
ASV_00236,0.06655021869553475,0.0172272611601905,3,410
ASV_00237,0.0672268907563025,NA,2,410
ASV_00238,0.052611602622075815,0.05607516913411359,5,410
ASV_00239,0.06917018550030463,0.06294406464815815,3,410
ASV_00240,0.0733731964257215,0.03159903787728798,5,410
ASV_00241,0.09006580829934695,0.04181069265457052,4,410
ASV_00242,0.06536497311091256,0.04785428611658886,6,410
ASV_00243,0.08982501064043454,0.043304291837591304,6,410
ASV_00244,0.05758551680940625,0.02557100305751428,5,410
ASV_00245,0.1071428571428572,NA,2,410
ASV_00246,0.1578947368421052,NA,2,410
ASV_00247,0.14660831509846828,NA,2,410
ASV_00248,0.0800378284243362,0.041977036539588064,3,410
ASV_00249,0.0794656044584694,0.05001992607125105,7,410
ASV_00250,0.058441604733949694,0.02963949469813756,7,410
ASV_00251,0.06683095421855113,0.025860112357461114,4,410
ASV_00252,0.07013860492015238,0.02488741454541295,3,410
ASV_00253,0.06819290542200758,0.009065474340222826,3,410
ASV_00254,0.05052723639737157,0.039188396796618966,6,410
ASV_00255,0.05498890972107399,0.043893184630944986,3,410
ASV_00256,0.09442576156735179,0.05784309130206381,4,410
ASV_00257,0.06926640059782,0.029866684110008267,6,410
ASV_00258,0.07931010108150138,0.007073317881474138,3,410
ASV_00259,0.059635004278393834,0.06752769837677322,5,410
ASV_00260,0.09176590535473217,0.023988543492905155,4,410
ASV_00261,0.07946965991726264,0.02464515380811656,4,410
ASV_00262,0.04866133930941517,0.034497471479930625,6,410
ASV_00263,0.09983582830989807,0.04725615635374176,4,410
ASV_00264,0.06581524994251861,0.04716326444647526,5,410
ASV_00265,0.07290884338250193,0.043531556983900654,5,410
ASV_00266,0.051502576826103194,0.041291679513803,5,410
ASV_00267,0.08011269550571536,0.03510304540919615,5,410
ASV_00268,0.04137931034482756,NA,2,410
ASV_00269,0.09783784894255317,0.04221395559167495,6,410
ASV_00270,0.06736295161380111,0.048667068203174076,5,410
ASV_00271,0.10285714285714287,NA,2,410
ASV_00272,0.08707224574545147,0.02555271067277514,4,410
ASV_00273,0.06987022256873562,0.04865683785133799,5,410
ASV_00274,0.08619914583170178,0.03189754564344069,4,410
ASV_00275,0.08030957973504108,0.048026622151295204,5,410
ASV_00276,0.08033473403595912,0.06007938177547414,6,410
ASV_00277,0.10938926212439698,0.07726745060444393,5,410
ASV_00278,0.07577305016579491,0.0598697290780788,5,410
ASV_00279,0.07370881814404288,0.04519087896165214,4,410
ASV_00280,0.07093557827492183,0.052917658504122986,6,410
ASV_00281,0.09850609044795651,0.067375441477285,3,410
ASV_00282,0.06711409395973156,NA,2,410
ASV_00283,0.05366932620347956,0.004028816472975867,3,410
ASV_00285,0.05767974917613755,0.025061614364146556,4,410
ASV_00286,0.053607092603054796,0.049601221410426485,4,410
ASV_00287,0.12108366593170732,0.040369730510115144,4,410
ASV_00288,0.05290644746315313,0.028335042809753307,7,410
ASV_00289,0.03987973935529974,0.020072090151258676,4,410
ASV_00290,0.052576194976262695,0.034887937333861,7,410
ASV_00292,0.09353846108052612,0.04248039916621967,5,410
ASV_00293,0.09753003676794991,0.04251818816624353,5,410
ASV_00294,0.06038371167368381,0.0478541902423716,6,410
ASV_00295,0.06192664494158321,0.054643309627241635,5,410
ASV_00296,0.060328284436874595,0.04658792385809672,6,410
ASV_00297,0.08293854974534277,0.029328921725002465,6,410
ASV_00298,0.0986663764814559,0.04444457840379179,5,410
ASV_00299,0.07815727102128839,0.043509790470674437,5,410
ASV_00300,0.06165918371034181,0.015523495565792881,3,410
ASV_00301,0.09983312306613534,0.05832581646975718,3,410
ASV_00303,0.07386364334324852,0.06351350236287227,5,410
ASV_00304,0.0810752632045657,0.042867629906964674,3,410
ASV_00305,0.03846153846153855,NA,2,410
ASV_00307,0.048608496215120534,0.04454206169932671,4,410
ASV_00308,0.07397542019716373,0.06012627176611893,4,410
ASV_00309,0.09632175604633128,0.058328597637082015,5,410
ASV_00310,0.06700526888402077,0.031619238925905443,3,410
ASV_00311,0.06587021129959889,0.043180201351755196,6,410
ASV_00312,0.06408791462757475,0.05783650540885507,4,410
ASV_00313,0.07046906702973788,0.03847204972032766,6,410
ASV_00314,0.0783410138248849,NA,2,410
ASV_00315,0.06739402421163894,0.04034762467711783,7,410
ASV_00316,0.07348242811501593,NA,2,410
ASV_00317,0.12499999999999989,NA,2,410
ASV_00318,0.052009786140079665,0.02978231441929207,7,410
ASV_00319,0.08205128205128209,NA,2,410
ASV_00320,0.07675309900004001,0.05130104305580953,3,410
ASV_00321,0.08376364792294,0.060709959073532827,3,410
ASV_00323,0.08530187689742946,0.03818771512541059,6,410
ASV_00324,0.07162269087886423,0.0505234162297777,7,410
ASV_00325,0.07033606713615653,0.02926469324889009,4,410
ASV_00326,0.05209151632907675,0.042810440879318706,5,410
ASV_00327,0.06380980742505456,0.020623257837685746,3,410
ASV_00328,0.062254740854244796,0.042899149249209644,5,410
ASV_00329,0.06391955335617305,0.010145889544775796,3,410
ASV_00330,0.12731709596870033,0.01665438286013804,3,410
ASV_00331,0.06602942275325106,0.044182240244779555,7,410
ASV_00332,0.05984701676714869,0.02004186649950963,3,410
ASV_00333,0.05222608343989824,0.05126157873759336,5,410
ASV_00334,0.07153660180863279,0.02634133258827213,3,410
ASV_00335,0.06411645167517752,0.042528106744084075,7,410
ASV_00336,0.07248503064254454,0.06755879176225153,4,410
ASV_00337,0.07222471279854999,0.05087205415679996,5,410
ASV_00338,0.06770874231121582,0.017287769619029062,3,410
ASV_00339,0.056105832940278044,0.02324642010463752,3,410
ASV_00340,0.07556318400517764,0.08300123135986605,4,410
ASV_00341,0.08614396089133608,0.03420246263130903,4,410
ASV_00342,0.06433454009273386,0.02490008306542964,6,410
ASV_00343,0.11731843575418988,NA,2,410
ASV_00345,0.07028795611740807,0.0615787278555413,4,410
ASV_00346,0.0634920634920636,NA,2,410
ASV_00348,0.06428571428571428,NA,2,410
ASV_00349,0.07509288315420341,0.043927643441420534,3,410
ASV_00350,0.08101441472513016,0.04761612647202993,5,410
ASV_00351,0.06552670050427893,0.018518416041860622,3,410
ASV_00352,0.05520497242786686,0.041185228081890075,5,410
ASV_00353,0.09917355371900827,NA,2,410
ASV_00354,0.06127145739499401,0.03642158574831103,4,410
ASV_00355,0.0990505410298237,0.038337845921832564,4,410
ASV_00356,0.06772917480419538,0.03859938121443483,7,410
ASV_00359,0.09141358211125654,0.04763850104000718,3,410
ASV_00360,0.07657159264210685,0.01729489045765812,3,410
ASV_00361,0.07496367208297666,0.010768167745116498,4,410
ASV_00363,0.04977375565610864,NA,2,410
ASV_00364,0.03759398496240607,NA,2,410
ASV_00365,0.08893313789603847,0.04406482384653017,6,410
ASV_00367,0.05365628112106983,0.01641681815700371,3,410
ASV_00368,0.1086554195842631,0.034622596018487745,4,410
ASV_00369,0.08545532875723764,0.04419872893979055,4,410
ASV_00370,0.08192090395480223,NA,2,410
ASV_00371,0.06045936405801644,0.007230329967678657,3,410
ASV_00372,0.0547945205479452,NA,2,410
ASV_00373,0.10288356618941984,0.044855741163988064,5,410
ASV_00374,0.07150432419361148,0.019113950483082304,3,410
ASV_00376,0.0712633485721034,0.04331285425795697,5,410
ASV_00377,0.060406000681837047,0.0473889990077354,5,410
ASV_00378,0.08990836639948308,0.04259960723940644,4,410
ASV_00379,0.03098854838234862,0.021625001343225855,3,410
ASV_00380,0.11105213410651477,0.07064345658740817,4,410
ASV_00381,0.07484839909997439,0.04812168917466441,5,410
ASV_00382,0.05433231710250447,0.03520672939583932,5,410
ASV_00384,0.06118724111987334,0.05263014902905846,7,410
ASV_00385,0.042286689711778014,0.02410842905134634,4,410
ASV_00386,0.10280373831775702,NA,2,410
ASV_00387,0.09769684889358701,0.052298960206315186,5,410
ASV_00388,0.06666666666666665,NA,2,410
ASV_00389,0.05882352941176472,NA,2,410
ASV_00390,0.11590961034772208,0.05495651841881011,4,410
ASV_00391,0.08540157520463389,0.037753084571609245,4,410
ASV_00392,0.04597601522086368,0.018535116025894232,4,410
ASV_00393,0.08582090474531755,0.035196577551150736,4,410
ASV_00394,0.0708333333333333,NA,2,410
ASV_00395,0.030316363719619505,0.028969114208001738,4,410
ASV_00397,0.1263035522577507,0.0879750553864325,3,410
ASV_00398,0.09460297217351255,0.007575645175423441,3,410
ASV_00399,0.057329683357418594,0.05666869630596873,4,410
ASV_00400,0.07388854334143091,0.015649359127549854,3,410
ASV_00402,0.06395880846755642,0.05699748333375304,5,410
ASV_00404,0.03516394351402783,0.025696598344392824,4,410
ASV_00406,0.07966167627275082,0.046025275023891025,5,410
ASV_00407,0.06808510638297882,NA,2,410
ASV_00409,0.061797752808988804,NA,2,410
ASV_00410,0.08112559613148877,0.028283779840886047,5,410
ASV_00411,0.08756055923283144,0.053879070694095456,4,410
ASV_00415,0.05026481338737351,0.01773647867679041,3,410
ASV_00416,0.09186617695248385,0.060346982848466464,4,410
ASV_00417,0.07327586206896564,NA,2,410
ASV_00419,0.11111111111111105,NA,2,410
ASV_00421,0.06574368444886658,0.04093337128928414,5,410
ASV_00422,0.12536443148688048,NA,2,410
ASV_00424,0.06134969325153372,NA,2,410
ASV_00425,0.07092606081061395,0.07041184201058602,5,410
ASV_00426,0.08455976472721834,0.02745286345654316,5,410
ASV_00428,0.12195980504107569,0.07036607215890016,3,410
ASV_00429,0.1198760121457489,0.08271324461997119,3,410
ASV_00431,0.03448275862068961,NA,2,410
ASV_00435,0.074811331707883455,0.01497205657827488,3,410
ASV_00436,0.06690140845070425,NA,2,410
ASV_00437,0.08315016717529979,0.03457507107472454,4,410
ASV_00438,0.02486373373354774,0.0171338785757074,4,410
ASV_00440,0.13833992094861658,NA,2,410
ASV_00441,0.02780904787846461,0.015776160058183393,4,410
ASV_00442,0.06964813352594347,0.04491716331306399,5,410
ASV_00443,0.12130177514792895,NA,2,410
ASV_00444,0.10825295785033023,0.044096515089210524,4,410
ASV_00445,0.17021276595744672,NA,2,410
ASV_00447,0.054501950234399285,0.03894476909049071,6,410
ASV_00449,0.058880663929216905,0.06045864669730979,3,410
ASV_00450,0.06060606060606066,NA,2,410
ASV_00451,0.14224137931034475,NA,2,410
ASV_00452,0.07833779553218248,0.06404537184888327,7,410
ASV_00453,0.1105527638190954,NA,2,410
ASV_00454,0.13028969598479562,0.059501431814582416,4,410
ASV_00455,0.17808219178082185,NA,2,410
ASV_00456,0.0852713178294574,NA,2,410
ASV_00457,0.07082152974504252,NA,2,410
ASV_00458,0.06239448506546138,0.06535459779066355,4,410
ASV_00459,0.05063291139240511,NA,2,410
ASV_00460,0.030000000000000027,NA,2,410
ASV_00461,0.08675765464209562,0.05683507168908422,3,410
ASV_00462,0.06060606060606066,NA,2,410
ASV_00463,0.12568306010928965,NA,2,410
ASV_00464,0.05882816240310603,0.03541763575394684,7,410
ASV_00467,0.0357142857142857,NA,2,410
ASV_00468,0.07656941370793192,0.03327392431808407,4,410
ASV_00471,0.0668290386079714,0.02971803530000387,4,410
ASV_00472,0.07092198581560283,NA,2,410
ASV_00474,0.11945293248987118,0.03645463572283377,5,410
ASV_00475,0.08695099532573947,0.027818661003072027,4,410
ASV_00476,0.13998695185296176,0.03503088379876495,3,410
ASV_00477,0.08441558269542598,0.043676528497986866,5,410
ASV_00478,0.06412714005865239,0.018016037775477337,3,410
ASV_00479,0.047826086956521685,NA,2,410
ASV_00481,0.04446213989040856,0.0026065940214498482,3,410
ASV_00482,0.0406534306659847,0.04238328665546418,3,410
ASV_00483,0.11208175672251669,0.04632623550866113,5,410
ASV_00484,0.039215686274509776,NA,2,410
ASV_00486,0.08385888307525141,0.039452206006813755,5,410
ASV_00487,0.06545492142988425,0.02353913300607081,4,410
ASV_00490,0.10436839270658937,0.06810952908421639,5,410
ASV_00493,0.09163225516040514,0.030160556037977876,6,410
ASV_00494,0.08511470142403182,0.04924342079251788,5,410
ASV_00495,0.11221908604439694,0.06206996944109914,5,410
ASV_00496,0.026881720430107614,NA,2,410
ASV_00497,0.06893250340248118,0.01626945227934994,3,410
ASV_00499,0.11436170212765961,NA,2,410
ASV_00501,0.07273817061132956,0.05903918389674239,5,410
ASV_00502,0.02020202020202022,NA,2,410
ASV_00504,0.05685938217129024,0.03626343696551452,6,410
ASV_00505,0.12499999999999989,NA,2,410
ASV_00506,0.1362397820163488,NA,2,410
ASV_00507,0.12979418242576135,0.07966375573893408,3,410
ASV_00508,0.0836087677929346,0.04129004104559661,4,410
ASV_00510,0.07766990291262144,NA,2,410
ASV_00511,0.06918000774273154,0.03727653088238792,3,410
ASV_00512,0.13144986595180438,0.05621338941545043,3,410
ASV_00513,0.13717288930073138,0.05974467221884183,3,410
ASV_00514,0.10593220338983056,NA,2,410
ASV_00517,0.09230216190043752,0.04405688677856035,5,410
ASV_00520,0.03653786206810561,0.01579203255772551,3,410
ASV_00522,0.09651474530831106,NA,2,410
ASV_00524,0.08240794855042223,0.05680079148864144,4,410
ASV_00527,0.033506635907951686,0.02056949171549438,4,410
ASV_00528,0.2442748091603053,NA,2,410
ASV_00529,0.12629257141691982,0.05992165341791425,4,410
ASV_00530,0.13011665837606182,0.02073150188798608,3,410
ASV_00531,0.08379888268156432,NA,2,410
ASV_00534,0.04060913705583746,NA,2,410
ASV_00535,0.11856261142927989,0.037458821087773736,3,410
ASV_00536,0.060115758589908065,0.004662683391654119,3,410
ASV_00537,0.1449704142011834,NA,2,410
ASV_00538,0.11297164421129595,0.007196809810073466,3,410
ASV_00541,0.07268612348093417,0.04767687515638021,5,410
ASV_00542,0.07124743347187307,0.06129482387272419,4,410
ASV_00543,0.06969754722222161,0.018284166173116904,4,410
ASV_00546,0.10397246343308449,0.068508901586212,3,410
ASV_00548,0.062382647216674636,0.047507616994057686,4,410
ASV_00550,0.07366459896892229,0.058397320173735064,5,410
ASV_00551,0.1324324324324324,NA,2,410
ASV_00552,0.06048387096774199,NA,2,410
ASV_00554,0.0932832774946876,0.0417791157526559,5,410
ASV_00555,0.05769438243275767,0.012314851198267435,3,410
ASV_00556,0.10845607471509493,0.04181545268915242,3,410
ASV_00557,0.056956068503350665,0.028645921402738004,3,410
ASV_00559,0.06629019251917605,0.009039060683105725,3,410
ASV_00563,0.08603398953584258,0.042146315128338586,4,410
ASV_00564,0.13953488372093026,NA,2,410
ASV_00566,0.07535221452862613,0.028313284776111974,3,410
ASV_00568,0.08853614846509095,0.0484559758635282,3,410
ASV_00569,0.1331444759206799,NA,2,410
ASV_00570,0.06264107448234225,0.0417863679515035,6,410
ASV_00571,0.08762886597938135,NA,2,410
ASV_00572,0.026533710217755486,0.016263343523194324,3,410
ASV_00574,0.06713338523263686,0.05052145702424118,6,410
ASV_00575,0.06548183340614533,0.023442592906992268,3,410
ASV_00576,0.13918988520152875,0.07660598588846598,4,410
ASV_00577,0.12341772151898733,NA,2,410
ASV_00581,0.06897112720121568,0.03081291582451099,3,410
ASV_00583,0.16216216216216217,NA,2,410
ASV_00584,0.08203125000000011,NA,2,410
ASV_00587,0.09241314361359242,0.04305237671270855,5,410
ASV_00589,0.10238095238095235,NA,2,410
ASV_00591,0.07317073170731714,NA,2,410
ASV_00593,0.016528925619834656,NA,2,410
ASV_00594,0.0842696629213483,NA,2,410
ASV_00595,0.081473926321808,0.05944821324347223,4,410
ASV_00596,0.08196721311475419,NA,2,410
ASV_00600,0.07989920171056404,0.024056035519978366,3,410
ASV_00601,0.045226130653266305,NA,2,410
ASV_00603,0.09246013165130378,0.03708490670874433,3,410
ASV_00604,0.07009345794392519,NA,2,410
ASV_00607,0.11314331179626279,0.03360234076163017,4,410
ASV_00610,0.08878504672897192,NA,2,410
ASV_00611,0.13333333333333341,NA,2,410
ASV_00612,0.1457142857142858,NA,2,410
ASV_00613,0.08522727272727271,NA,2,410
ASV_00615,0.09236947791164662,NA,2,410
ASV_00618,0.09877957917173603,0.08389780890815739,3,410
ASV_00620,0.10195103356917008,0.05405019090037474,4,410
ASV_00621,0.1004566210045662,NA,2,410
ASV_00622,0.10291072637640687,0.029983940181241456,4,410
ASV_00626,0.04255319148936165,NA,2,410
ASV_00627,0.09584292128391937,0.053938225744044194,4,410
ASV_00628,0.12722871275006542,0.05689481806760082,3,410
ASV_00630,0.04991515748820844,0.01754431274684068,4,410
ASV_00633,0.048648648648648596,NA,2,410
ASV_00635,0.11106797378845855,0.050050349788319834,4,410
ASV_00636,0.010204081632652962,NA,2,410
ASV_00638,0.09098751688946805,0.012949670665222414,4,410
ASV_00640,0.11434468496329538,0.035798385294401436,3,410
ASV_00641,0.10470477810896689,0.03349680159939829,5,410
ASV_00643,0.08583212995932013,0.05133221440410955,5,410
ASV_00644,0.0921052631578948,NA,2,410
ASV_00645,0.07045469374920571,0.034943248782291686,4,410
ASV_00647,0.03980099502487555,NA,2,410
ASV_00649,0.1127819548872181,NA,2,410
ASV_00651,0.1185041100526714,0.06007716750794713,4,410
ASV_00654,0.054290027337638484,0.044093116935055986,6,410
ASV_00656,0.08284169172979612,0.057207729137006294,6,410
ASV_00657,0.042735042735042805,NA,2,410
ASV_00662,0.044547548853768916,0.014698789887848666,3,410
ASV_00665,0.03809523809523807,NA,2,410
ASV_00666,0.07097328675868664,0.039356241618922413,3,410
ASV_00671,0.07022601407227463,0.042529381934447996,5,410
ASV_00673,0.06632147439098406,0.030192435081819236,3,410
ASV_00676,0.06435643564356441,NA,2,410
ASV_00679,0.2857142857142857,NA,2,410
ASV_00682,0.023121387283236983,NA,2,410
ASV_00683,0.14335664335664333,NA,2,410
ASV_00686,0.049068135264164314,0.009870168540539187,3,410
ASV_00688,0.07526881720430101,NA,2,410
ASV_00689,0.054965507886679865,0.027753452422698836,3,410
ASV_00690,0.1393939393939393,NA,2,410
ASV_00693,0.04938271604938271,NA,2,410
ASV_00697,0.15040188540509977,0.008029384463836045,3,410
ASV_00700,0.0357142857142857,NA,2,410
ASV_00704,0.07954545454545459,NA,2,410
ASV_00705,0.0410256410256411,NA,2,410
ASV_00709,0.07033753301988539,0.010341169763657409,3,410
ASV_00712,0.09842519685039364,NA,2,410
ASV_00714,0.08641975308641969,NA,2,410
ASV_00721,0.06492815818294717,0.03649817314798149,4,410
ASV_00723,0.04965266570108292,0.04780653035101186,3,410
ASV_00726,0.05608935898943793,0.014711462298588092,3,410
ASV_00727,0.059715420965855394,0.06775516343747412,5,410
ASV_00728,0.05814870722413531,0.04298179324676659,3,410
ASV_00732,0.06661971073808744,0.06460998330248535,3,410
ASV_00733,0.1071428571428572,NA,2,410
ASV_00736,0.0747459985165874,0.0629576188653441,3,410
ASV_00737,0.06164383561643827,NA,2,410
ASV_00743,0.050833718555237516,0.006700303613989169,3,410
ASV_00744,0.06818181818181812,NA,2,410
ASV_00746,0.14957264957264949,NA,2,410
ASV_00747,0.06832298136645965,NA,2,410
ASV_00751,0.07375156717630475,0.007429373919675795,3,410
ASV_00755,0.1302545553981157,0.09683197922357158,3,410
ASV_00757,0.0640482446391905,0.012890240589831783,3,410
ASV_00758,0.10040662034952168,0.03982928607155844,3,410
ASV_00761,0.0892857142857143,NA,2,410
ASV_00763,0.05506057250243294,0.0217524982529439,3,410
ASV_00764,0.08571428571428574,NA,2,410
ASV_00769,0.12108470103441715,0.07656100326398584,3,410
ASV_00770,0.08163265306122447,NA,2,410
ASV_00772,0.08977223909921454,0.05987004250165524,4,410
ASV_00774,0.053846153846153766,NA,2,410
ASV_00775,0.07777777777777783,NA,2,410
ASV_00778,0.15652173913043477,NA,2,410
ASV_00781,0.03846153846153855,NA,2,410
ASV_00782,0.007633587786259555,NA,2,410
ASV_00786,0.09644670050761417,NA,2,410
ASV_00789,0.1402439024390243,NA,2,410
ASV_00793,0.05357142857142849,NA,2,410
ASV_00795,0.03929759813161493,0.028118241536596655,3,410
ASV_00801,0.045569835441316466,0.02323736700406987,3,410
ASV_00804,0.09589041095890416,NA,2,410
ASV_00806,0.10585073504816296,0.04151714669946302,3,410
ASV_00807,0.05630779696624524,0.025163494885729963,4,410
ASV_00808,0.0625,NA,2,410
ASV_00809,0.051136363636363646,NA,2,410
ASV_00810,0.06493506493506485,NA,2,410
ASV_00812,0.07602339181286544,NA,2,410
ASV_00814,0.061828256132053595,0.016235196406233884,3,410
ASV_00815,0.1278195488721805,NA,2,410
ASV_00817,0.09658251319145143,0.04603728622917984,3,410
ASV_00821,0.08210674361647952,0.03785528660254697,3,410
ASV_00822,0.07182320441988943,NA,2,410
ASV_00825,0.03743315508021383,NA,2,410
ASV_00829,0.08267716535433067,NA,2,410
ASV_00832,0.09661835748792269,NA,2,410
ASV_00833,0.05294117647058827,NA,2,410
ASV_00834,0.02631578947368418,NA,2,410
ASV_00842,0.1067415730337079,NA,2,410
ASV_00843,0.057572693170058996,0.03265366038011416,4,410
ASV_00848,0.05791505791505791,NA,2,410
ASV_00852,0.078125,NA,2,410
ASV_00854,0.06944444444444442,NA,2,410
ASV_00865,0.07732141301057958,0.04092377624017024,4,410
ASV_00868,0.06060606060606066,NA,2,410
ASV_00874,0.05882352941176472,NA,2,410
ASV_00880,0.08048354382250193,0.01901723432956917,4,410
ASV_00881,0.033742331288343586,NA,2,410
ASV_00888,0.06508236260860056,0.0215306483883253,3,410
ASV_00890,0.08097879535347603,0.05041207504784065,4,410
ASV_00891,0.032467184706683416,0.010595270723818764,3,410
ASV_00897,0.02580645161290318,NA,2,410
ASV_00910,0.08612440191387571,NA,2,410
ASV_00912,0.06825484981766143,0.05102517464298733,4,410
ASV_00920,0,NA,2,410
ASV_00928,0.02631578947368418,NA,2,410
ASV_00929,0.12258064516129019,NA,2,410
ASV_00930,0.07738095238095244,NA,2,410
ASV_00931,0.07729159351394177,0.005752512346499335,3,410
ASV_00952,0.040983606557377095,NA,2,410
ASV_00958,0.17721518987341767,NA,2,410
ASV_00959,0.10554984097530228,0.059503782316393056,4,410
ASV_00966,0.005681818181818121,NA,2,410
ASV_00973,0.17959183673469392,NA,2,410
ASV_00976,0.03488372093023251,NA,2,410
ASV_00978,0.0949720670391061,NA,2,410
ASV_00987,0.0752436280053893,0.04203382201348704,4,410
ASV_00996,0.053030303030303094,NA,2,410
ASV_01009,0.07272727272727264,NA,2,410
ASV_01022,0.062146892655367214,NA,2,410
ASV_01031,0.06390977443609025,NA,2,410
ASV_01040,0.05263157894736836,NA,2,410
ASV_01048,0.051150679939135614,0.0073222362365856514,3,410
ASV_01062,0.11676646706586824,NA,2,410
ASV_01065,0.10912490853162443,0.059051614932927834,4,410
ASV_01071,0.15339233038348077,NA,2,410
ASV_01074,0.07476635514018681,NA,2,410
ASV_01087,0.10732916490883408,0.05245166574621982,3,410
ASV_01090,0.05672528899966125,0.02853815869299555,4,410
ASV_01094,0.07894736842105254,NA,2,410
ASV_01101,0.1166937474373938,0.042926018832046914,3,410
ASV_01111,0.08837209302325588,NA,2,410
ASV_01152,0.028806584362139898,NA,2,410
ASV_01159,0.046242774566473965,NA,2,410
ASV_01169,0.041884816753926746,NA,2,410
ASV_01178,0.05739528570675415,0.028109778443059837,3,410
ASV_01188,0.08636363636363631,NA,2,410
ASV_01204,0.09344958729381984,0.045902018990684496,4,410
ASV_01208,0.078125,NA,2,410
ASV_01249,0.10144927536231896,NA,2,410
ASV_01250,0.24053452115812912,NA,2,410
ASV_01288,0.10876105702541787,0.04290423236568734,3,410
ASV_01328,0.07418414092972465,0.04719678010589162,3,410
ASV_01368,0.1405228758169934,NA,2,410
ASV_01417,0.11330049261083741,NA,2,410
ASV_01458,0.0798319327731093,NA,2,410
ASV_01483,0.13145539906103276,NA,2,410
ASV_01503,0.08733206664206856,0.05333226309874658,3,410
ASV_01556,0.05696202531645567,NA,2,410
ASV_01558,0.05600000000000005,NA,2,410
